"n_requested","data.name","DIFS","FEAST","GateOnly","Seurat","Variance","rank_gain","best_base","margin"
0,"Baron",0.515326248709677,0.525664999859229,0.536044134163003,0.589447438343353,0.537108365378932,-0.021,0.589447438343353,-0.074
100,"Baron",0.65401641569732,0.659430912104286,0.475333232290418,0.593481471966191,0.545369592131302,0.179,0.659430912104286,-0.005
200,"Baron",0.556076481485916,0.562572624058327,0.544601873402725,0.528239540126748,0.535129804110798,0.011,0.562572624058327,-0.006
300,"Baron",0.602541633341523,0.60991606366756,0.48982624102734,0.643352085516592,0.53119796134191,0.113,0.643352085516592,-0.041
500,"Baron",0.542073299297935,0.577084059021962,0.494973582108372,0.644608082556472,0.525358662168916,0.047,0.644608082556472,-0.103
750,"Baron",0.526792665687774,0.572517686834561,0.526178068239131,0.682453449239141,0.540270867167484,0.001,0.682453449239141,-0.156
1000,"Baron",0.529012555781963,0.573374324304127,0.5345153806685,0.61337454034358,0.529312943210133,-0.006,0.61337454034358,-0.084
1500,"Baron",0.545137776209039,0.52424897539427,0.527942630123453,0.57903897883779,0.525004835752344,0.017,0.57903897883779,-0.034
2500,"Baron",0.519500966329829,0.530374740624504,0.536044134163003,0.570320923529989,0.546373593248306,-0.017,0.570320923529989,-0.051
0,"Darmanis",0.676673723681993,0.644706800130689,0.633424410001584,0.648374744763057,0.639037438628988,0.043,0.648374744763057,0.028
100,"Darmanis",0.602386209041471,0.337026392714098,0.524624192873945,0.529494331433487,0.664466506529621,0.078,0.664466506529621,-0.062
200,"Darmanis",0.614616448010204,0.668339894754782,0.5494030513467,0.518656643681625,0.667571269678064,0.065,0.668339894754782,-0.054
300,"Darmanis",0.657741608040316,0.722248323618111,0.612167944131461,0.573146981041446,0.622932122845905,0.046,0.722248323618111,-0.065
500,"Darmanis",0.614890534979855,0.721814531551704,0.604128003492297,0.645460749597199,0.612704533291671,0.011,0.721814531551704,-0.107
750,"Darmanis",0.642054721369652,0.705705887156608,0.577359194994631,0.650212486019749,0.629204924685428,0.065,0.705705887156608,-0.064
1000,"Darmanis",0.6234718494784,0.721967857324683,0.585982893675238,0.724730673424364,0.634285723528653,0.037,0.724730673424364,-0.101
1500,"Darmanis",0.673035722602549,0.695479642882019,0.624074152800465,0.61930068766229,0.692972896184337,0.049,0.695479642882019,-0.022
2500,"Darmanis",0.669102998781629,0.643047103187892,0.633424410001584,0.657734135988709,0.672496575487952,0.036,0.672496575487952,-0.003
0,"Fletcher",0.797105129161808,0.728448989189529,0.773663674961167,0.751477544769307,0.76425495036269,0.023,0.76425495036269,0.033
100,"Fletcher",0.66343973644711,0.500620237641796,0.395279546669485,0.612813658185231,0.580793260620279,0.268,0.612813658185231,0.051
200,"Fletcher",0.714409826318019,0.635808975424271,0.484178884395023,0.612478998512613,0.677707834893426,0.23,0.677707834893426,0.037
300,"Fletcher",0.794747334742265,0.741798941289754,0.593515865404257,0.65374985796962,0.708370888820746,0.201,0.741798941289754,0.053
500,"Fletcher",0.773206939972738,0.772892370690523,0.654482974114916,0.664713120111307,0.704406754731071,0.119,0.772892370690523,0
750,"Fletcher",0.803338871478977,0.733535803135688,0.673478200426565,0.657409971608717,0.724436539759149,0.13,0.733535803135688,0.07
1000,"Fletcher",0.782236915246828,0.763366647124307,0.729810237502271,0.696288366502007,0.760558969261323,0.052,0.763366647124307,0.019
1500,"Fletcher",0.763973483692244,0.742707066945565,0.750091183783422,0.677469269500487,0.738033515214789,0.014,0.742707066945565,0.021
2500,"Fletcher",0.8003672296212,0.731105307395818,0.745908281263017,0.751477544769307,0.757370059143552,0.054,0.757370059143552,0.043
0,"Koh",0.963473612689396,0.98420823743568,0.952624878310279,0.940437599103835,0.991575854098081,0.011,0.991575854098081,-0.028
100,"Koh",0.988675635479534,0.891835139267011,0.82211514700899,0.884503391440959,0.906618617180455,0.167,0.906618617180455,0.082
200,"Koh",0.95980754881017,0.971621938372979,0.914524267759511,0.919509822609927,0.966424901944391,0.045,0.971621938372979,-0.012
300,"Koh",0.963691197410938,0.964756439266727,0.937334465296721,0.926796362495884,0.960730322946939,0.026,0.964756439266727,-0.001
500,"Koh",0.95203409793271,0.991426109734245,0.945570941356711,0.932081685888906,0.985781515832014,0.006,0.991426109734245,-0.039
750,"Koh",0.963510423614407,0.986465426868141,0.949412498119967,0.953655795259343,0.966785798977089,0.014,0.986465426868141,-0.023
1000,"Koh",0.963473612689396,0.98989251089453,0.949930773739274,0.923190965240634,0.967926766349828,0.014,0.98989251089453,-0.026
1500,"Koh",0.965643745142665,0.985072991812072,0.952624878310279,0.932676543646918,0.966445828980312,0.013,0.985072991812072,-0.019
2500,"Koh",0.963801746242112,0.983054463090115,0.952624878310279,0.958904947188799,0.967834941676953,0.011,0.983054463090115,-0.019
0,"Kumar",0.987882389832053,0.987882389832053,0.987882389832053,0.975112719365272,0.988407305706051,0,0.988407305706051,-0.001
100,"Kumar",0.994385734408113,0.980446036697578,0.994385734408113,0.962008842510459,0.988850457984041,0,0.988850457984041,0.006
200,"Kumar",0.994385734408113,0.99345574086562,0.994385734408113,0.975038428975318,0.988850457984041,0,0.99345574086562,0.001
300,"Kumar",0.994385734408113,0.99345574086562,0.987882389832053,0.980907369781716,0.988407305706051,0.007,0.99345574086562,0.001
500,"Kumar",0.994385734408113,0.99345574086562,0.987882389832053,0.975112719365272,0.988407305706051,0.007,0.99345574086562,0.001
750,"Kumar",0.987882389832053,0.987882389832053,0.987882389832053,0.981873144851124,0.988407305706051,0,0.988407305706051,-0.001
1000,"Kumar",0.987882389832053,0.99345574086562,0.987882389832053,0.987882389832053,0.994385734408113,0,0.994385734408113,-0.007
1500,"Kumar",0.987882389832053,0.994385734408113,0.987882389832053,0.987882389832053,1,0,1,-0.012
2500,"Kumar",0.987882389832053,1,0.987882389832053,0.994385734408113,1,0,1,-0.012
0,"Lawlor",0.731254958253341,0.740933933260703,0.651798908994431,0.640534622518739,0.830624048269771,0.079,0.830624048269771,-0.099
100,"Lawlor",0.638015833661405,0.702798322443251,0.304233047583886,0.482918415686243,0.668361154259587,0.334,0.702798322443251,-0.065
200,"Lawlor",0.825560541262872,0.729765284636905,0.328970453176784,0.439145698199022,0.730380404832381,0.497,0.730380404832381,0.095
300,"Lawlor",0.725211515206542,0.740099034431491,0.435626174283443,0.52882888749524,0.7115563337085,0.29,0.740099034431491,-0.015
500,"Lawlor",0.797142108638818,0.732364937472153,0.577479098652395,0.655904578922939,0.817169078949291,0.22,0.817169078949291,-0.02
750,"Lawlor",0.722694305195754,0.731656128813121,0.6004391853542,0.506224282637825,0.735808897540224,0.122,0.735808897540224,-0.013
1000,"Lawlor",0.730426780686888,0.722838292528096,0.596010688711215,0.641798542277922,0.625584632906673,0.134,0.722838292528096,0.008
1500,"Lawlor",0.736875148218188,0.721540530235823,0.597158188108205,0.601851187286106,0.739498601510734,0.14,0.739498601510734,-0.003
2500,"Lawlor",0.680025504155758,0.724332645702176,0.651798908994431,0.663036614701786,0.730591056495735,0.028,0.730591056495735,-0.051
0,"Muraro",0.700141068179762,0.723688549777387,0.700992255426877,0.800230315079871,0.688762077196942,-0.001,0.800230315079871,-0.1
100,"Muraro",0.708532642355316,0.790068142809659,0.614006766498297,0.297339197575246,0.804328052614358,0.095,0.804328052614358,-0.096
200,"Muraro",0.817308603095917,0.797243320696097,0.678951207443388,0.38800314819467,0.822270569561204,0.138,0.822270569561204,-0.005
300,"Muraro",0.698460583333262,0.822170962006173,0.711345899290685,0.720331968152945,0.719174491884819,-0.013,0.822170962006173,-0.124
500,"Muraro",0.70156721701997,0.824223107054622,0.677081862446334,0.769593640262283,0.726243951849872,0.024,0.824223107054622,-0.123
750,"Muraro",0.69901347404164,0.72345780818164,0.703658266650569,0.780763303303118,0.723809101338403,-0.005,0.780763303303118,-0.082
1000,"Muraro",0.699681885415901,0.72641687586091,0.701064700805748,0.779710878853343,0.701753671406526,-0.001,0.779710878853343,-0.08
1500,"Muraro",0.737320163174832,0.72507211149236,0.700992255426877,0.809968442515842,0.701182574128416,0.036,0.809968442515842,-0.073
2500,"Muraro",0.702871917898918,0.698590586732536,0.700992255426877,0.817415380064806,0.702862280239654,0.002,0.817415380064806,-0.115
0,"Romanov",0.621943696882019,0.584778002742218,0.596501256325618,0.684960319359868,0.594637627936421,0.025,0.684960319359868,-0.063
100,"Romanov",0.54984373969472,0.5076626141958,0.530801977274189,0.581450640754429,0.545840672396621,0.019,0.581450640754429,-0.032
200,"Romanov",0.542911129949049,0.528939089352512,0.540774255907435,0.632793112544584,0.555765880748748,0.002,0.632793112544584,-0.09
300,"Romanov",0.567365081350394,0.553766378575304,0.6147202914969,0.64639489036985,0.553366123825811,-0.047,0.64639489036985,-0.079
500,"Romanov",0.613949121910249,0.602993683324274,0.549444620981195,0.662009233543097,0.55829177404679,0.065,0.662009233543097,-0.048
750,"Romanov",0.566513896680712,0.567887217226308,0.57482452315629,0.706238596309529,0.568527003442165,-0.008,0.706238596309529,-0.14
1000,"Romanov",0.581364144970575,0.562765115901154,0.553721668107636,0.729523633488092,0.592756536227427,0.028,0.729523633488092,-0.148
1500,"Romanov",0.630654206654974,0.570773102675775,0.576659916331249,0.705801834518737,0.591718429813161,0.054,0.705801834518737,-0.075
2500,"Romanov",0.624994719853624,0.595626006533816,0.596501256325618,0.671133841659481,0.580548125569266,0.028,0.671133841659481,-0.046
0,"SimKumar4easy",1,0.814476716024768,1,0.998094930195473,1,0,1,0
100,"SimKumar4easy",1,0.77014777464042,0.997415852923151,0.803481728344576,1,0.003,1,0
200,"SimKumar4easy",1,0.850543506402715,1,0.971749143715748,1,0,1,0
300,"SimKumar4easy",1,0.991653322711924,1,0.976264921696814,1,0,1,0
500,"SimKumar4easy",1,0.998076601267035,1,1,1,0,1,0
750,"SimKumar4easy",1,1,1,1,1,0,1,0
1000,"SimKumar4easy",1,1,1,1,1,0,1,0
1500,"SimKumar4easy",1,1,1,1,1,0,1,0
2500,"SimKumar4easy",1,1,1,1,1,0,1,0
0,"SimKumar4hard",1,-0.0085540174679068,1,0.979103637392833,1,0,1,0
100,"SimKumar4hard",1,-0.00626544858527238,0.757604075339344,0.40529720507753,1,0.242,1,0
200,"SimKumar4hard",1,-0.00283099037495901,0.992790270409186,0.644771437451581,1,0.007,1,0
300,"SimKumar4hard",1,-0.00710290984254119,1,0.799683058298742,1,0,1,0
500,"SimKumar4hard",1,-0.00686270935533639,1,0.969785471267981,1,0,1,0
750,"SimKumar4hard",1,-0.00802399130715239,1,0.972042527029111,1,0,1,0
1000,"SimKumar4hard",1,0.0140263865300368,1,0.989224532930896,1,0,1,0
1500,"SimKumar4hard",1,0.0131803272679614,1,1,1,0,1,0
2500,"SimKumar4hard",1,0.0538746184132109,1,1,1,0,1,0
0,"Trapnell",0.431250695295449,0.298648109884354,0.448741016095738,0.24358043202251,0.421948171712232,-0.017,0.421948171712232,0.009
100,"Trapnell",0.315360687706812,0.159898522201395,0.219807571330781,0.250810214527525,0.283873832487531,0.096,0.283873832487531,0.031
200,"Trapnell",0.321847649150548,0.103708243842984,0.262321071348807,0.152386399639817,0.432708188716642,0.06,0.432708188716642,-0.111
300,"Trapnell",0.438694760000548,0.140750155544733,0.320294030172803,0.249833051168738,0.437829646302367,0.118,0.437829646302367,0.001
500,"Trapnell",0.424991597588293,0.153532054774069,0.445171748152814,0.304314608069007,0.42452631487029,-0.02,0.42452631487029,0
750,"Trapnell",0.436538881080578,0.314419449516641,0.450207397084983,0.304992113961003,0.426960705100384,-0.014,0.426960705100384,0.01
1000,"Trapnell",0.43723838759986,0.298648109884354,0.448741016095738,0.301467474695496,0.431693047931953,-0.012,0.431693047931953,0.006
1500,"Trapnell",0.42434181955959,0.302218028174517,0.448741016095738,0.361741880879055,0.432356151093459,-0.024,0.432356151093459,-0.008
2500,"Trapnell",0.42434181955959,0.30339874307502,0.448741016095738,0.355065351962625,0.431693047931953,-0.024,0.431693047931953,-0.007
0,"Zhengmix4eq",0.983382844698904,0.981380217035423,0.981108210271677,0.692064568025235,0.983708030703511,0.002,0.983708030703511,0
100,"Zhengmix4eq",0.819522679151754,0.835271501130954,0.45261055157934,0.689959931062474,0.697500429683587,0.367,0.835271501130954,-0.016
200,"Zhengmix4eq",0.832874384390388,0.979404897895122,0.674307334508845,0.698226633071348,0.967795165307649,0.159,0.979404897895122,-0.147
300,"Zhengmix4eq",0.834601373773983,0.834591300878129,0.700254038563912,0.6925032755573,0.968120496927788,0.134,0.968120496927788,-0.134
500,"Zhengmix4eq",0.841972826127144,0.982733463084849,0.83137306469633,0.691877340204744,0.976836342827093,0.011,0.982733463084849,-0.141
750,"Zhengmix4eq",0.983043891176089,0.98206754736492,0.836320410213798,0.692033551548438,0.980745774043122,0.147,0.98206754736492,0.001
1000,"Zhengmix4eq",0.982041207140695,0.981072445184353,0.98075145227548,0.691824396704133,0.979126485622353,0.001,0.981072445184353,0.001
1500,"Zhengmix4eq",0.983367226555287,0.98271553900185,0.98274489739436,0.697515484740401,0.979798033628618,0.001,0.98271553900185,0.001
2500,"Zhengmix4eq",0.983368840129957,0.981703375808196,0.981108210271677,0.697758630777137,0.980091984502595,0.002,0.981703375808196,0.002
0,"Zhengmix8eq",0.752313953087494,0.759955603330732,0.748757517303842,0.531309007174431,0.744427492538393,0.004,0.759955603330732,-0.008
100,"Zhengmix8eq",0.565869230856287,0.45228789361982,0.196132488542397,0.471713629749976,0.564936981273561,0.37,0.564936981273561,0.001
200,"Zhengmix8eq",0.650107075343208,0.517311791184609,0.373430264652736,0.462477085449724,0.656860793548132,0.277,0.656860793548132,-0.007
300,"Zhengmix8eq",0.672487687731563,0.606739621256772,0.480044905942726,0.473592092174016,0.699370298177832,0.192,0.699370298177832,-0.027
500,"Zhengmix8eq",0.687024769191826,0.742204436565596,0.533083420394496,0.50234633736505,0.716876713409177,0.154,0.742204436565596,-0.055
750,"Zhengmix8eq",0.738149171425872,0.755037718377543,0.691648893303251,0.516646836488944,0.728339602538316,0.047,0.755037718377543,-0.017
1000,"Zhengmix8eq",0.736258437695988,0.749896729051533,0.707641630107443,0.536125730073925,0.744539107748738,0.029,0.749896729051533,-0.014
1500,"Zhengmix8eq",0.726963172197151,0.767202461329576,0.746306031053359,0.529409826596146,0.738124319801344,-0.019,0.767202461329576,-0.04
2500,"Zhengmix8eq",0.760675279165066,0.762163813052098,0.748757517303842,0.543250553060384,0.749662102787742,0.012,0.762163813052098,-0.001
