"method","clust","k_policy","n","ARI","n_features","gate_n","found","target","k_hit","dropped"
"DIFS","Refined Louvain","true",100,0.551850382469491,100,1940,14,14,TRUE,0
"DIFS","Refined Louvain","true",200,0.538444848454247,200,1940,14,14,TRUE,0
"DIFS","Refined Louvain","true",300,0.575425836778816,300,1940,14,14,TRUE,0
"DIFS","Refined Louvain","true",500,0.520542461764284,500,1940,13,14,FALSE,0
"DIFS","Refined Louvain","true",750,0.496747141379758,750,1940,14,14,TRUE,0
"DIFS","Refined Louvain","true",1000,0.51126991022288,1000,1940,14,14,TRUE,0
"DIFS","Refined Louvain","true",1500,0.534407498162423,1500,1940,13,14,FALSE,0
"DIFS","Refined Louvain","true",2500,0.499409931260588,2500,1940,14,14,TRUE,0
"FEAST","Refined Louvain","true",100,0.532274691097211,100,1940,14,14,TRUE,0
"FEAST","Refined Louvain","true",200,0.585599929805954,200,1940,14,14,TRUE,0
"FEAST","Refined Louvain","true",300,0.592147985640595,300,1940,14,14,TRUE,0
"FEAST","Refined Louvain","true",500,0.584051878903005,500,1940,14,14,TRUE,0
"FEAST","Refined Louvain","true",750,0.573981257666233,750,1940,13,14,FALSE,0
"FEAST","Refined Louvain","true",1000,0.568272838982044,1000,1940,13,14,FALSE,0
"FEAST","Refined Louvain","true",1500,0.511860928101925,1500,1940,14,14,TRUE,0
"FEAST","Refined Louvain","true",2500,0.518426354405341,2500,1940,14,14,TRUE,0
"GateOnly","Refined Louvain","true",100,0.345754689463575,100,1940,14,14,TRUE,0
"GateOnly","Refined Louvain","true",200,0.405606006482994,200,1940,14,14,TRUE,0
"GateOnly","Refined Louvain","true",300,0.478809864416221,300,1940,14,14,TRUE,0
"GateOnly","Refined Louvain","true",500,0.485887025786449,500,1940,14,14,TRUE,0
"GateOnly","Refined Louvain","true",750,0.493517495765554,750,1940,14,14,TRUE,0
"GateOnly","Refined Louvain","true",1000,0.496184221322952,1000,1940,14,14,TRUE,0
"GateOnly","Refined Louvain","true",1500,0.494209717510643,1500,1940,14,14,TRUE,0
"GateOnly","Refined Louvain","true",2500,0.498550282917641,1940,1940,14,14,TRUE,0
"Seurat","Refined Louvain","true",100,0.27271284828482,100,1940,13,14,FALSE,0
"Seurat","Refined Louvain","true",200,0.526476028997345,200,1940,14,14,TRUE,0
"Seurat","Refined Louvain","true",300,0.561415318664332,300,1940,14,14,TRUE,0
"Seurat","Refined Louvain","true",500,0.581845982054346,500,1940,14,14,TRUE,0
"Seurat","Refined Louvain","true",750,0.634416625207295,750,1940,14,14,TRUE,0
"Seurat","Refined Louvain","true",1000,0.588347853255975,1000,1940,14,14,TRUE,0
"Seurat","Refined Louvain","true",1500,0.588414034004075,1500,1940,14,14,TRUE,0
"Seurat","Refined Louvain","true",2500,0.589740570540096,2500,1940,14,14,TRUE,0
"Variance","Refined Louvain","true",100,0.53769073995138,100,1940,14,14,TRUE,0
"Variance","Refined Louvain","true",200,0.533406307089764,200,1940,14,14,TRUE,0
"Variance","Refined Louvain","true",300,0.51804964198668,300,1940,14,14,TRUE,0
"Variance","Refined Louvain","true",500,0.506112285340281,500,1940,13,14,FALSE,0
"Variance","Refined Louvain","true",750,0.505148023252678,750,1940,13,14,FALSE,0
"Variance","Refined Louvain","true",1000,0.495472523177209,1000,1940,14,14,TRUE,0
"Variance","Refined Louvain","true",1500,0.499526606141332,1500,1940,14,14,TRUE,0
"Variance","Refined Louvain","true",2500,0.495774623281023,2500,1940,14,14,TRUE,0
"DIFS","SC3","true",100,0.75618244892515,100,1940,14,14,TRUE,3569
"DIFS","SC3","true",200,0.573708114517584,200,1940,14,14,TRUE,3569
"DIFS","SC3","true",300,0.629657429904229,300,1940,14,14,TRUE,3569
"DIFS","SC3","true",500,0.563604136831586,500,1940,14,14,TRUE,3569
"DIFS","SC3","true",750,0.55683818999579,750,1940,14,14,TRUE,3569
"DIFS","SC3","true",1000,0.546755201341046,1000,1940,14,14,TRUE,3569
"DIFS","SC3","true",1500,0.555868054255656,1500,1940,14,14,TRUE,3569
"DIFS","SC3","true",2500,0.539592001399071,2500,1940,14,14,TRUE,3569
"FEAST","SC3","true",100,0.78658713311136,100,1940,14,14,TRUE,3569
"FEAST","SC3","true",200,0.539545318310701,200,1940,14,14,TRUE,3569
"FEAST","SC3","true",300,0.627684141694525,300,1940,14,14,TRUE,3569
"FEAST","SC3","true",500,0.57011623914092,500,1940,14,14,TRUE,3569
"FEAST","SC3","true",750,0.571054116002889,750,1940,14,14,TRUE,3569
"FEAST","SC3","true",1000,0.57847580962621,1000,1940,14,14,TRUE,3569
"FEAST","SC3","true",1500,0.536637022686614,1500,1940,14,14,TRUE,3569
"FEAST","SC3","true",2500,0.542323126843668,2500,1940,14,14,TRUE,3569
"GateOnly","SC3","true",100,0.604911775117262,100,1940,14,14,TRUE,3569
"GateOnly","SC3","true",200,0.683597740322455,200,1940,14,14,TRUE,3569
"GateOnly","SC3","true",300,0.500842617638459,300,1940,14,14,TRUE,3569
"GateOnly","SC3","true",500,0.504060138430295,500,1940,14,14,TRUE,3569
"GateOnly","SC3","true",750,0.558838640712709,750,1940,14,14,TRUE,3569
"GateOnly","SC3","true",1000,0.572846540014049,1000,1940,14,14,TRUE,3569
"GateOnly","SC3","true",1500,0.561675542736263,1500,1940,14,14,TRUE,3569
"GateOnly","SC3","true",2500,0.573537985408364,1940,1940,14,14,TRUE,3569
"Seurat","SC3","true",100,0.914250095647562,100,1940,14,14,TRUE,3569
"Seurat","SC3","true",200,0.530003051256151,200,1940,14,14,TRUE,3569
"Seurat","SC3","true",300,0.725288852368851,300,1940,14,14,TRUE,3569
"Seurat","SC3","true",500,0.707370183058598,500,1940,14,14,TRUE,3569
"Seurat","SC3","true",750,0.730490273270986,750,1940,14,14,TRUE,3569
"Seurat","SC3","true",1000,0.638401227431185,1000,1940,14,14,TRUE,3569
"Seurat","SC3","true",1500,0.569663923671506,1500,1940,14,14,TRUE,3569
"Seurat","SC3","true",2500,0.550901276519882,2500,1940,14,14,TRUE,3569
"Variance","SC3","true",100,0.553048444311223,100,1940,14,14,TRUE,3569
"Variance","SC3","true",200,0.536853301131833,200,1940,14,14,TRUE,3569
"Variance","SC3","true",300,0.54434628069714,300,1940,14,14,TRUE,3569
"Variance","SC3","true",500,0.54460503899755,500,1940,14,14,TRUE,3569
"Variance","SC3","true",750,0.575393711082289,750,1940,14,14,TRUE,3569
"Variance","SC3","true",1000,0.563153363243058,1000,1940,14,14,TRUE,3569
"Variance","SC3","true",1500,0.550483065363356,1500,1940,14,14,TRUE,3569
"Variance","SC3","true",2500,0.596972563215588,2500,1940,14,14,TRUE,3569
