"cell_type","n_cells","share","can_pass_alone"
"t_cell",7,0.000816898121134321,FALSE
"schwann",13,0.00151709651067803,FALSE
"epsilon",18,0.00210059516863111,FALSE
"mast",25,0.00291749328976543,FALSE
"macrophage",55,0.00641848523748395,FALSE
"quiescent_stellate",173,0.0201890535651768,TRUE
"endothelial",252,0.0294083323608356,TRUE
"gamma",255,0.0297584315556074,TRUE
"activated_stellate",284,0.0331427237717353,TRUE
"delta",601,0.070136538685961,TRUE
"acinar",958,0.111798342863811,TRUE
"ductal",1077,0.125685610923095,TRUE
"alpha",2326,0.271443575679776,TRUE
"beta",2525,0.294666822266309,TRUE
