"feature","clusterer","n","ARI_stored","ARI_repaired","dARI","drop_stored","drop_repaired"
"DIFS","Refined Louvain",100,0.551850382469491,0.618259986815556,0.0664096043460655,0,0
"DIFS","SC3",100,0.75618244892515,0.791598546747094,0.0354160978219447,3569,0
"DIFS","SC3",1000,0.546755201341046,0.575222094955826,0.0284668936147807,3569,0
"GateOnly","SC3",100,0.604911775117262,0.595674300663674,-0.00923747445358747,3569,0
"FEAST","SC3",1000,0.57847580962621,0.56993986624065,-0.00853594338555963,3569,0
"Seurat","SC3",100,0.914250095647562,0.906509188397328,-0.00774090725023402,3569,0
"GateOnly","SC3",1000,0.572846540014049,0.565411931538219,-0.00743460847583,3569,0
"Variance","SC3",1000,0.563153363243058,0.557221156150385,-0.00593220709267239,3569,0
"Seurat","SC3",1000,0.638401227431185,0.633235447844405,-0.00516577958677966,3569,0
"DIFS","Refined Louvain",1000,0.51126991022288,0.514272320138128,0.00300240991524792,0,0
"FEAST","SC3",100,0.78658713311136,0.783817694068507,-0.00276943904285309,3569,0
"Variance","SC3",100,0.553048444311223,0.553111626411321,6.3182100098258e-05,3569,0
