"data.name","n","DIFS","DIFS_stage1only","GateOnly","ranking","stage2","indep"
"Baron",100,0.618259986815556,0.559670193523645,0.345754689463575,0.21391550406007,0.0585897932919111,TRUE
"Baron",300,0.537822433528317,0.522627607661547,0.478809864416221,0.0438177432453261,0.01519482586677,TRUE
"Baron",1000,0.514272320138128,0.495991637884913,0.496184221322952,-0.000192583438038962,0.0182806822532149,TRUE
"Darmanis",100,0.592417297291452,0.507688296854551,0.451742351497557,0.055945945356994,0.084729000436901,TRUE
"Darmanis",300,0.624047263040861,0.607729951361497,0.564955654632296,0.042774296729201,0.016317311679364,TRUE
"Darmanis",1000,0.571236952169625,0.562884422697453,0.516325264554112,0.046559158143341,0.00835252947217202,TRUE
"Fletcher",100,0.599847079604166,0.374238328491531,0.366799728627543,0.00743859986398798,0.225608751112635,TRUE
"Fletcher",300,0.810343468404158,0.476731629591704,0.53977555361236,-0.063043924020656,0.333611838812454,TRUE
"Fletcher",1000,0.76848180531742,0.651619716743545,0.692822355180252,-0.041202638436707,0.116862088573875,TRUE
"Koh",100,0.988345058506465,0.744590672145533,0.788973694068792,-0.044383021923259,0.243754386360932,TRUE
"Koh",300,0.978647478157131,0.926887901554884,0.945616904615052,-0.018729003060168,0.0517595766022471,TRUE
"Koh",1000,0.983050928179305,0.967865965636165,0.951126630813803,0.016739334822362,0.0151849625431399,TRUE
"Kumar",100,0.988771468816226,0.975764779664105,0.988771468816226,-0.013006689152121,0.013006689152121,TRUE
"Kumar",300,0.988771468816226,0.975764779664105,0.975764779664105,0,0.013006689152121,TRUE
"Kumar",1000,0.975764779664105,0.975764779664105,0.975764779664105,0,0,TRUE
"Lawlor",100,0.548657359988964,0.464639104031398,0.32690957262335,0.137729531408048,0.084018255957566,TRUE
"Lawlor",300,0.689982456891451,0.392055223962208,0.391909751565547,0.000145472396660962,0.297927232929243,TRUE
"Lawlor",1000,0.528137302655066,0.575949116352802,0.582733575459656,-0.00678445910685399,-0.047811813697736,TRUE
"Muraro",100,0.719626734361174,0.645180489696047,0.554388174765377,0.09079231493067,0.0744462446651269,TRUE
"Muraro",300,0.66412856027082,0.669699848871439,0.718278108994598,-0.048578260123159,-0.00557128860061895,TRUE
"Muraro",1000,0.667327348908107,0.659814743063594,0.665771705163133,-0.005956962099539,0.00751260584451297,TRUE
"Romanov",100,0.514614017679569,0.538546811375069,0.469286838248402,0.069259973126667,-0.0239327936954999,TRUE
"Romanov",300,0.582116924893038,0.557995094403932,0.661434198702662,-0.10343910429873,0.024121830489106,TRUE
"Romanov",1000,0.624929489461955,0.6563774996333,0.622366155424574,0.0340113442087261,-0.031448010171345,TRUE
"SimKumar4easy",100,1,1,0.994831705846302,0.00516829415369802,0,FALSE
"SimKumar4easy",300,1,1,1,0,0,FALSE
"SimKumar4easy",1000,1,1,1,0,0,FALSE
"SimKumar4hard",100,1,0.922960337233279,0.592462316975652,0.330498020257627,0.077039662766721,FALSE
"SimKumar4hard",300,1,1,1,0,0,FALSE
"SimKumar4hard",1000,1,1,1,0,0,FALSE
"Trapnell",100,0.421155504048502,0.447209217753784,0.350245923436057,0.096963294317727,-0.026053713705282,TRUE
"Trapnell",300,0.421605112878002,0.446760189170144,0.44392828100297,0.00283190816717399,-0.025155076292142,TRUE
"Trapnell",1000,0.419285964815292,0.443744090304395,0.443744090304395,0,-0.024458125489103,TRUE
"Zhengmix4eq",100,0.932724156417917,0.922329829662347,0.636579059394834,0.285750770267513,0.0103943267555699,FALSE
"Zhengmix4eq",300,0.975490551633489,0.975473223807321,0.703551506967289,0.271921716840032,1.73278261679233e-05,FALSE
"Zhengmix4eq",1000,0.983367811811684,0.98076106653236,0.982055173039717,-0.00129410650735706,0.00260674527932403,FALSE
"Zhengmix8eq",100,0.590950347981019,0.606235965868325,0.318162663984676,0.288073301883649,-0.015285617887306,FALSE
"Zhengmix8eq",300,0.712816122239834,0.7106541568204,0.533802240993269,0.176851915827131,0.00216196541943403,FALSE
"Zhengmix8eq",1000,0.738712490291205,0.737843105966748,0.712706138168064,0.0251369677986839,0.000869384324457045,FALSE
