"n","rep","dip_x","dip_affine","dip_neg","max_abs_diff"
50,1,0.055619359793113,0.055619359793113,0.055619359793113,2.77555756156289e-17
50,2,0.0392781717562495,0.0392781717562495,0.0392781717562495,2.08166817117217e-17
50,3,0.0358651898213031,0.035865189821303,0.0358651898213031,4.85722573273506e-17
50,4,0.0382219532782494,0.0382219532782494,0.0382219532782493,6.93889390390723e-18
50,5,0.0346685040877383,0.0346685040877383,0.0346685040877383,6.93889390390723e-18
50,6,0.0522391892431867,0.0522391892431867,0.0522391892431867,5.55111512312578e-17
50,7,0.0387129906609152,0.0387129906609152,0.0387129906609152,2.08166817117217e-17
50,8,0.043806775308427,0.043806775308427,0.043806775308427,2.08166817117217e-17
50,9,0.0474040310293157,0.0474040310293157,0.0474040310293157,1.38777878078145e-17
50,10,0.0396022415519903,0.0396022415519903,0.0396022415519903,6.24500451351651e-17
50,11,0.0359457930573696,0.0359457930573696,0.0359457930573696,1.38777878078145e-17
50,12,0.0492796011268046,0.0492796011268046,0.0492796011268046,2.08166817117217e-17
50,13,0.0461695218612056,0.0461695218612056,0.0461695218612056,2.08166817117217e-17
50,14,0.033509399177181,0.0335093991771809,0.0335093991771809,3.46944695195361e-17
50,15,0.0431362605178983,0.0431362605178983,0.0431362605178983,1.38777878078145e-17
50,16,0.0455677520295779,0.045567752029578,0.0455677520295779,3.46944695195361e-17
50,17,0.0356418285107113,0.0356418285107113,0.0356418285107113,6.93889390390723e-18
50,18,0.0391660351919645,0.0391660351919645,0.0391660351919645,2.08166817117217e-17
50,19,0.0356819644502688,0.0356819644502688,0.0356819644502688,6.93889390390723e-17
50,20,0.0367514934756584,0.0367514934756583,0.0367514934756584,7.63278329429795e-17
50,21,0.0422664069217668,0.0422664069217667,0.0422664069217668,2.08166817117217e-17
50,22,0.0321083791780402,0.0321083791780402,0.0321083791780402,6.93889390390723e-18
50,23,0.0450755045243466,0.0450755045243466,0.0450755045243466,2.08166817117217e-17
50,24,0.0559325647813596,0.0559325647813597,0.0559325647813596,2.08166817117217e-17
50,25,0.0371025880752341,0.037102588075234,0.0371025880752341,4.16333634234434e-17
50,26,0.0459474744456176,0.0459474744456176,0.0459474744456176,6.93889390390723e-18
50,27,0.0335927730381307,0.0335927730381307,0.0335927730381307,6.93889390390723e-17
50,28,0.0317460573315852,0.0317460573315852,0.0317460573315852,6.93889390390723e-18
50,29,0.0404030920896314,0.0404030920896314,0.0404030920896314,3.46944695195361e-17
50,30,0.032346276796382,0.0323462767963821,0.032346276796382,1.52655665885959e-16
50,31,0.0370219518996732,0.0370219518996732,0.0370219518996732,1.38777878078145e-17
50,32,0.032437073032351,0.032437073032351,0.032437073032351,1.38777878078145e-17
50,33,0.0352319512470252,0.0352319512470252,0.0352319512470252,1.38777878078145e-17
50,34,0.0366658919523996,0.0366658919523996,0.0366658919523996,6.93889390390723e-18
50,35,0.039726936451421,0.039726936451421,0.039726936451421,1.38777878078145e-17
50,36,0.0398342324119838,0.0398342324119838,0.0398342324119838,2.08166817117217e-17
50,37,0.0537147632496918,0.0537147632496918,0.0537147632496918,2.08166817117217e-17
50,38,0.0450228550402695,0.0450228550402695,0.0450228550402695,5.55111512312578e-17
50,39,0.0377186014346457,0.0377186014346457,0.0377186014346457,6.93889390390723e-18
50,40,0.0326104519250504,0.0326104519250503,0.0326104519250504,2.08166817117217e-17
50,41,0.0377619651017931,0.0377619651017931,0.0377619651017931,6.93889390390723e-18
50,42,0.0340545226284152,0.0340545226284152,0.0340545226284152,3.46944695195361e-17
50,43,0.0264559823205887,0.0264559823205888,0.0264559823205888,1.73472347597681e-17
50,44,0.0429703589387791,0.0429703589387791,0.0429703589387791,1.38777878078145e-17
50,45,0.0316465867448306,0.0316465867448306,0.0316465867448306,6.93889390390723e-18
50,46,0.0427717969845946,0.0427717969845946,0.0427717969845946,6.93889390390723e-18
50,47,0.0278448413093552,0.0278448413093552,0.0278448413093552,3.46944695195361e-18
50,48,0.0338388818290895,0.0338388818290895,0.0338388818290895,1.38777878078145e-17
50,49,0.0463655064237563,0.0463655064237563,0.0463655064237563,6.93889390390723e-18
50,50,0.0476666184719347,0.0476666184719347,0.0476666184719347,2.08166817117217e-17
50,51,0.0260541792228806,0.0260541792228806,0.0260541792228806,1.04083408558608e-17
50,52,0.0361272862569159,0.0361272862569159,0.0361272862569159,1.38777878078145e-17
50,53,0.0272981076952925,0.0272981076952925,0.0272981076952925,1.04083408558608e-17
50,54,0.0324420342370209,0.0324420342370209,0.0324420342370209,1.38777878078145e-17
50,55,0.0372952184423301,0.0372952184423301,0.0372952184423301,6.93889390390723e-18
50,56,0.0327618870193642,0.0327618870193642,0.0327618870193642,6.93889390390723e-18
50,57,0.042104021300918,0.042104021300918,0.0421040213009181,1.38777878078145e-17
50,58,0.0319529773202168,0.0319529773202168,0.0319529773202168,6.93889390390723e-18
50,59,0.0340617438052258,0.0340617438052258,0.0340617438052258,1.38777878078145e-17
50,60,0.0442884255256035,0.0442884255256035,0.0442884255256035,2.08166817117217e-17
50,61,0.0482142496969669,0.048214249696967,0.0482142496969669,2.08166817117217e-17
50,62,0.0318509061177359,0.0318509061177359,0.0318509061177359,2.08166817117217e-17
50,63,0.0550946893588223,0.0550946893588223,0.0550946893588223,3.46944695195361e-17
50,64,0.0378106296689298,0.0378106296689297,0.0378106296689298,7.63278329429795e-17
50,65,0.0321768296392189,0.0321768296392189,0.0321768296392189,2.77555756156289e-17
50,66,0.0363309409738638,0.0363309409738638,0.0363309409738638,2.08166817117217e-17
50,67,0.0462994835071053,0.0462994835071053,0.0462994835071053,1.38777878078145e-17
50,68,0.0448719290090657,0.0448719290090657,0.0448719290090657,1.38777878078145e-17
50,69,0.0332854949081501,0.0332854949081501,0.0332854949081502,6.93889390390723e-18
50,70,0.0326263830146869,0.032626383014687,0.0326263830146869,1.38777878078145e-16
50,71,0.0382600099088687,0.0382600099088687,0.0382600099088687,0
50,72,0.0421401213679322,0.0421401213679322,0.0421401213679322,6.93889390390723e-18
50,73,0.0324073703007559,0.0324073703007559,0.0324073703007559,6.93889390390723e-18
50,74,0.0339012816710786,0.0339012816710786,0.0339012816710786,2.08166817117217e-17
50,75,0.0588150800403623,0.0588150800403623,0.0588150800403623,6.93889390390723e-18
50,76,0.0411945969347941,0.0411945969347941,0.0411945969347941,1.38777878078145e-17
50,77,0.0341818605918044,0.0341818605918052,0.0341818605918044,7.49400541621981e-16
50,78,0.0479128756328895,0.0479128756328895,0.0479128756328895,3.46944695195361e-17
50,79,0.0385152694463117,0.0385152694463118,0.0385152694463117,4.16333634234434e-17
50,80,0.0378828582051174,0.0378828582051174,0.0378828582051174,6.93889390390723e-18
50,81,0.0382391504647509,0.0382391504647509,0.0382391504647509,0
50,82,0.0368151462876861,0.0368151462876861,0.0368151462876861,6.93889390390723e-18
50,83,0.035188562404145,0.035188562404145,0.035188562404145,2.08166817117217e-17
50,84,0.0494837439117746,0.0494837439117746,0.0494837439117746,0
50,85,0.0469039599035271,0.0469039599035271,0.0469039599035271,2.08166817117217e-17
50,86,0.0502569633501808,0.0502569633501807,0.0502569633501808,9.71445146547012e-17
50,87,0.033508499435399,0.033508499435399,0.033508499435399,6.93889390390723e-18
50,88,0.0394769884533724,0.0394769884533724,0.0394769884533724,2.08166817117217e-17
50,89,0.0319233919143382,0.0319233919143382,0.0319233919143382,2.77555756156289e-17
50,90,0.0454541824568537,0.0454541824568537,0.0454541824568537,2.08166817117217e-17
50,91,0.0362657387192125,0.0362657387192125,0.0362657387192125,1.38777878078145e-17
50,92,0.0352959402826394,0.0352959402826394,0.0352959402826394,2.08166817117217e-17
50,93,0.0348032227163789,0.0348032227163789,0.0348032227163789,2.08166817117217e-17
50,94,0.0681619995656306,0.0681619995656306,0.0681619995656306,4.16333634234434e-17
50,95,0.0421228007828599,0.0421228007828598,0.0421228007828598,2.08166817117217e-17
50,96,0.0377133224325746,0.0377133224325746,0.0377133224325747,2.08166817117217e-17
50,97,0.0301826726102616,0.0301826726102616,0.0301826726102616,6.93889390390723e-18
50,98,0.0317969759920728,0.0317969759920729,0.0317969759920728,3.46944695195361e-17
50,99,0.0342011278302277,0.0342011278302276,0.0342011278302276,5.55111512312578e-17
50,100,0.0289878988940096,0.0289878988940096,0.0289878988940096,1.73472347597681e-17
50,101,0.0431119748288,0.0431119748288,0.0431119748288,2.77555756156289e-17
50,102,0.0381051049053963,0.0381051049053963,0.0381051049053963,6.93889390390723e-18
50,103,0.0403724879549573,0.0403724879549574,0.0403724879549573,1.38777878078145e-17
50,104,0.0599078320369205,0.0599078320369205,0.0599078320369205,1.38777878078145e-17
50,105,0.0394451895112418,0.0394451895112418,0.0394451895112418,0
50,106,0.0327319074918961,0.032731907491896,0.0327319074918961,4.85722573273506e-17
50,107,0.0424428095601068,0.0424428095601068,0.0424428095601068,1.38777878078145e-17
50,108,0.0396729671296447,0.0396729671296448,0.0396729671296447,1.2490009027033e-16
50,109,0.0442203058541161,0.0442203058541161,0.0442203058541161,6.93889390390723e-18
50,110,0.051539595220749,0.051539595220749,0.051539595220749,2.08166817117217e-17
50,111,0.0359356712893612,0.0359356712893612,0.0359356712893612,6.93889390390723e-18
50,112,0.0413349671622475,0.0413349671622475,0.0413349671622475,6.93889390390723e-18
50,113,0.0361363264837795,0.0361363264837795,0.0361363264837795,1.38777878078145e-17
50,114,0.0303321791384397,0.0303321791384397,0.0303321791384397,6.93889390390723e-18
50,115,0.0283127348587742,0.0283127348587742,0.0283127348587742,3.46944695195361e-17
50,116,0.0354076567496773,0.0354076567496773,0.0354076567496773,2.77555756156289e-17
50,117,0.049201398558597,0.049201398558597,0.049201398558597,2.08166817117217e-17
50,118,0.0491282106183836,0.0491282106183837,0.0491282106183837,1.38777878078145e-17
50,119,0.0375136733183533,0.0375136733183534,0.0375136733183534,3.46944695195361e-17
50,120,0.0394101127360162,0.0394101127360162,0.0394101127360162,1.38777878078145e-17
50,121,0.0442217345675256,0.0442217345675256,0.0442217345675256,6.93889390390723e-18
50,122,0.033737999375972,0.033737999375972,0.033737999375972,2.08166817117217e-17
50,123,0.0392064120441668,0.0392064120441668,0.0392064120441668,1.38777878078145e-17
50,124,0.0491181853210853,0.0491181853210853,0.0491181853210853,2.08166817117217e-17
50,125,0.0541891747192983,0.0541891747192983,0.0541891747192982,6.93889390390723e-18
50,126,0.0494927721657305,0.0494927721657305,0.0494927721657304,1.38777878078145e-17
50,127,0.0428320610460318,0.0428320610460319,0.0428320610460319,2.08166817117217e-17
50,128,0.0306134044620457,0.0306134044620457,0.0306134044620457,0
50,129,0.0340927401941195,0.0340927401941196,0.0340927401941196,3.46944695195361e-17
50,130,0.0474204705772093,0.0474204705772093,0.0474204705772093,1.38777878078145e-17
50,131,0.0420006009363427,0.0420006009363427,0.0420006009363427,0
50,132,0.044136026985696,0.0441360269856968,0.044136026985696,7.97972798949331e-16
50,133,0.0546537152605573,0.0546537152605573,0.0546537152605573,2.08166817117217e-17
50,134,0.0375214228752519,0.0375214228752519,0.0375214228752519,1.38777878078145e-17
50,135,0.0496039433980978,0.0496039433980978,0.0496039433980978,1.38777878078145e-17
50,136,0.0506257960633478,0.0506257960633479,0.0506257960633478,3.46944695195361e-17
50,137,0.0533264283656235,0.0533264283656235,0.0533264283656235,3.46944695195361e-17
50,138,0.0456536761395792,0.0456536761395792,0.0456536761395792,0
50,139,0.0300632655807134,0.0300632655807134,0.0300632655807134,2.08166817117217e-17
50,140,0.0321986109391963,0.0321986109391962,0.0321986109391963,1.2490009027033e-16
50,141,0.0403072172552741,0.0403072172552741,0.0403072172552741,3.46944695195361e-17
50,142,0.0405151634789839,0.0405151634789839,0.0405151634789839,6.93889390390723e-18
50,143,0.0356893369737188,0.0356893369737188,0.0356893369737188,0
50,144,0.0384767149666033,0.0384767149666034,0.0384767149666033,5.55111512312578e-17
50,145,0.0391882321540126,0.0391882321540125,0.0391882321540126,6.93889390390723e-18
50,146,0.0256430860014241,0.025643086001424,0.0256430860014241,1.73472347597681e-17
50,147,0.0418394988123183,0.0418394988123183,0.0418394988123183,4.16333634234434e-17
50,148,0.0312628852215684,0.0312628852215684,0.0312628852215683,1.38777878078145e-17
50,149,0.0396606877010333,0.0396606877010333,0.0396606877010333,1.38777878078145e-17
50,150,0.0388549036111595,0.0388549036111595,0.0388549036111595,1.38777878078145e-17
50,151,0.0373727085066208,0.0373727085066208,0.0373727085066207,6.93889390390723e-18
50,152,0.0304146548013552,0.0304146548013552,0.0304146548013552,1.38777878078145e-17
50,153,0.046925952554463,0.046925952554463,0.046925952554463,6.93889390390723e-18
50,154,0.0423903743249886,0.0423903743249886,0.0423903743249886,6.93889390390723e-18
50,155,0.0424602664184808,0.0424602664184808,0.0424602664184808,3.46944695195361e-17
50,156,0.0570584779825008,0.0570584779825008,0.0570584779825007,1.38777878078145e-17
50,157,0.0371861446804442,0.0371861446804442,0.0371861446804442,2.77555756156289e-17
50,158,0.0509420866197419,0.0509420866197419,0.0509420866197419,2.08166817117217e-17
50,159,0.0388706804638323,0.0388706804638323,0.0388706804638323,6.93889390390723e-18
50,160,0.0474670129125591,0.0474670129125592,0.0474670129125591,3.46944695195361e-17
50,161,0.0334334560257012,0.0334334560257012,0.0334334560257012,0
50,162,0.0631536961734923,0.0631536961734923,0.0631536961734923,1.38777878078145e-17
50,163,0.0352901411995878,0.0352901411995878,0.0352901411995878,2.08166817117217e-17
50,164,0.0425463865664074,0.0425463865664075,0.0425463865664074,9.0205620750794e-17
50,165,0.0328303751072859,0.0328303751072859,0.0328303751072859,6.93889390390723e-18
50,166,0.0382135360444233,0.0382135360444234,0.0382135360444233,1.38777878078145e-17
50,167,0.0426999977829906,0.042699997782991,0.0426999977829906,3.88578058618805e-16
50,168,0.0325552289996186,0.0325552289996186,0.0325552289996186,6.93889390390723e-18
50,169,0.0627649599822665,0.0627649599822665,0.0627649599822664,1.38777878078145e-17
50,170,0.032278944824257,0.032278944824257,0.032278944824257,2.77555756156289e-17
50,171,0.0270721358492052,0.0270721358492052,0.0270721358492052,1.73472347597681e-17
50,172,0.0565968684126239,0.0565968684126239,0.0565968684126239,1.38777878078145e-17
50,173,0.0389986997764402,0.0389986997764402,0.0389986997764402,4.16333634234434e-17
50,174,0.0339794241518198,0.0339794241518198,0.0339794241518198,6.93889390390723e-18
50,175,0.0366481704569751,0.0366481704569751,0.0366481704569751,0
50,176,0.0381467918547251,0.0381467918547251,0.0381467918547251,2.08166817117217e-17
50,177,0.0435344832720835,0.0435344832720835,0.0435344832720835,1.38777878078145e-17
50,178,0.0704776688591339,0.0704776688591339,0.0704776688591339,0
50,179,0.0329222147082,0.0329222147081999,0.0329222147082,2.77555756156289e-17
50,180,0.0345505708033639,0.0345505708033639,0.0345505708033639,2.08166817117217e-17
50,181,0.0487081177726492,0.0487081177726491,0.0487081177726492,4.16333634234434e-17
50,182,0.046265801362134,0.046265801362134,0.046265801362134,8.32667268468867e-17
50,183,0.0341027059292627,0.0341027059292627,0.0341027059292627,6.93889390390723e-18
50,184,0.0347896125756485,0.0347896125756485,0.0347896125756485,2.08166817117217e-17
50,185,0.0258198736499895,0.0258198736499895,0.0258198736499895,1.04083408558608e-17
50,186,0.0271206359324556,0.0271206359324556,0.0271206359324556,1.38777878078145e-17
50,187,0.0576046631665511,0.057604663166551,0.0576046631665511,3.46944695195361e-17
50,188,0.0521608765804087,0.0521608765804087,0.0521608765804087,2.08166817117217e-17
50,189,0.0370156972355659,0.0370156972355659,0.0370156972355659,2.08166817117217e-17
50,190,0.0466146893846315,0.0466146893846314,0.0466146893846315,4.16333634234434e-17
50,191,0.0453634943647317,0.0453634943647317,0.0453634943647317,1.38777878078145e-17
50,192,0.0420427352191557,0.0420427352191557,0.0420427352191557,6.93889390390723e-18
50,193,0.045692281359005,0.045692281359005,0.045692281359005,1.38777878078145e-17
50,194,0.0297640133701536,0.0297640133701536,0.0297640133701536,1.04083408558608e-17
50,195,0.0371916114870798,0.0371916114870798,0.0371916114870798,2.08166817117217e-17
50,196,0.0447604250494744,0.0447604250494744,0.0447604250494744,3.46944695195361e-17
50,197,0.0546547465964555,0.0546547465964555,0.0546547465964555,0
50,198,0.0455085843105083,0.0455085843105083,0.0455085843105083,1.38777878078145e-17
50,199,0.0394375034253821,0.0394375034253821,0.0394375034253821,2.77555756156289e-17
50,200,0.0690898475016448,0.0690898475016448,0.0690898475016448,2.77555756156289e-17
200,1,0.0145297524005915,0.0145297524005915,0.0145297524005915,8.67361737988404e-18
200,2,0.0155446722246172,0.0155446722246171,0.0155446722246172,9.71445146547012e-17
200,3,0.0192853527379764,0.0192853527379764,0.0192853527379764,6.93889390390723e-18
200,4,0.020256458135368,0.020256458135368,0.020256458135368,3.46944695195361e-17
200,5,0.0211593564146964,0.0211593564146964,0.0211593564146964,2.42861286636753e-17
200,6,0.0145331541019347,0.0145331541019348,0.0145331541019347,3.46944695195361e-17
200,7,0.0199787703012249,0.0199787703012249,0.0199787703012248,1.04083408558608e-17
200,8,0.0195381165352604,0.0195381165352604,0.0195381165352604,1.38777878078145e-17
200,9,0.0153501333289675,0.0153501333289675,0.0153501333289675,1.56125112837913e-17
200,10,0.0173611993469121,0.0173611993469121,0.0173611993469121,6.93889390390723e-18
200,11,0.0186685025432821,0.0186685025432822,0.0186685025432821,2.08166817117217e-17
200,12,0.0189562803724626,0.0189562803724626,0.0189562803724626,0
200,13,0.0194550680503884,0.0194550680503884,0.0194550680503884,3.46944695195361e-18
200,14,0.0160124656193976,0.0160124656193976,0.0160124656193976,1.73472347597681e-17
200,15,0.017974000472812,0.017974000472812,0.017974000472812,6.93889390390723e-18
200,16,0.0165346303912398,0.0165346303912398,0.0165346303912398,1.04083408558608e-17
200,17,0.0290706693640348,0.0290706693640348,0.0290706693640348,6.93889390390723e-18
200,18,0.0219778030985021,0.0219778030985021,0.0219778030985021,1.04083408558608e-17
200,19,0.0197252673949132,0.0197252673949132,0.0197252673949132,3.46944695195361e-18
200,20,0.0205279444017207,0.0205279444017207,0.0205279444017207,2.08166817117217e-17
200,21,0.0164674286587624,0.0164674286587624,0.0164674286587624,6.93889390390723e-18
200,22,0.0226090778645888,0.0226090778645888,0.0226090778645888,1.73472347597681e-17
200,23,0.0178323824669239,0.0178323824669239,0.0178323824669239,1.73472347597681e-17
200,24,0.025216910605007,0.025216910605007,0.025216910605007,0
200,25,0.018683218195706,0.018683218195706,0.018683218195706,1.73472347597681e-17
200,26,0.0193817998038284,0.0193817998038285,0.0193817998038284,9.71445146547012e-17
200,27,0.0212493292389522,0.0212493292389522,0.0212493292389522,0
200,28,0.0172491753046541,0.0172491753046541,0.0172491753046541,1.38777878078145e-17
200,29,0.0198139059283337,0.0198139059283338,0.0198139059283337,6.93889390390723e-18
200,30,0.0171869172502146,0.0171869172502146,0.0171869172502146,3.46944695195361e-18
200,31,0.0260915546866675,0.0260915546866675,0.0260915546866675,1.73472347597681e-17
200,32,0.0289170569887279,0.0289170569887279,0.0289170569887279,3.81639164714898e-17
200,33,0.0196687693624637,0.0196687693624638,0.0196687693624637,7.28583859910259e-17
200,34,0.0194706999787345,0.0194706999787346,0.0194706999787345,5.55111512312578e-17
200,35,0.0224472562559054,0.0224472562559054,0.0224472562559054,6.93889390390723e-18
200,36,0.0315009029000598,0.0315009029000598,0.0315009029000598,6.93889390390723e-18
200,37,0.0201876226062393,0.0201876226062393,0.0201876226062393,3.46944695195361e-18
200,38,0.0200446125748541,0.0200446125748541,0.0200446125748541,0
200,39,0.0190523613881842,0.0190523613881842,0.0190523613881842,6.93889390390723e-18
200,40,0.0210458004308603,0.0210458004308603,0.0210458004308603,1.04083408558608e-17
200,41,0.0238616171597251,0.0238616171597251,0.0238616171597251,4.16333634234434e-17
200,42,0.0174606005561168,0.0174606005561168,0.0174606005561168,3.46944695195361e-18
200,43,0.0230528548124094,0.0230528548124094,0.0230528548124094,1.04083408558608e-17
200,44,0.0137236414590826,0.0137236414590827,0.0137236414590826,3.98986399474666e-17
200,45,0.0182483494192359,0.0182483494192359,0.0182483494192359,6.93889390390723e-18
200,46,0.0145470502591454,0.0145470502591455,0.0145470502591454,2.60208521396521e-17
200,47,0.0170960605295294,0.0170960605295294,0.0170960605295294,1.04083408558608e-17
200,48,0.0231461793751928,0.0231461793751928,0.0231461793751928,0
200,49,0.0174404151491164,0.0174404151491164,0.0174404151491164,1.73472347597681e-17
200,50,0.0246358638726723,0.0246358638726723,0.0246358638726723,1.04083408558608e-17
200,51,0.0243746832891851,0.024374683289185,0.0243746832891851,9.0205620750794e-17
200,52,0.0185237635419089,0.0185237635419088,0.0185237635419089,6.24500451351651e-17
200,53,0.0238418949059155,0.0238418949059155,0.0238418949059155,1.73472347597681e-17
200,54,0.0185893811048858,0.0185893811048858,0.0185893811048858,4.5102810375397e-17
200,55,0.0170772233406598,0.0170772233406598,0.0170772233406598,0
200,56,0.0177326271979303,0.0177326271979303,0.0177326271979303,6.93889390390723e-18
200,57,0.0222509177234582,0.0222509177234582,0.0222509177234582,3.46944695195361e-18
200,58,0.0139260113171047,0.0139260113171047,0.0139260113171047,8.67361737988404e-18
200,59,0.0159941373230899,0.0159941373230899,0.0159941373230899,6.93889390390723e-18
200,60,0.0186444467700849,0.0186444467700849,0.0186444467700849,1.73472347597681e-17
200,61,0.0193610864126339,0.0193610864126339,0.0193610864126339,1.04083408558608e-17
200,62,0.0187978046752449,0.0187978046752448,0.0187978046752449,3.81639164714898e-17
200,63,0.0149635320713922,0.0149635320713923,0.0149635320713922,6.59194920871187e-17
200,64,0.0226920763536153,0.0226920763536153,0.0226920763536153,1.04083408558608e-17
200,65,0.0208915821443867,0.0208915821443867,0.0208915821443867,2.08166817117217e-17
200,66,0.0154204013424764,0.0154204013424764,0.0154204013424764,8.67361737988404e-18
200,67,0.0153366751648986,0.0153366751648986,0.0153366751648986,1.21430643318376e-17
200,68,0.0273532858286308,0.0273532858286307,0.0273532858286308,7.97972798949331e-17
200,69,0.0149825208058448,0.0149825208058448,0.0149825208058448,5.20417042793042e-18
200,70,0.0295773181740438,0.0295773181740439,0.0295773181740438,3.46944695195361e-17
200,71,0.0228774070080739,0.0228774070080738,0.0228774070080739,3.46944695195361e-17
200,72,0.0200280899546456,0.0200280899546456,0.0200280899546456,6.93889390390723e-18
200,73,0.0253504533812134,0.0253504533812134,0.0253504533812134,6.93889390390723e-18
200,74,0.0163815242087903,0.0163815242087903,0.0163815242087903,6.93889390390723e-18
200,75,0.0195790916379705,0.0195790916379705,0.0195790916379705,5.20417042793042e-17
200,76,0.0185876285365698,0.0185876285365698,0.0185876285365698,3.46944695195361e-18
200,77,0.0170016049864586,0.0170016049864587,0.0170016049864586,1.73472347597681e-17
200,78,0.0144765052378179,0.0144765052378179,0.0144765052378179,8.67361737988404e-18
200,79,0.0171616739616514,0.0171616739616514,0.0171616739616514,6.93889390390723e-18
200,80,0.0232461078004843,0.0232461078004843,0.0232461078004843,1.04083408558608e-17
200,81,0.0212778117131497,0.0212778117131507,0.0212778117131497,1.03042574473022e-15
200,82,0.0208929339995778,0.0208929339995778,0.0208929339995778,0
200,83,0.0221494296377371,0.0221494296377371,0.0221494296377371,6.93889390390723e-18
200,84,0.022839457709299,0.022839457709299,0.022839457709299,0
200,85,0.0153550717230014,0.0153550717230015,0.0153550717230015,2.08166817117217e-17
200,86,0.0166881449026142,0.0166881449026142,0.0166881449026142,0
200,87,0.0215017568579014,0.0215017568579014,0.0215017568579014,1.04083408558608e-17
200,88,0.014058928570757,0.0140589285707571,0.014058928570757,6.76542155630955e-17
200,89,0.0219108315648832,0.0219108315648831,0.0219108315648832,1.73472347597681e-17
200,90,0.0232748866805729,0.0232748866805729,0.0232748866805729,1.73472347597681e-17
200,91,0.0260643021091781,0.0260643021091781,0.0260643021091781,1.04083408558608e-17
200,92,0.020085357688451,0.020085357688451,0.020085357688451,6.93889390390723e-18
200,93,0.0216061199816107,0.0216061199816107,0.0216061199816107,1.04083408558608e-17
200,94,0.0194146748689515,0.0194146748689515,0.0194146748689515,3.46944695195361e-18
200,95,0.0158515621053974,0.0158515621053973,0.0158515621053974,1.00613961606655e-16
200,96,0.0174582298061685,0.0174582298061685,0.0174582298061685,6.93889390390723e-18
200,97,0.0204091922596428,0.020409192259643,0.0204091922596428,1.56125112837913e-16
200,98,0.0245179658042376,0.0245179658042375,0.0245179658042375,5.20417042793042e-17
200,99,0.015240089099695,0.015240089099695,0.015240089099695,2.77555756156289e-17
200,100,0.0157261934331497,0.0157261934331497,0.0157261934331497,0
200,101,0.0231015212790264,0.0231015212790263,0.0231015212790263,2.08166817117217e-17
200,102,0.016780487947635,0.016780487947635,0.016780487947635,1.04083408558608e-17
200,103,0.0180729819807215,0.0180729819807215,0.0180729819807215,3.46944695195361e-18
200,104,0.0143403791313518,0.0143403791313518,0.0143403791313518,1.04083408558608e-17
200,105,0.0165138021415249,0.0165138021415248,0.0165138021415248,2.77555756156289e-17
200,106,0.0179537535666957,0.0179537535666957,0.0179537535666957,3.81639164714898e-17
200,107,0.0177241058588285,0.0177241058588285,0.0177241058588285,0
200,108,0.0189191563137615,0.0189191563137615,0.0189191563137615,1.73472347597681e-17
200,109,0.0226829623569306,0.0226829623569306,0.0226829623569306,1.73472347597681e-17
200,110,0.0214460949772551,0.021446094977255,0.0214460949772551,3.46944695195361e-17
200,111,0.0195090201998024,0.0195090201998024,0.0195090201998024,1.04083408558608e-17
200,112,0.0184969521401577,0.0184969521401578,0.0184969521401577,1.73472347597681e-17
200,113,0.019547014282577,0.0195470142825769,0.0195470142825769,1.73472347597681e-17
200,114,0.0206053631067903,0.0206053631067903,0.0206053631067903,1.04083408558608e-17
200,115,0.0201558908268881,0.020155890826888,0.0201558908268881,7.97972798949331e-17
200,116,0.0206871340352121,0.0206871340352121,0.0206871340352121,0
200,117,0.0204105154242776,0.0204105154242776,0.0204105154242776,2.77555756156289e-17
200,118,0.0129685978209314,0.0129685978209314,0.0129685978209314,1.38777878078145e-17
200,119,0.019067155477936,0.0190671554779361,0.019067155477936,3.12250225675825e-17
200,120,0.0210088792282181,0.0210088792282182,0.0210088792282181,1.04083408558608e-17
200,121,0.0204653857277663,0.0204653857277663,0.0204653857277663,3.46944695195361e-18
200,122,0.0155901299096254,0.0155901299096258,0.0155901299096254,3.10515502199848e-16
200,123,0.0204420329956266,0.0204420329956266,0.0204420329956266,1.04083408558608e-17
200,124,0.0211108273908451,0.0211108273908451,0.0211108273908451,3.46944695195361e-18
200,125,0.0184350642195998,0.0184350642195998,0.0184350642195998,3.46944695195361e-18
200,126,0.0143981092007823,0.0143981092007823,0.0143981092007823,1.73472347597681e-17
200,127,0.017395211352559,0.017395211352559,0.017395211352559,6.93889390390723e-18
200,128,0.0203146232801856,0.0203146232801856,0.0203146232801856,1.04083408558608e-17
200,129,0.0182768945019257,0.0182768945019257,0.0182768945019257,5.20417042793042e-17
200,130,0.0129140881030159,0.0129140881030159,0.0129140881030159,8.67361737988404e-18
200,131,0.0134400521797982,0.0134400521797981,0.0134400521797982,2.77555756156289e-17
200,132,0.0208439937435081,0.0208439937435086,0.0208439937435081,5.23886489744996e-16
200,133,0.0188407216572748,0.0188407216572748,0.0188407216572748,1.38777878078145e-17
200,134,0.0140369198751454,0.0140369198751454,0.0140369198751454,6.07153216591882e-17
200,135,0.016961239460142,0.016961239460142,0.016961239460142,1.73472347597681e-17
200,136,0.021815194147858,0.021815194147858,0.021815194147858,1.04083408558608e-17
200,137,0.0119203640326461,0.0119203640326461,0.0119203640326461,3.46944695195361e-18
200,138,0.0291401627540884,0.0291401627540884,0.0291401627540884,0
200,139,0.0145448853067379,0.0145448853067379,0.0145448853067379,6.93889390390723e-18
200,140,0.0201199753174956,0.0201199753174956,0.0201199753174956,1.73472347597681e-17
200,141,0.0276088791548642,0.0276088791548643,0.0276088791548642,1.04083408558608e-16
200,142,0.0158178760870086,0.0158178760870086,0.0158178760870086,2.08166817117217e-17
200,143,0.0163839244489645,0.0163839244489645,0.0163839244489645,3.46944695195361e-18
200,144,0.01997189992065,0.0199718999206499,0.01997189992065,4.5102810375397e-17
200,145,0.0237665430573356,0.0237665430573356,0.0237665430573356,1.04083408558608e-17
200,146,0.0157680843159352,0.0157680843159352,0.0157680843159352,3.46944695195361e-18
200,147,0.0185346831974234,0.0185346831974235,0.0185346831974235,1.73472347597681e-17
200,148,0.0152885781045481,0.0152885781045481,0.0152885781045481,0
200,149,0.0131281275456039,0.0131281275456039,0.0131281275456039,5.20417042793042e-18
200,150,0.0155668095799749,0.0155668095799749,0.0155668095799749,1.21430643318376e-17
200,151,0.0186255984340118,0.0186255984340118,0.0186255984340118,0
200,152,0.0251206261022444,0.0251206261022444,0.0251206261022443,1.73472347597681e-17
200,153,0.0264680263224352,0.0264680263224352,0.0264680263224352,6.93889390390723e-18
200,154,0.0161077268478258,0.0161077268478258,0.0161077268478258,1.04083408558608e-17
200,155,0.0188638613960923,0.018863861396092,0.0188638613960923,2.28983498828939e-16
200,156,0.015806153282816,0.015806153282816,0.015806153282816,6.93889390390723e-18
200,157,0.0212450670018355,0.0212450670018355,0.0212450670018354,1.73472347597681e-17
200,158,0.0168229438010656,0.0168229438010656,0.0168229438010656,1.38777878078145e-17
200,159,0.0138970108529141,0.0138970108529141,0.0138970108529141,9.36750677027476e-17
200,160,0.0191132484917771,0.0191132484917771,0.0191132484917771,1.73472347597681e-17
200,161,0.0233302271999012,0.0233302271999012,0.0233302271999012,1.38777878078145e-17
200,162,0.0184374567348862,0.0184374567348862,0.0184374567348862,1.04083408558608e-17
200,163,0.0206401742014168,0.0206401742014168,0.0206401742014168,0
200,164,0.0212328149646574,0.0212328149646574,0.0212328149646574,2.08166817117217e-17
200,165,0.0174649109111322,0.0174649109111322,0.0174649109111322,1.04083408558608e-17
200,166,0.0240378437152947,0.0240378437152948,0.0240378437152947,2.08166817117217e-17
200,167,0.0172856156330806,0.0172856156330807,0.0172856156330806,3.46944695195361e-17
200,168,0.0188553159747383,0.0188553159747382,0.0188553159747383,4.16333634234434e-17
200,169,0.0174598637391867,0.0174598637391867,0.0174598637391867,1.04083408558608e-17
200,170,0.0279546807783629,0.0279546807783629,0.0279546807783629,1.04083408558608e-17
200,171,0.0235051320300367,0.0235051320300366,0.0235051320300367,1.21430643318376e-16
200,172,0.0253416909521303,0.0253416909521303,0.0253416909521303,0
200,173,0.0192023263338505,0.0192023263338505,0.0192023263338505,6.93889390390723e-18
200,174,0.0157620299896893,0.0157620299896893,0.0157620299896893,1.38777878078145e-17
200,175,0.0235156057364436,0.0235156057364435,0.0235156057364436,1.38777878078145e-17
200,176,0.0215380117124031,0.0215380117124031,0.0215380117124031,1.73472347597681e-17
200,177,0.015291167038845,0.015291167038845,0.015291167038845,5.20417042793042e-18
200,178,0.0229404707583277,0.0229404707583277,0.0229404707583277,1.73472347597681e-17
200,179,0.013491721867405,0.013491721867405,0.013491721867405,5.20417042793042e-18
200,180,0.0221231163138755,0.0221231163138756,0.0221231163138756,1.38777878078145e-17
200,181,0.0149114672378296,0.0149114672378296,0.0149114672378296,1.73472347597681e-17
200,182,0.0245062075177374,0.0245062075177371,0.0245062075177374,3.01841884819964e-16
200,183,0.0141471721821293,0.0141471721821293,0.0141471721821293,7.97972798949331e-17
200,184,0.0175524367619847,0.0175524367619847,0.0175524367619847,0
200,185,0.0203808584115206,0.0203808584115207,0.0203808584115206,1.73472347597681e-17
200,186,0.0170441508247619,0.0170441508247619,0.0170441508247619,6.93889390390723e-18
200,187,0.0228119713202717,0.0228119713202717,0.0228119713202717,1.04083408558608e-17
200,188,0.018427739167898,0.018427739167898,0.018427739167898,6.93889390390723e-18
200,189,0.0154025428177979,0.0154025428177978,0.0154025428177979,5.72458747072346e-17
200,190,0.0197644250438277,0.0197644250438277,0.0197644250438277,4.5102810375397e-17
200,191,0.0241118154772237,0.0241118154772237,0.0241118154772237,1.04083408558608e-17
200,192,0.0203991433554607,0.0203991433554607,0.0203991433554607,6.93889390390723e-18
200,193,0.0208803930422999,0.0208803930422999,0.0208803930422998,1.04083408558608e-17
200,194,0.0169917975248124,0.0169917975248124,0.0169917975248124,1.04083408558608e-17
200,195,0.0195292995723558,0.0195292995723558,0.0195292995723558,5.55111512312578e-17
200,196,0.0244339024143611,0.0244339024143611,0.0244339024143612,3.46944695195361e-17
200,197,0.0194970170065637,0.0194970170065637,0.0194970170065637,2.77555756156289e-17
200,198,0.0170764792748478,0.0170764792748478,0.0170764792748478,6.24500451351651e-17
200,199,0.0222811975001615,0.0222811975001615,0.0222811975001615,6.93889390390723e-18
200,200,0.024515936685435,0.024515936685435,0.024515936685435,1.73472347597681e-17
1000,1,0.00761707276074715,0.00761707276074715,0.00761707276074715,0
1000,2,0.00852701444843309,0.00852701444843307,0.0085270144484331,2.60208521396521e-17
1000,3,0.00946218326237776,0.00946218326237776,0.00946218326237776,0
1000,4,0.00747732229832327,0.00747732229832325,0.00747732229832325,1.38777878078145e-17
1000,5,0.00691522368030903,0.00691522368030907,0.00691522368030904,3.55618312575245e-17
1000,6,0.00947642893339552,0.00947642893339552,0.00947642893339552,6.93889390390723e-18
1000,7,0.00787253896864434,0.00787253896864433,0.00787253896864434,5.20417042793042e-18
1000,8,0.00685011674213129,0.00685011674213128,0.00685011674213129,6.93889390390723e-18
1000,9,0.00922645370442984,0.00922645370442983,0.00922645370442983,6.93889390390723e-18
1000,10,0.00994607871065627,0.00994607871065626,0.00994607871065628,1.56125112837913e-17
1000,11,0.00645884127820619,0.00645884127820619,0.00645884127820619,4.33680868994202e-18
1000,12,0.00709679252262419,0.00709679252262417,0.00709679252262418,2.08166817117217e-17
1000,13,0.00710049569544594,0.00710049569544594,0.00710049569544595,6.93889390390723e-18
1000,14,0.00834079265968382,0.00834079265968378,0.00834079265968381,3.98986399474666e-17
1000,15,0.00903950396548141,0.00903950396548146,0.00903950396548142,4.85722573273506e-17
1000,16,0.00757874488275301,0.00757874488275302,0.007578744882753,1.04083408558608e-17
1000,17,0.00597854102125885,0.00597854102125885,0.00597854102125885,2.60208521396521e-18
1000,18,0.00683771274698783,0.00683771274698783,0.00683771274698783,3.46944695195361e-18
1000,19,0.00754560983231268,0.00754560983231269,0.00754560983231268,1.04083408558608e-17
1000,20,0.00747063672983686,0.00747063672983687,0.00747063672983686,6.93889390390723e-18
1000,21,0.00634905353001729,0.00634905353001727,0.00634905353001728,1.38777878078145e-17
1000,22,0.00923516622479138,0.00923516622479136,0.00923516622479137,1.38777878078145e-17
1000,23,0.00617132237595689,0.00617132237595689,0.0061713223759569,3.46944695195361e-18
1000,24,0.00711057097675967,0.00711057097675968,0.00711057097675966,1.73472347597681e-17
1000,25,0.00724419940042499,0.00724419940042501,0.00724419940042499,2.16840434497101e-17
1000,26,0.0108550845200833,0.0108550845200834,0.0108550845200834,7.11236625150491e-17
1000,27,0.00718917517150245,0.00718917517150246,0.00718917517150245,6.93889390390723e-18
1000,28,0.00670233736812501,0.00670233736812501,0.00670233736812501,3.46944695195361e-18
1000,29,0.00609903043528513,0.00609903043528517,0.00609903043528513,3.38271077815477e-17
1000,30,0.0058724667001346,0.00587246670013464,0.00587246670013461,4.25007251614318e-17
1000,31,0.00733681287914489,0.00733681287914489,0.0073368128791449,1.38777878078145e-17
1000,32,0.0069771695718226,0.0069771695718226,0.0069771695718226,6.93889390390723e-18
1000,33,0.00772678964156912,0.00772678964156911,0.00772678964156912,1.04083408558608e-17
1000,34,0.00794271186264145,0.00794271186264145,0.00794271186264145,0
1000,35,0.00671098198839922,0.00671098198839923,0.00671098198839923,6.93889390390723e-18
1000,36,0.00934711445331523,0.00934711445331498,0.00934711445331524,2.46330733588707e-16
1000,37,0.00829936536037466,0.00829936536037466,0.00829936536037466,0
1000,38,0.00766422505736771,0.00766422505736771,0.00766422505736771,0
1000,39,0.00810252868979049,0.0081025286897904,0.0081025286897905,8.67361737988404e-17
1000,40,0.00775904369305136,0.00775904369305135,0.00775904369305136,8.67361737988404e-18
1000,41,0.00661224117957647,0.00661224117957648,0.00661224117957647,6.93889390390723e-18
1000,42,0.00678462423386496,0.00678462423386498,0.00678462423386497,2.16840434497101e-17
1000,43,0.00940009001237981,0.00940009001237979,0.00940009001237981,1.38777878078145e-17
1000,44,0.00769884352381699,0.00769884352381699,0.00769884352381698,1.12757025938492e-17
1000,45,0.00606987491620344,0.00606987491620344,0.00606987491620344,0
1000,46,0.00957941808177072,0.00957941808177081,0.00957941808177074,9.0205620750794e-17
1000,47,0.00814426286217223,0.00814426286217223,0.00814426286217223,0
1000,48,0.00873315916937592,0.00873315916937592,0.00873315916937592,3.46944695195361e-18
1000,49,0.00942732443859175,0.00942732443859176,0.00942732443859176,1.38777878078145e-17
1000,50,0.0054830877794837,0.0054830877794837,0.0054830877794837,0
1000,51,0.00884691932467586,0.00884691932467588,0.00884691932467586,2.08166817117217e-17
1000,52,0.00747884265195532,0.00747884265195531,0.00747884265195531,1.04083408558608e-17
1000,53,0.0094659742237487,0.00946597422374867,0.00946597422374868,2.77555756156289e-17
1000,54,0.00676219960342792,0.00676219960342792,0.00676219960342792,6.93889390390723e-18
1000,55,0.00625454956855077,0.00625454956855074,0.00625454956855077,2.68882138776405e-17
1000,56,0.00771679789580428,0.00771679789580401,0.00771679789580428,2.70616862252382e-16
1000,57,0.00752873821956017,0.00752873821956017,0.00752873821956017,3.46944695195361e-18
1000,58,0.00770765873198353,0.00770765873198353,0.00770765873198352,3.46944695195361e-18
1000,59,0.00685709235597496,0.00685709235597496,0.00685709235597496,0
1000,60,0.00783802810859209,0.00783802810859209,0.00783802810859208,6.93889390390723e-18
1000,61,0.00722435672950513,0.00722435672950513,0.00722435672950514,1.38777878078145e-17
1000,62,0.0075782880291874,0.00757828802918742,0.0075782880291874,2.16840434497101e-17
1000,63,0.00684396994505268,0.00684396994505268,0.00684396994505268,3.46944695195361e-18
1000,64,0.00787885722082283,0.00787885722082282,0.00787885722082282,6.93889390390723e-18
1000,65,0.0102340893501686,0.0102340893501686,0.0102340893501686,6.93889390390723e-18
1000,66,0.0107106662634913,0.0107106662634913,0.0107106662634913,6.93889390390723e-18
1000,67,0.0118304539386695,0.0118304539386695,0.0118304539386695,6.93889390390723e-18
1000,68,0.00821998365648707,0.00821998365648706,0.00821998365648707,1.38777878078145e-17
1000,69,0.00674875867070729,0.00674875867070729,0.00674875867070729,0
1000,70,0.00875048084775236,0.00875048084775232,0.00875048084775236,3.29597460435593e-17
1000,71,0.00651639771075138,0.00651639771075141,0.00651639771075138,3.20923843055709e-17
1000,72,0.00885848735380674,0.00885848735380674,0.00885848735380674,3.46944695195361e-18
1000,73,0.0103785729132016,0.0103785729132016,0.0103785729132016,1.38777878078145e-17
1000,74,0.00877511083520298,0.00877511083520298,0.00877511083520298,0
1000,75,0.00779721660253684,0.00779721660253683,0.00779721660253684,1.47451495458029e-17
1000,76,0.0100477670399116,0.0100477670399115,0.0100477670399115,4.33680868994202e-17
1000,77,0.0101065074628914,0.0101065074628915,0.0101065074628915,1.38777878078145e-17
1000,78,0.00840800038108672,0.00840800038108671,0.00840800038108671,1.38777878078145e-17
1000,79,0.00789772792487683,0.00789772792487685,0.00789772792487682,2.08166817117217e-17
1000,80,0.00618518637702651,0.00618518637702648,0.00618518637702651,3.55618312575245e-17
1000,81,0.00721885656991015,0.00721885656991016,0.00721885656991015,7.80625564189563e-18
1000,82,0.010927359833113,0.010927359833113,0.010927359833113,1.38777878078145e-17
1000,83,0.00875519439432244,0.00875519439432244,0.00875519439432244,0
1000,84,0.00601607017346511,0.00601607017346511,0.00601607017346511,3.46944695195361e-18
1000,85,0.00900338234083324,0.00900338234083324,0.00900338234083324,0
1000,86,0.00679539472100538,0.00679539472100536,0.00679539472100538,2.16840434497101e-17
1000,87,0.010436536794293,0.010436536794293,0.010436536794293,1.38777878078145e-17
1000,88,0.00677722017127142,0.00677722017127142,0.00677722017127141,7.80625564189563e-18
1000,89,0.00926545836909526,0.00926545836909526,0.00926545836909526,0
1000,90,0.00754257123892332,0.00754257123892332,0.00754257123892332,8.67361737988404e-18
1000,91,0.00802329256442504,0.00802329256442505,0.00802329256442503,6.93889390390723e-18
1000,92,0.00720451153748161,0.00720451153748161,0.00720451153748162,5.20417042793042e-18
1000,93,0.00699456766513119,0.00699456766513119,0.00699456766513119,3.46944695195361e-18
1000,94,0.00811322872452994,0.00811322872452993,0.00811322872452995,6.93889390390723e-18
1000,95,0.00782490640502329,0.00782490640502328,0.00782490640502329,6.93889390390723e-18
1000,96,0.00950368956414065,0.00950368956414066,0.00950368956414066,1.73472347597681e-17
1000,97,0.00895527782762414,0.00895527782762414,0.00895527782762414,6.93889390390723e-18
1000,98,0.00912624862813089,0.00912624862813089,0.00912624862813088,6.93889390390723e-18
1000,99,0.00570787259614636,0.00570787259614636,0.00570787259614637,3.46944695195361e-18
1000,100,0.0102930900736986,0.0102930900736986,0.0102930900736986,6.93889390390723e-18
1000,101,0.0081592052277147,0.00815920522771471,0.0081592052277147,1.38777878078145e-17
1000,102,0.00570581217199626,0.00570581217199625,0.00570581217199625,3.46944695195361e-18
1000,103,0.0112681146411363,0.0112681146411363,0.0112681146411363,1.90819582357449e-17
1000,104,0.0119652810227118,0.0119652810227116,0.0119652810227118,2.04697370165263e-16
1000,105,0.00604525987397957,0.00604525987397957,0.00604525987397957,3.46944695195361e-18
1000,106,0.00586346507512201,0.00586346507512201,0.00586346507512201,3.46944695195361e-18
1000,107,0.00717881603772314,0.00717881603772314,0.00717881603772314,0
1000,108,0.00584315099165769,0.00584315099165769,0.00584315099165769,5.20417042793042e-18
1000,109,0.00853938349971641,0.00853938349971617,0.00853938349971641,2.46330733588707e-16
1000,110,0.00753223365853754,0.00753223365853752,0.00753223365853754,1.82145964977565e-17
1000,111,0.00634052649376861,0.00634052649376861,0.00634052649376862,1.47451495458029e-17
1000,112,0.00855523802046024,0.00855523802046024,0.00855523802046024,0
1000,113,0.00637436649396764,0.00637436649396765,0.00637436649396764,5.20417042793042e-18
1000,114,0.00643941347311864,0.00643941347311862,0.00643941347311866,1.73472347597681e-17
1000,115,0.00685707071604626,0.00685707071604625,0.00685707071604625,6.93889390390723e-18
1000,116,0.00732052328985726,0.00732052328985725,0.00732052328985726,6.93889390390723e-18
1000,117,0.00783075792982859,0.00783075792982857,0.00783075792982859,1.38777878078145e-17
1000,118,0.00862996608633041,0.00862996608633041,0.00862996608633041,3.46944695195361e-18
1000,119,0.00695685963112352,0.00695685963112354,0.00695685963112354,1.82145964977565e-17
1000,120,0.00881665828304212,0.00881665828304215,0.00881665828304212,2.94902990916057e-17
1000,121,0.00674212737280193,0.00674212737280193,0.00674212737280193,3.46944695195361e-18
1000,122,0.00861000760013991,0.00861000760013991,0.0086100076001399,6.93889390390723e-18
1000,123,0.00663497871833332,0.00663497871833335,0.00663497871833333,2.77555756156289e-17
1000,124,0.00673279756508521,0.00673279756508521,0.0067327975650852,6.93889390390723e-18
1000,125,0.0100798594909741,0.0100798594909741,0.0100798594909741,0
1000,126,0.00859934852155516,0.00859934852155513,0.00859934852155517,3.64291929955129e-17
1000,127,0.00893004837812322,0.00893004837812322,0.00893004837812323,1.38777878078145e-17
1000,128,0.0079332525951101,0.00793325259511011,0.00793325259511009,8.67361737988404e-18
1000,129,0.00601057303681115,0.00601057303681114,0.00601057303681114,6.93889390390723e-18
1000,130,0.00739692360367119,0.00739692360367119,0.00739692360367119,3.46944695195361e-18
1000,131,0.00814213020088943,0.0081421302008895,0.00814213020088944,7.11236625150491e-17
1000,132,0.00909013301852497,0.0090901330185249,0.00909013301852498,7.11236625150491e-17
1000,133,0.00716727572165334,0.00716727572165331,0.00716727572165335,2.86229373536173e-17
1000,134,0.0062332565174578,0.0062332565174578,0.0062332565174578,6.93889390390723e-18
1000,135,0.00703448652682327,0.00703448652682328,0.00703448652682329,2.16840434497101e-17
1000,136,0.00687506979106705,0.00687506979106704,0.00687506979106705,1.21430643318376e-17
1000,137,0.00781963818403785,0.00781963818403786,0.00781963818403786,6.93889390390723e-18
1000,138,0.00844923059630413,0.00844923059630413,0.00844923059630414,3.46944695195361e-18
1000,139,0.0111251998028087,0.0111251998028087,0.0111251998028087,1.21430643318376e-17
1000,140,0.00779658672702031,0.0077965867270203,0.00779658672702031,1.47451495458029e-17
1000,141,0.00642292741861763,0.00642292741861763,0.00642292741861763,7.80625564189563e-18
1000,142,0.00746064025080527,0.00746064025080527,0.00746064025080527,6.93889390390723e-18
1000,143,0.00726640429552615,0.00726640429552612,0.00726640429552615,2.86229373536173e-17
1000,144,0.008019625719927,0.00801962571992699,0.00801962571992699,1.04083408558608e-17
1000,145,0.00589281832455929,0.00589281832455929,0.00589281832455929,7.80625564189563e-18
1000,146,0.00743429881899597,0.00743429881899584,0.00743429881899596,1.27502175484295e-16
1000,147,0.0069143994771194,0.0069143994771194,0.00691439947711941,3.46944695195361e-18
1000,148,0.00820110967803036,0.00820110967803046,0.00820110967803036,1.07552855510562e-16
1000,149,0.00735762263403,0.00735762263403001,0.00735762263403,4.33680868994202e-18
1000,150,0.00830379011515111,0.0083037901151511,0.0083037901151511,3.46944695195361e-18
1000,151,0.00696902785041835,0.00696902785041837,0.00696902785041835,1.82145964977565e-17
1000,152,0.0082099182751711,0.00820991827517121,0.0082099182751711,1.07552855510562e-16
1000,153,0.00725308444000956,0.00725308444000958,0.00725308444000954,2.08166817117217e-17
1000,154,0.00967531079307661,0.00967531079307663,0.00967531079307659,2.77555756156289e-17
1000,155,0.00709428043943802,0.00709428043943823,0.007094280439438,2.13370987545147e-16
1000,156,0.00741897574083335,0.00741897574083336,0.00741897574083335,1.38777878078145e-17
1000,157,0.00820113696270281,0.0082011369627028,0.00820113696270281,1.38777878078145e-17
1000,158,0.00732522167603419,0.0073252216760342,0.0073252216760342,6.93889390390723e-18
1000,159,0.00717153743891926,0.00717153743891924,0.00717153743891925,2.16840434497101e-17
1000,160,0.0104577383427705,0.0104577383427705,0.0104577383427705,6.93889390390723e-18
1000,161,0.00773360321156157,0.0077336032115616,0.00773360321156159,2.86229373536173e-17
1000,162,0.0115962579234546,0.0115962579234546,0.0115962579234545,2.25514051876985e-17
1000,163,0.00689455803211544,0.00689455803211543,0.00689455803211543,6.93889390390723e-18
1000,164,0.00997561569979375,0.00997561569979373,0.00997561569979376,2.08166817117217e-17
1000,165,0.00877143231062857,0.00877143231062866,0.00877143231062858,9.19403442267708e-17
1000,166,0.00733721644087956,0.00733721644087957,0.00733721644087957,1.47451495458029e-17
1000,167,0.00685628746668949,0.00685628746668949,0.0068562874666895,6.93889390390723e-18
1000,168,0.00778755544156176,0.00778755544156176,0.00778755544156177,6.93889390390723e-18
1000,169,0.00768623078979163,0.00768623078979161,0.00768623078979161,1.73472347597681e-17
1000,170,0.00919730656913248,0.00919730656913248,0.00919730656913248,3.46944695195361e-18
1000,171,0.00674878336262256,0.00674878336262255,0.00674878336262255,6.93889390390723e-18
1000,172,0.0071095695500988,0.00710956955009878,0.00710956955009878,1.38777878078145e-17
1000,173,0.00860411596667888,0.00860411596667888,0.00860411596667887,3.46944695195361e-18
1000,174,0.00767786398307287,0.00767786398307287,0.00767786398307287,0
1000,175,0.00920854228053243,0.00920854228053234,0.00920854228053243,8.50014503228635e-17
1000,176,0.00777356525345749,0.00777356525345749,0.00777356525345749,3.46944695195361e-18
1000,177,0.00880393400103016,0.00880393400103014,0.00880393400103015,1.56125112837913e-17
1000,178,0.00549652350253913,0.00549652350253907,0.00549652350253912,5.98479599211998e-17
1000,179,0.0066963983465136,0.0066963983465136,0.0066963983465136,6.93889390390723e-18
1000,180,0.00559001658573635,0.00559001658573634,0.00559001658573633,1.82145964977565e-17
1000,181,0.00793087624886987,0.00793087624886983,0.00793087624886987,3.64291929955129e-17
1000,182,0.00867509082738405,0.00867509082738406,0.00867509082738406,6.93889390390723e-18
1000,183,0.00870967533705738,0.00870967533705738,0.00870967533705737,6.93889390390723e-18
1000,184,0.00687522642773621,0.00687522642773622,0.00687522642773622,1.47451495458029e-17
1000,185,0.00638367536137255,0.00638367536137257,0.00638367536137255,2.77555756156289e-17
1000,186,0.0061778811180054,0.00617788111800539,0.0061778811180054,6.93889390390723e-18
1000,187,0.00756068943761983,0.00756068943761983,0.00756068943761983,0
1000,188,0.00883782152589066,0.00883782152589066,0.00883782152589067,6.93889390390723e-18
1000,189,0.00851122948771268,0.00851122948771268,0.00851122948771268,3.46944695195361e-18
1000,190,0.00796784884697742,0.00796784884697743,0.00796784884697743,6.93889390390723e-18
1000,191,0.00705714566818175,0.00705714566818175,0.00705714566818175,0
1000,192,0.00801035190484951,0.00801035190484951,0.00801035190484951,3.46944695195361e-18
1000,193,0.00868572136662477,0.00868572136662477,0.00868572136662476,6.93889390390723e-18
1000,194,0.00807982695683793,0.00807982695683793,0.00807982695683793,6.93889390390723e-18
1000,195,0.00745700596529262,0.00745700596529261,0.00745700596529262,1.47451495458029e-17
1000,196,0.00772275247049055,0.00772275247049055,0.00772275247049055,6.93889390390723e-18
1000,197,0.0104858218814834,0.0104858218814834,0.0104858218814834,1.38777878078145e-17
1000,198,0.00722290136549695,0.00722290136549695,0.00722290136549695,4.33680868994202e-18
1000,199,0.00990457507800169,0.00990457507800171,0.00990457507800169,1.38777878078145e-17
1000,200,0.00671711867234784,0.0067171186723479,0.00671711867234784,5.63785129692462e-17
