"n_cells","null_type","mu","alpha","min_expression","norm_method","n_tested","frac_tested","median_n_expressing","median_distinct_frac","fpr_modified","fpr_original","ks_modified","ks_original"
200,"normal",3,0.01,1.6094379124341,"lognorm",1000,1,71,1,0.022,0.001,0.124037144466124,0.324076785336081
200,"normal",3,0.05,1.6094379124341,"lognorm",1000,1,71,1,0.092,0.003,0.124037144466124,0.324076785336081
200,"normal",3,0.1,1.6094379124341,"lognorm",1000,1,71,1,0.16,0.015,0.124037144466124,0.324076785336081
200,"lognormal",3,0.01,1.6094379124341,"lognorm",1000,1,77,1,0.014,0.001,0.0500438259650906,0.391206445402013
200,"lognormal",3,0.05,1.6094379124341,"lognorm",1000,1,77,1,0.056,0.005,0.0500438259650906,0.391206445402013
200,"lognormal",3,0.1,1.6094379124341,"lognorm",1000,1,77,1,0.116,0.011,0.0500438259650906,0.391206445402013
200,"gamma",3,0.01,1.6094379124341,"lognorm",1000,1,64.5,1,0.011,0.001,0.0536577764249792,0.374860119619298
200,"gamma",3,0.05,1.6094379124341,"lognorm",1000,1,64.5,1,0.064,0.003,0.0536577764249792,0.374860119619298
200,"gamma",3,0.1,1.6094379124341,"lognorm",1000,1,64.5,1,0.11,0.01,0.0536577764249792,0.374860119619298
200,"nb",3,0.01,1.6094379124341,"lognorm",733,0.733,39,1,0.0204638472032742,0.00136425648021828,0.162747661213705,0.20610271412856
200,"nb",3,0.05,1.6094379124341,"lognorm",733,0.733,39,1,0.110504774897681,0.00682128240109141,0.162747661213705,0.20610271412856
200,"nb",3,0.1,1.6094379124341,"lognorm",733,0.733,39,1,0.17462482946794,0.0245566166439291,0.162747661213705,0.20610271412856
200,"zinb",3,0.01,1.6094379124341,"lognorm",34,0.034,36,1,0,0,0.290932385217994,0.268484408177951
200,"zinb",3,0.05,1.6094379124341,"lognorm",34,0.034,36,1,0.117647058823529,0,0.290932385217994,0.268484408177951
200,"zinb",3,0.1,1.6094379124341,"lognorm",34,0.034,36,1,0.176470588235294,0.0294117647058824,0.290932385217994,0.268484408177951
200,"normal",10,0.01,1.6094379124341,"lognorm",1000,1,181,1,0.021,0,0.109205488908404,0.468960118910832
200,"normal",10,0.05,1.6094379124341,"lognorm",1000,1,181,1,0.082,0.002,0.109205488908404,0.468960118910832
200,"normal",10,0.1,1.6094379124341,"lognorm",1000,1,181,1,0.152,0.007,0.109205488908404,0.468960118910832
200,"lognormal",10,0.01,1.6094379124341,"lognorm",1000,1,158,1,0.015,0,0.0542482759208283,0.490683139305445
200,"lognormal",10,0.05,1.6094379124341,"lognorm",1000,1,158,1,0.067,0.001,0.0542482759208283,0.490683139305445
200,"lognormal",10,0.1,1.6094379124341,"lognorm",1000,1,158,1,0.122,0.004,0.0542482759208283,0.490683139305445
200,"gamma",10,0.01,1.6094379124341,"lognorm",1000,1,122,1,0.018,0,0.0698084562785414,0.422026117232309
200,"gamma",10,0.05,1.6094379124341,"lognorm",1000,1,122,1,0.066,0.002,0.0698084562785414,0.422026117232309
200,"gamma",10,0.1,1.6094379124341,"lognorm",1000,1,122,1,0.134,0.008,0.0698084562785414,0.422026117232309
200,"nb",10,0.01,1.6094379124341,"lognorm",1000,1,101,1,0.027,0,0.17391483830318,0.320096629562758
200,"nb",10,0.05,1.6094379124341,"lognorm",1000,1,101,1,0.105,0.006,0.17391483830318,0.320096629562758
200,"nb",10,0.1,1.6094379124341,"lognorm",1000,1,101,1,0.199,0.014,0.17391483830318,0.320096629562758
200,"zinb",10,0.01,1.6094379124341,"lognorm",1000,1,87,1,0.053,0.002,0.187320097438042,0.275489496869921
200,"zinb",10,0.05,1.6094379124341,"lognorm",1000,1,87,1,0.135,0.008,0.187320097438042,0.275489496869921
200,"zinb",10,0.1,1.6094379124341,"lognorm",1000,1,87,1,0.234,0.025,0.187320097438042,0.275489496869921
200,"zinb_high",10,0.01,1.6094379124341,"lognorm",1000,1,59,1,0.029,0,0.174565045087631,0.242460031122911
200,"zinb_high",10,0.05,1.6094379124341,"lognorm",1000,1,59,1,0.116,0.011,0.174565045087631,0.242460031122911
200,"zinb_high",10,0.1,1.6094379124341,"lognorm",1000,1,59,1,0.206,0.028,0.174565045087631,0.242460031122911
200,"normal",30,0.01,1.6094379124341,"lognorm",1000,1,200,1,0.013,0,0.0267762792897381,0.53909366100296
200,"normal",30,0.05,1.6094379124341,"lognorm",1000,1,200,1,0.056,0.003,0.0267762792897381,0.53909366100296
200,"normal",30,0.1,1.6094379124341,"lognorm",1000,1,200,1,0.106,0.005,0.0267762792897381,0.53909366100296
200,"lognormal",30,0.01,1.6094379124341,"lognorm",1000,1,187,1,0.01,0,0.0605242348573371,0.496456789446042
200,"lognormal",30,0.05,1.6094379124341,"lognorm",1000,1,187,1,0.062,0,0.0605242348573371,0.496456789446042
200,"lognormal",30,0.1,1.6094379124341,"lognorm",1000,1,187,1,0.124,0,0.0605242348573371,0.496456789446042
200,"gamma",30,0.01,1.6094379124341,"lognorm",1000,1,152,1,0.019,0,0.0854739175535506,0.463393308778248
200,"gamma",30,0.05,1.6094379124341,"lognorm",1000,1,152,1,0.081,0.002,0.0854739175535506,0.463393308778248
200,"gamma",30,0.1,1.6094379124341,"lognorm",1000,1,152,1,0.141,0.005,0.0854739175535506,0.463393308778248
200,"nb",30,0.01,1.6094379124341,"lognorm",1000,1,139,1,0.034,0,0.218020458618394,0.343815438260841
200,"nb",30,0.05,1.6094379124341,"lognorm",1000,1,139,1,0.132,0.002,0.218020458618394,0.343815438260841
200,"nb",30,0.1,1.6094379124341,"lognorm",1000,1,139,1,0.219,0.017,0.218020458618394,0.343815438260841
200,"zinb",30,0.01,1.6094379124341,"lognorm",1000,1,131,1,0.032,0.002,0.179700168911888,0.353698163726314
200,"zinb",30,0.05,1.6094379124341,"lognorm",1000,1,131,1,0.118,0.004,0.179700168911888,0.353698163726314
200,"zinb",30,0.1,1.6094379124341,"lognorm",1000,1,131,1,0.202,0.015,0.179700168911888,0.353698163726314
200,"zinb_high",30,0.01,1.6094379124341,"lognorm",1000,1,110,1,0.032,0,0.189478432719901,0.316163978621687
200,"zinb_high",30,0.05,1.6094379124341,"lognorm",1000,1,110,1,0.115,0.004,0.189478432719901,0.316163978621687
200,"zinb_high",30,0.1,1.6094379124341,"lognorm",1000,1,110,1,0.205,0.012,0.189478432719901,0.316163978621687
200,"normal",100,0.01,1.6094379124341,"lognorm",1000,1,200,1,0.013,0,0.0234990612000701,0.559021503106552
200,"normal",100,0.05,1.6094379124341,"lognorm",1000,1,200,1,0.057,0,0.0234990612000701,0.559021503106552
200,"normal",100,0.1,1.6094379124341,"lognorm",1000,1,200,1,0.106,0.003,0.0234990612000701,0.559021503106552
200,"lognormal",100,0.01,1.6094379124341,"lognorm",1000,1,197,1,0.012,0,0.0306882143202934,0.555141235978148
200,"lognormal",100,0.05,1.6094379124341,"lognorm",1000,1,197,1,0.056,0,0.0306882143202934,0.555141235978148
200,"lognormal",100,0.1,1.6094379124341,"lognorm",1000,1,197,1,0.112,0,0.0306882143202934,0.555141235978148
200,"gamma",100,0.01,1.6094379124341,"lognorm",1000,1,169,1,0.018,0,0.0745590619763495,0.498107134863786
200,"gamma",100,0.05,1.6094379124341,"lognorm",1000,1,169,1,0.068,0,0.0745590619763495,0.498107134863786
200,"gamma",100,0.1,1.6094379124341,"lognorm",1000,1,169,1,0.128,0.002,0.0745590619763495,0.498107134863786
200,"nb",100,0.01,1.6094379124341,"lognorm",1000,1,155,1,0.039,0,0.174315897741161,0.372260360326724
200,"nb",100,0.05,1.6094379124341,"lognorm",1000,1,155,1,0.126,0.004,0.174315897741161,0.372260360326724
200,"nb",100,0.1,1.6094379124341,"lognorm",1000,1,155,1,0.208,0.014,0.174315897741161,0.372260360326724
200,"zinb",100,0.01,1.6094379124341,"lognorm",1000,1,152,1,0.053,0.001,0.205133204776602,0.34942073962757
200,"zinb",100,0.05,1.6094379124341,"lognorm",1000,1,152,1,0.139,0.005,0.205133204776602,0.34942073962757
200,"zinb",100,0.1,1.6094379124341,"lognorm",1000,1,152,1,0.226,0.013,0.205133204776602,0.34942073962757
200,"zinb_high",100,0.01,1.6094379124341,"lognorm",1000,1,143,1,0.028,0,0.175788525025479,0.374348994610908
200,"zinb_high",100,0.05,1.6094379124341,"lognorm",1000,1,143,1,0.12,0.005,0.175788525025479,0.374348994610908
200,"zinb_high",100,0.1,1.6094379124341,"lognorm",1000,1,143,1,0.206,0.013,0.175788525025479,0.374348994610908
500,"normal",1,0.01,1.6094379124341,"lognorm",330,0.33,37,1,0.0181818181818182,0.00303030303030303,0.0945089161547722,0.283287344110388
500,"normal",1,0.05,1.6094379124341,"lognorm",330,0.33,37,1,0.0636363636363636,0.0121212121212121,0.0945089161547722,0.283287344110388
500,"normal",1,0.1,1.6094379124341,"lognorm",330,0.33,37,1,0.118181818181818,0.0212121212121212,0.0945089161547722,0.283287344110388
500,"lognormal",1,0.01,1.6094379124341,"lognorm",10,0.01,36.5,1,0,0,0.200904031638666,0.466935829935265
500,"lognormal",1,0.05,1.6094379124341,"lognorm",10,0.01,36.5,1,0,0,0.200904031638666,0.466935829935265
500,"lognormal",1,0.1,1.6094379124341,"lognorm",10,0.01,36.5,1,0.1,0,0.200904031638666,0.466935829935265
500,"gamma",1,0.01,1.6094379124341,"lognorm",79,0.079,37,1,0.0506329113924051,0,0.101241820994504,0.394173983219832
500,"gamma",1,0.05,1.6094379124341,"lognorm",79,0.079,37,1,0.126582278481013,0.0253164556962025,0.101241820994504,0.394173983219832
500,"gamma",1,0.1,1.6094379124341,"lognorm",79,0.079,37,1,0.164556962025316,0.0506329113924051,0.101241820994504,0.394173983219832
500,"normal",3,0.01,1.6094379124341,"lognorm",1000,1,177,1,0.018,0,0.126377809406761,0.44376680973636
500,"normal",3,0.05,1.6094379124341,"lognorm",1000,1,177,1,0.088,0.001,0.126377809406761,0.44376680973636
500,"normal",3,0.1,1.6094379124341,"lognorm",1000,1,177,1,0.156,0.003,0.126377809406761,0.44376680973636
500,"lognormal",3,0.01,1.6094379124341,"lognorm",1000,1,192,1,0.008,0,0.0205099731735521,0.564679431429317
500,"lognormal",3,0.05,1.6094379124341,"lognorm",1000,1,192,1,0.043,0.001,0.0205099731735521,0.564679431429317
500,"lognormal",3,0.1,1.6094379124341,"lognorm",1000,1,192,1,0.091,0.004,0.0205099731735521,0.564679431429317
500,"gamma",3,0.01,1.6094379124341,"lognorm",1000,1,163,1,0.014,0,0.0430630145623578,0.505972210547692
500,"gamma",3,0.05,1.6094379124341,"lognorm",1000,1,163,1,0.058,0.002,0.0430630145623578,0.505972210547692
500,"gamma",3,0.1,1.6094379124341,"lognorm",1000,1,163,1,0.12,0.004,0.0430630145623578,0.505972210547692
500,"nb",3,0.01,1.6094379124341,"lognorm",1000,1,93,1,0.033,0,0.130388299584046,0.356364276333977
500,"nb",3,0.05,1.6094379124341,"lognorm",1000,1,93,1,0.109,0.007,0.130388299584046,0.356364276333977
500,"nb",3,0.1,1.6094379124341,"lognorm",1000,1,93,1,0.17,0.017,0.130388299584046,0.356364276333977
500,"zinb",3,0.01,1.6094379124341,"lognorm",1000,1,64,1,0.024,0,0.153566625457093,0.283225374782942
500,"zinb",3,0.05,1.6094379124341,"lognorm",1000,1,64,1,0.103,0.005,0.153566625457093,0.283225374782942
500,"zinb",3,0.1,1.6094379124341,"lognorm",1000,1,64,1,0.188,0.017,0.153566625457093,0.283225374782942
500,"zinb_high",3,0.01,1.6094379124341,"lognorm",137,0.137,37,1,0.0437956204379562,0,0.251613207690967,0.139335564584978
500,"zinb_high",3,0.05,1.6094379124341,"lognorm",137,0.137,37,1,0.167883211678832,0.0145985401459854,0.251613207690967,0.139335564584978
500,"zinb_high",3,0.1,1.6094379124341,"lognorm",137,0.137,37,1,0.284671532846715,0.0583941605839416,0.251613207690967,0.139335564584978
500,"normal",10,0.01,1.6094379124341,"lognorm",1000,1,453,1,0.019,0,0.107584557047874,0.56897739855182
500,"normal",10,0.05,1.6094379124341,"lognorm",1000,1,453,1,0.071,0,0.107584557047874,0.56897739855182
500,"normal",10,0.1,1.6094379124341,"lognorm",1000,1,453,1,0.154,0,0.107584557047874,0.56897739855182
500,"lognormal",10,0.01,1.6094379124341,"lognorm",1000,1,394,1,0.011,0,0.0894588305781488,0.600795258195414
500,"lognormal",10,0.05,1.6094379124341,"lognorm",1000,1,394,1,0.055,0,0.0894588305781488,0.600795258195414
500,"lognormal",10,0.1,1.6094379124341,"lognorm",1000,1,394,1,0.113,0,0.0894588305781488,0.600795258195414
500,"gamma",10,0.01,1.6094379124341,"lognorm",1000,1,306,1,0.01,0,0.0642646921159415,0.561055762421162
500,"gamma",10,0.05,1.6094379124341,"lognorm",1000,1,306,1,0.07,0,0.0642646921159415,0.561055762421162
500,"gamma",10,0.1,1.6094379124341,"lognorm",1000,1,306,1,0.132,0.002,0.0642646921159415,0.561055762421162
500,"nb",10,0.01,1.6094379124341,"lognorm",1000,1,252,1,0.041,0,0.222034042731382,0.395659432487755
500,"nb",10,0.05,1.6094379124341,"lognorm",1000,1,252,1,0.163,0.002,0.222034042731382,0.395659432487755
500,"nb",10,0.1,1.6094379124341,"lognorm",1000,1,252,1,0.245,0.013,0.222034042731382,0.395659432487755
500,"zinb",10,0.01,1.6094379124341,"lognorm",1000,1,217,1,0.04,0,0.198127945327272,0.405180013752559
500,"zinb",10,0.05,1.6094379124341,"lognorm",1000,1,217,1,0.135,0.001,0.198127945327272,0.405180013752559
500,"zinb",10,0.1,1.6094379124341,"lognorm",1000,1,217,1,0.23,0.011,0.198127945327272,0.405180013752559
500,"zinb_high",10,0.01,1.6094379124341,"lognorm",1000,1,145,1,0.035,0,0.188077797493582,0.370520620754171
500,"zinb_high",10,0.05,1.6094379124341,"lognorm",1000,1,145,1,0.108,0.002,0.188077797493582,0.370520620754171
500,"zinb_high",10,0.1,1.6094379124341,"lognorm",1000,1,145,1,0.197,0.008,0.188077797493582,0.370520620754171
500,"normal",30,0.01,1.6094379124341,"lognorm",1000,1,500,1,0.008,0,0.0291486647574845,0.675055804383438
500,"normal",30,0.05,1.6094379124341,"lognorm",1000,1,500,1,0.055,0,0.0291486647574845,0.675055804383438
500,"normal",30,0.1,1.6094379124341,"lognorm",1000,1,500,1,0.098,0,0.0291486647574845,0.675055804383438
500,"lognormal",30,0.01,1.6094379124341,"lognorm",1000,1,468,1,0.006,0,0.0221111221501092,0.651696531263422
500,"lognormal",30,0.05,1.6094379124341,"lognorm",1000,1,468,1,0.045,0,0.0221111221501092,0.651696531263422
500,"lognormal",30,0.1,1.6094379124341,"lognorm",1000,1,468,1,0.098,0,0.0221111221501092,0.651696531263422
500,"gamma",30,0.01,1.6094379124341,"lognorm",1000,1,379,1,0.012,0,0.0883546709241135,0.581184309760035
500,"gamma",30,0.05,1.6094379124341,"lognorm",1000,1,379,1,0.066,0,0.0883546709241135,0.581184309760035
500,"gamma",30,0.1,1.6094379124341,"lognorm",1000,1,379,1,0.124,0.001,0.0883546709241135,0.581184309760035
500,"nb",30,0.01,1.6094379124341,"lognorm",1000,1,347,1,0.056,0.001,0.264760122014514,0.393896415328304
500,"nb",30,0.05,1.6094379124341,"lognorm",1000,1,347,1,0.185,0.003,0.264760122014514,0.393896415328304
500,"nb",30,0.1,1.6094379124341,"lognorm",1000,1,347,1,0.299,0.008,0.264760122014514,0.393896415328304
500,"zinb",30,0.01,1.6094379124341,"lognorm",1000,1,328,1,0.051,0,0.233610745480126,0.430551294164364
500,"zinb",30,0.05,1.6094379124341,"lognorm",1000,1,328,1,0.148,0.001,0.233610745480126,0.430551294164364
500,"zinb",30,0.1,1.6094379124341,"lognorm",1000,1,328,1,0.248,0.007,0.233610745480126,0.430551294164364
500,"zinb_high",30,0.01,1.6094379124341,"lognorm",1000,1,273,1,0.03,0,0.188476712484747,0.438193856385662
500,"zinb_high",30,0.05,1.6094379124341,"lognorm",1000,1,273,1,0.131,0.001,0.188476712484747,0.438193856385662
500,"zinb_high",30,0.1,1.6094379124341,"lognorm",1000,1,273,1,0.233,0.008,0.188476712484747,0.438193856385662
500,"normal",100,0.01,1.6094379124341,"lognorm",1000,1,500,1,0.009,0,0.0309845099006797,0.657485290374079
500,"normal",100,0.05,1.6094379124341,"lognorm",1000,1,500,1,0.047,0,0.0309845099006797,0.657485290374079
500,"normal",100,0.1,1.6094379124341,"lognorm",1000,1,500,1,0.088,0,0.0309845099006797,0.657485290374079
500,"lognormal",100,0.01,1.6094379124341,"lognorm",1000,1,491,1,0.004,0,0.0403603950902361,0.67173143921871
500,"lognormal",100,0.05,1.6094379124341,"lognorm",1000,1,491,1,0.042,0,0.0403603950902361,0.67173143921871
500,"lognormal",100,0.1,1.6094379124341,"lognorm",1000,1,491,1,0.083,0,0.0403603950902361,0.67173143921871
500,"gamma",100,0.01,1.6094379124341,"lognorm",1000,1,423,1,0.015,0,0.101277611196445,0.583306515915073
500,"gamma",100,0.05,1.6094379124341,"lognorm",1000,1,423,1,0.074,0.001,0.101277611196445,0.583306515915073
500,"gamma",100,0.1,1.6094379124341,"lognorm",1000,1,423,1,0.122,0.002,0.101277611196445,0.583306515915073
500,"nb",100,0.01,1.6094379124341,"lognorm",1000,1,387,1,0.029,0,0.232675661995489,0.481401106398064
500,"nb",100,0.05,1.6094379124341,"lognorm",1000,1,387,1,0.124,0,0.232675661995489,0.481401106398064
500,"nb",100,0.1,1.6094379124341,"lognorm",1000,1,387,1,0.22,0.002,0.232675661995489,0.481401106398064
500,"zinb",100,0.01,1.6094379124341,"lognorm",1000,1,380,1,0.039,0,0.263350977228125,0.441575143098616
500,"zinb",100,0.05,1.6094379124341,"lognorm",1000,1,380,1,0.14,0.001,0.263350977228125,0.441575143098616
500,"zinb",100,0.1,1.6094379124341,"lognorm",1000,1,380,1,0.247,0.005,0.263350977228125,0.441575143098616
500,"zinb_high",100,0.01,1.6094379124341,"lognorm",1000,1,357,1,0.04,0,0.194153740781498,0.48675988606705
500,"zinb_high",100,0.05,1.6094379124341,"lognorm",1000,1,357,1,0.137,0.002,0.194153740781498,0.48675988606705
500,"zinb_high",100,0.1,1.6094379124341,"lognorm",1000,1,357,1,0.209,0.005,0.194153740781498,0.48675988606705
1000,"normal",1,0.01,1.6094379124341,"lognorm",965,0.965,63,1,0.0207253886010363,0,0.0693727576937074,0.353814754681043
1000,"normal",1,0.05,1.6094379124341,"lognorm",965,0.965,63,1,0.0880829015544041,0.00310880829015544,0.0693727576937074,0.353814754681043
1000,"normal",1,0.1,1.6094379124341,"lognorm",965,0.965,63,1,0.145077720207254,0.0196891191709845,0.0693727576937074,0.353814754681043
1000,"lognormal",1,0.01,1.6094379124341,"lognorm",306,0.306,53,1,0,0,0.0561102274350866,0.428764266002551
1000,"lognormal",1,0.05,1.6094379124341,"lognorm",306,0.306,53,1,0.0359477124183007,0,0.0561102274350866,0.428764266002551
1000,"lognormal",1,0.1,1.6094379124341,"lognorm",306,0.306,53,1,0.0816993464052288,0,0.0561102274350866,0.428764266002551
1000,"gamma",1,0.01,1.6094379124341,"lognorm",755,0.755,56,1,0.0132450331125828,0.00132450331125828,0.0866556653811794,0.353514141493821
1000,"gamma",1,0.05,1.6094379124341,"lognorm",755,0.755,56,1,0.056953642384106,0.00397350993377483,0.0866556653811794,0.353514141493821
1000,"gamma",1,0.1,1.6094379124341,"lognorm",755,0.755,56,1,0.11523178807947,0.0119205298013245,0.0866556653811794,0.353514141493821
1000,"normal",3,0.01,1.6094379124341,"lognorm",1000,1,356,1,0.026,0,0.138556990159742,0.531703251080451
1000,"normal",3,0.05,1.6094379124341,"lognorm",1000,1,356,1,0.099,0.001,0.138556990159742,0.531703251080451
1000,"normal",3,0.1,1.6094379124341,"lognorm",1000,1,356,1,0.164,0.005,0.138556990159742,0.531703251080451
1000,"lognormal",3,0.01,1.6094379124341,"lognorm",1000,1,383,1,0.005,0,0.0535164968937927,0.642911105044748
1000,"lognormal",3,0.05,1.6094379124341,"lognorm",1000,1,383,1,0.045,0,0.0535164968937927,0.642911105044748
1000,"lognormal",3,0.1,1.6094379124341,"lognorm",1000,1,383,1,0.093,0.001,0.0535164968937927,0.642911105044748
1000,"gamma",3,0.01,1.6094379124341,"lognorm",1000,1,326,1,0.015,0,0.0296478715081313,0.59208654473063
1000,"gamma",3,0.05,1.6094379124341,"lognorm",1000,1,326,1,0.066,0,0.0296478715081313,0.59208654473063
1000,"gamma",3,0.1,1.6094379124341,"lognorm",1000,1,326,1,0.118,0,0.0296478715081313,0.59208654473063
1000,"nb",3,0.01,1.6094379124341,"lognorm",1000,1,188,0.995024875621891,0.024,0,0.133313461036103,0.455080174385566
1000,"nb",3,0.05,1.6094379124341,"lognorm",1000,1,188,0.995024875621891,0.092,0.003,0.133313461036103,0.455080174385566
1000,"nb",3,0.1,1.6094379124341,"lognorm",1000,1,188,0.995024875621891,0.166,0.007,0.133313461036103,0.455080174385566
1000,"zinb",3,0.01,1.6094379124341,"lognorm",1000,1,131,1,0.04,0,0.208618574081861,0.311266605851625
1000,"zinb",3,0.05,1.6094379124341,"lognorm",1000,1,131,1,0.128,0.007,0.208618574081861,0.311266605851625
1000,"zinb",3,0.1,1.6094379124341,"lognorm",1000,1,131,1,0.229,0.017,0.208618574081861,0.311266605851625
1000,"zinb_high",3,0.01,1.6094379124341,"lognorm",898,0.898,59,1,0.0567928730512249,0.00111358574610245,0.368898338084656,0.0771406211120848
1000,"zinb_high",3,0.05,1.6094379124341,"lognorm",898,0.898,59,1,0.217149220489978,0.0178173719376392,0.368898338084656,0.0771406211120848
1000,"zinb_high",3,0.1,1.6094379124341,"lognorm",898,0.898,59,1,0.353006681514477,0.0456570155902004,0.368898338084656,0.0771406211120848
1000,"normal",10,0.01,1.6094379124341,"lognorm",1000,1,906,1,0.02,0,0.114762522114217,0.664742521986826
1000,"normal",10,0.05,1.6094379124341,"lognorm",1000,1,906,1,0.084,0,0.114762522114217,0.664742521986826
1000,"normal",10,0.1,1.6094379124341,"lognorm",1000,1,906,1,0.143,0.001,0.114762522114217,0.664742521986826
1000,"lognormal",10,0.01,1.6094379124341,"lognorm",1000,1,788,1,0.01,0,0.0662774343119139,0.683077319600253
1000,"lognormal",10,0.05,1.6094379124341,"lognorm",1000,1,788,1,0.064,0,0.0662774343119139,0.683077319600253
1000,"lognormal",10,0.1,1.6094379124341,"lognorm",1000,1,788,1,0.117,0,0.0662774343119139,0.683077319600253
1000,"gamma",10,0.01,1.6094379124341,"lognorm",1000,1,612,1,0.013,0,0.0619645495365593,0.672225004308421
1000,"gamma",10,0.05,1.6094379124341,"lognorm",1000,1,612,1,0.055,0,0.0619645495365593,0.672225004308421
1000,"gamma",10,0.1,1.6094379124341,"lognorm",1000,1,612,1,0.111,0,0.0619645495365593,0.672225004308421
1000,"nb",10,0.01,1.6094379124341,"lognorm",1000,1,506,0.998037289572017,0.037,0,0.24439398543693,0.51173306600971
1000,"nb",10,0.05,1.6094379124341,"lognorm",1000,1,506,0.998037289572017,0.127,0.001,0.24439398543693,0.51173306600971
1000,"nb",10,0.1,1.6094379124341,"lognorm",1000,1,506,0.998037289572017,0.217,0.003,0.24439398543693,0.51173306600971
1000,"zinb",10,0.01,1.6094379124341,"lognorm",1000,1,440,0.997787610619469,0.049,0,0.283052893352934,0.42075032980846
1000,"zinb",10,0.05,1.6094379124341,"lognorm",1000,1,440,0.997787610619469,0.173,0.001,0.283052893352934,0.42075032980846
1000,"zinb",10,0.1,1.6094379124341,"lognorm",1000,1,440,0.997787610619469,0.289,0.008,0.283052893352934,0.42075032980846
1000,"zinb_high",10,0.01,1.6094379124341,"lognorm",1000,1,296,1,0.035,0,0.248954431566721,0.4267050069319
1000,"zinb_high",10,0.05,1.6094379124341,"lognorm",1000,1,296,1,0.149,0,0.248954431566721,0.4267050069319
1000,"zinb_high",10,0.1,1.6094379124341,"lognorm",1000,1,296,1,0.251,0.002,0.248954431566721,0.4267050069319
1000,"normal",30,0.01,1.6094379124341,"lognorm",1000,1,999,1,0.013,0,0.0205514561818819,0.730116943446151
1000,"normal",30,0.05,1.6094379124341,"lognorm",1000,1,999,1,0.036,0,0.0205514561818819,0.730116943446151
1000,"normal",30,0.1,1.6094379124341,"lognorm",1000,1,999,1,0.096,0,0.0205514561818819,0.730116943446151
1000,"lognormal",30,0.01,1.6094379124341,"lognorm",1000,1,935,1,0.008,0,0.0220872764048871,0.719149066723153
1000,"lognormal",30,0.05,1.6094379124341,"lognorm",1000,1,935,1,0.041,0,0.0220872764048871,0.719149066723153
1000,"lognormal",30,0.1,1.6094379124341,"lognorm",1000,1,935,1,0.096,0,0.0220872764048871,0.719149066723153
1000,"gamma",30,0.01,1.6094379124341,"lognorm",1000,1,760,1,0.01,0,0.0759612294880695,0.657836505412613
1000,"gamma",30,0.05,1.6094379124341,"lognorm",1000,1,760,1,0.068,0,0.0759612294880695,0.657836505412613
1000,"gamma",30,0.1,1.6094379124341,"lognorm",1000,1,760,1,0.135,0,0.0759612294880695,0.657836505412613
1000,"nb",30,0.01,1.6094379124341,"lognorm",1000,1,695,1,0.059,0,0.305499385753013,0.498315776280308
1000,"nb",30,0.05,1.6094379124341,"lognorm",1000,1,695,1,0.181,0,0.305499385753013,0.498315776280308
1000,"nb",30,0.1,1.6094379124341,"lognorm",1000,1,695,1,0.286,0.003,0.305499385753013,0.498315776280308
1000,"zinb",30,0.01,1.6094379124341,"lognorm",1000,1,657.5,1,0.047,0,0.269058178036682,0.511490127378112
1000,"zinb",30,0.05,1.6094379124341,"lognorm",1000,1,657.5,1,0.16,0.001,0.269058178036682,0.511490127378112
1000,"zinb",30,0.1,1.6094379124341,"lognorm",1000,1,657.5,1,0.269,0.004,0.269058178036682,0.511490127378112
1000,"zinb_high",30,0.01,1.6094379124341,"lognorm",1000,1,550,1,0.04,0,0.228294794432166,0.511250058821232
1000,"zinb_high",30,0.05,1.6094379124341,"lognorm",1000,1,550,1,0.143,0.001,0.228294794432166,0.511250058821232
1000,"zinb_high",30,0.1,1.6094379124341,"lognorm",1000,1,550,1,0.242,0.002,0.228294794432166,0.511250058821232
1000,"normal",100,0.01,1.6094379124341,"lognorm",1000,1,1000,1,0.011,0,0.0376579801176095,0.74361970597104
1000,"normal",100,0.05,1.6094379124341,"lognorm",1000,1,1000,1,0.039,0,0.0376579801176095,0.74361970597104
1000,"normal",100,0.1,1.6094379124341,"lognorm",1000,1,1000,1,0.085,0,0.0376579801176095,0.74361970597104
1000,"lognormal",100,0.01,1.6094379124341,"lognorm",1000,1,983,1,0.006,0,0.0464395300267825,0.752419000815182
1000,"lognormal",100,0.05,1.6094379124341,"lognorm",1000,1,983,1,0.034,0,0.0464395300267825,0.752419000815182
1000,"lognormal",100,0.1,1.6094379124341,"lognorm",1000,1,983,1,0.076,0,0.0464395300267825,0.752419000815182
1000,"gamma",100,0.01,1.6094379124341,"lognorm",1000,1,845,1,0.02,0,0.0691924705773906,0.690098119554311
1000,"gamma",100,0.05,1.6094379124341,"lognorm",1000,1,845,1,0.064,0,0.0691924705773906,0.690098119554311
1000,"gamma",100,0.1,1.6094379124341,"lognorm",1000,1,845,1,0.116,0,0.0691924705773906,0.690098119554311
1000,"nb",100,0.01,1.6094379124341,"lognorm",1000,1,773,1,0.033,0,0.223699071527091,0.578272577539678
1000,"nb",100,0.05,1.6094379124341,"lognorm",1000,1,773,1,0.132,0,0.223699071527091,0.578272577539678
1000,"nb",100,0.1,1.6094379124341,"lognorm",1000,1,773,1,0.21,0,0.223699071527091,0.578272577539678
1000,"zinb",100,0.01,1.6094379124341,"lognorm",1000,1,760,1,0.032,0,0.214829561985464,0.55679068956574
1000,"zinb",100,0.05,1.6094379124341,"lognorm",1000,1,760,1,0.14,0,0.214829561985464,0.55679068956574
1000,"zinb",100,0.1,1.6094379124341,"lognorm",1000,1,760,1,0.233,0.001,0.214829561985464,0.55679068956574
1000,"zinb_high",100,0.01,1.6094379124341,"lognorm",1000,1,715,1,0.031,0,0.191045958080926,0.572157141531225
1000,"zinb_high",100,0.05,1.6094379124341,"lognorm",1000,1,715,1,0.131,0,0.191045958080926,0.572157141531225
1000,"zinb_high",100,0.1,1.6094379124341,"lognorm",1000,1,715,1,0.213,0,0.191045958080926,0.572157141531225
