"n_cells","mu","pi","log2fc","alpha","min_expression","frac_testable","power_nominal_modified","power_nominal_original","power_matched_modified","power_matched_original","crit_modified","crit_original"
200,3,0.05,1,0.05,1.6094379124341,0.21,0.238095238095238,0.0357142857142857,0.0357142857142857,0.0357142857142857,0.00486980693623037,0.0523699378919177
200,3,0.05,2,0.05,1.6094379124341,0.3675,0.102040816326531,0.00680272108843537,0.00680272108843537,0.00680272108843537,0.00486980693623037,0.0523699378919177
200,3,0.05,3,0.05,1.6094379124341,0.545,0.0917431192660551,0.00458715596330275,0.00458715596330275,0.00458715596330275,0.00486980693623037,0.0523699378919177
200,3,0.05,4,0.05,1.6094379124341,0.5175,0.0289855072463768,0,0,0,0.00486980693623037,0.0523699378919177
200,3,0.1,1,0.05,1.6094379124341,0.395,0.19620253164557,0.0189873417721519,0.0189873417721519,0.0189873417721519,0.00486980693623037,0.0523699378919177
200,3,0.1,2,0.05,1.6094379124341,0.7475,0.0936454849498328,0.0133779264214047,0.0133779264214047,0.0133779264214047,0.00486980693623037,0.0523699378919177
200,3,0.1,3,0.05,1.6094379124341,0.91,0.0741758241758242,0.00274725274725275,0.00274725274725275,0.00274725274725275,0.00486980693623037,0.0523699378919177
200,3,0.1,4,0.05,1.6094379124341,0.845,0.189349112426035,0.0591715976331361,0.0591715976331361,0.0591715976331361,0.00486980693623037,0.0523699378919177
200,3,0.2,1,0.05,1.6094379124341,0.715,0.13986013986014,0.0244755244755245,0.0244755244755245,0.0244755244755245,0.00486980693623037,0.0523699378919177
200,3,0.2,2,0.05,1.6094379124341,0.99,0.0656565656565657,0.0101010101010101,0.0176767676767677,0.0126262626262626,0.00486980693623037,0.0523699378919177
200,3,0.2,3,0.05,1.6094379124341,1,0.1875,0.0375,0.0475,0.0375,0.00486980693623037,0.0523699378919177
200,3,0.2,4,0.05,1.6094379124341,1,0.57,0.23,0.2975,0.235,0.00486980693623037,0.0523699378919177
200,3,0.35,1,0.05,1.6094379124341,0.9625,0.103896103896104,0.0103896103896104,0.012987012987013,0.0103896103896104,0.00486980693623037,0.0523699378919177
200,3,0.35,2,0.05,1.6094379124341,1,0.13,0.015,0.02,0.015,0.00486980693623037,0.0523699378919177
200,3,0.35,3,0.05,1.6094379124341,1,0.28,0.0325,0.0775,0.035,0.00486980693623037,0.0523699378919177
200,3,0.35,4,0.05,1.6094379124341,1,0.145,0.02,0.0275,0.02,0.00486980693623037,0.0523699378919177
200,3,0.5,1,0.05,1.6094379124341,0.9975,0.12531328320802,0.0075187969924812,0.0175438596491228,0.0075187969924812,0.00486980693623037,0.0523699378919177
200,3,0.5,2,0.05,1.6094379124341,1,0.125,0.01,0.0275,0.01,0.00486980693623037,0.0523699378919177
200,3,0.5,3,0.05,1.6094379124341,1,0.19,0.0125,0.03,0.0125,0.00486980693623037,0.0523699378919177
200,3,0.5,4,0.05,1.6094379124341,1,0.045,0,0.0075,0,0.00486980693623037,0.0523699378919177
200,10,0.05,1,0.05,1.6094379124341,1,0.105,0.0075,0.0625,0.065,0.0236161166785227,0.246432528078983
200,10,0.05,2,0.05,1.6094379124341,1,0.0975,0.005,0.065,0.065,0.0236161166785227,0.246432528078983
200,10,0.05,3,0.05,1.6094379124341,1,0.085,0.005,0.0525,0.0525,0.0236161166785227,0.246432528078983
200,10,0.05,4,0.05,1.6094379124341,1,0.0875,0.0075,0.045,0.045,0.0236161166785227,0.246432528078983
200,10,0.1,1,0.05,1.6094379124341,1,0.135,0.0025,0.0625,0.06,0.0236161166785227,0.246432528078983
200,10,0.1,2,0.05,1.6094379124341,1,0.09,0,0.0425,0.045,0.0236161166785227,0.246432528078983
200,10,0.1,3,0.05,1.6094379124341,1,0.075,0,0.025,0.025,0.0236161166785227,0.246432528078983
200,10,0.1,4,0.05,1.6094379124341,1,0.0575,0.0025,0.025,0.025,0.0236161166785227,0.246432528078983
200,10,0.2,1,0.05,1.6094379124341,1,0.1075,0.0025,0.0475,0.0475,0.0236161166785227,0.246432528078983
200,10,0.2,2,0.05,1.6094379124341,1,0.0725,0.005,0.045,0.0425,0.0236161166785227,0.246432528078983
200,10,0.2,3,0.05,1.6094379124341,1,0.075,0,0.05,0.05,0.0236161166785227,0.246432528078983
200,10,0.2,4,0.05,1.6094379124341,1,0.5525,0.18,0.4425,0.445,0.0236161166785227,0.246432528078983
200,10,0.35,1,0.05,1.6094379124341,1,0.1075,0.0025,0.0625,0.0525,0.0236161166785227,0.246432528078983
200,10,0.35,2,0.05,1.6094379124341,1,0.12,0,0.0575,0.055,0.0236161166785227,0.246432528078983
200,10,0.35,3,0.05,1.6094379124341,1,0.39,0.1125,0.3075,0.305,0.0236161166785227,0.246432528078983
200,10,0.35,4,0.05,1.6094379124341,1,0.94,0.6975,0.9025,0.9,0.0236161166785227,0.246432528078983
200,10,0.5,1,0.05,1.6094379124341,1,0.1175,0.005,0.075,0.0675,0.0236161166785227,0.246432528078983
200,10,0.5,2,0.05,1.6094379124341,1,0.18,0.0075,0.115,0.11,0.0236161166785227,0.246432528078983
200,10,0.5,3,0.05,1.6094379124341,1,0.5125,0.085,0.3825,0.365,0.0236161166785227,0.246432528078983
200,10,0.5,4,0.05,1.6094379124341,1,0.185,0.01,0.1175,0.1175,0.0236161166785227,0.246432528078983
200,30,0.05,1,0.05,1.6094379124341,1,0.0875,0,0.0525,0.0525,0.0229479816478002,0.311048497948916
200,30,0.05,2,0.05,1.6094379124341,1,0.0925,0.0025,0.0575,0.0625,0.0229479816478002,0.311048497948916
200,30,0.05,3,0.05,1.6094379124341,1,0.0725,0,0.0475,0.0475,0.0229479816478002,0.311048497948916
200,30,0.05,4,0.05,1.6094379124341,1,0.08,0.0075,0.0425,0.0475,0.0229479816478002,0.311048497948916
200,30,0.1,1,0.05,1.6094379124341,1,0.0875,0.0025,0.0475,0.0475,0.0229479816478002,0.311048497948916
200,30,0.1,2,0.05,1.6094379124341,1,0.075,0,0.03,0.0325,0.0229479816478002,0.311048497948916
200,30,0.1,3,0.05,1.6094379124341,1,0.055,0,0.0375,0.04,0.0229479816478002,0.311048497948916
200,30,0.1,4,0.05,1.6094379124341,1,0.0725,0.01,0.05,0.0525,0.0229479816478002,0.311048497948916
200,30,0.2,1,0.05,1.6094379124341,1,0.0775,0.005,0.0425,0.0425,0.0229479816478002,0.311048497948916
200,30,0.2,2,0.05,1.6094379124341,1,0.045,0.005,0.025,0.0275,0.0229479816478002,0.311048497948916
200,30,0.2,3,0.05,1.6094379124341,1,0.0425,0,0.03,0.0325,0.0229479816478002,0.311048497948916
200,30,0.2,4,0.05,1.6094379124341,1,0.435,0.0725,0.2825,0.3675,0.0229479816478002,0.311048497948916
200,30,0.35,1,0.05,1.6094379124341,1,0.09,0.005,0.065,0.065,0.0229479816478002,0.311048497948916
200,30,0.35,2,0.05,1.6094379124341,1,0.08,0,0.03,0.03,0.0229479816478002,0.311048497948916
200,30,0.35,3,0.05,1.6094379124341,1,0.3425,0.055,0.225,0.2625,0.0229479816478002,0.311048497948916
200,30,0.35,4,0.05,1.6094379124341,1,0.97,0.7675,0.9525,0.965,0.0229479816478002,0.311048497948916
200,30,0.5,1,0.05,1.6094379124341,1,0.0925,0.0025,0.05,0.05,0.0229479816478002,0.311048497948916
200,30,0.5,2,0.05,1.6094379124341,1,0.1625,0.01,0.11,0.1125,0.0229479816478002,0.311048497948916
200,30,0.5,3,0.05,1.6094379124341,1,0.72,0.2375,0.6175,0.6475,0.0229479816478002,0.311048497948916
200,30,0.5,4,0.05,1.6094379124341,1,0.515,0.1475,0.39,0.4625,0.0229479816478002,0.311048497948916
500,3,0.05,1,0.05,1.6094379124341,1,0.385,0.03,0.045,0.0475,0.00192037856112888,0.0626805875838139
500,3,0.05,2,0.05,1.6094379124341,1,0.22,0.0175,0.03,0.025,0.00192037856112888,0.0626805875838139
500,3,0.05,3,0.05,1.6094379124341,1,0.1,0.005,0.0075,0.005,0.00192037856112888,0.0626805875838139
500,3,0.05,4,0.05,1.6094379124341,1,0.09,0.0125,0.0125,0.0125,0.00192037856112888,0.0626805875838139
500,3,0.1,1,0.05,1.6094379124341,1,0.32,0.025,0.04,0.0375,0.00192037856112888,0.0626805875838139
500,3,0.1,2,0.05,1.6094379124341,1,0.1375,0.0025,0.01,0.0025,0.00192037856112888,0.0626805875838139
500,3,0.1,3,0.05,1.6094379124341,1,0.0525,0,0.0075,0.0025,0.00192037856112888,0.0626805875838139
500,3,0.1,4,0.05,1.6094379124341,1,0.2875,0.06,0.0875,0.07,0.00192037856112888,0.0626805875838139
500,3,0.2,1,0.05,1.6094379124341,1,0.24,0.01,0.02,0.0125,0.00192037856112888,0.0626805875838139
500,3,0.2,2,0.05,1.6094379124341,1,0.105,0.0025,0.005,0.0025,0.00192037856112888,0.0626805875838139
500,3,0.2,3,0.05,1.6094379124341,1,0.16,0.005,0.0125,0.01,0.00192037856112888,0.0626805875838139
500,3,0.2,4,0.05,1.6094379124341,1,0.8225,0.4575,0.5275,0.495,0.00192037856112888,0.0626805875838139
500,3,0.35,1,0.05,1.6094379124341,1,0.205,0.0175,0.0325,0.0225,0.00192037856112888,0.0626805875838139
500,3,0.35,2,0.05,1.6094379124341,1,0.1825,0.0075,0.02,0.0075,0.00192037856112888,0.0626805875838139
500,3,0.35,3,0.05,1.6094379124341,1,0.4325,0.0625,0.11,0.0725,0.00192037856112888,0.0626805875838139
500,3,0.35,4,0.05,1.6094379124341,1,0.275,0.02,0.05,0.025,0.00192037856112888,0.0626805875838139
500,3,0.5,1,0.05,1.6094379124341,1,0.2125,0.0125,0.0225,0.02,0.00192037856112888,0.0626805875838139
500,3,0.5,2,0.05,1.6094379124341,1,0.165,0.005,0.02,0.0075,0.00192037856112888,0.0626805875838139
500,3,0.5,3,0.05,1.6094379124341,1,0.2275,0.01,0.0325,0.0125,0.00192037856112888,0.0626805875838139
500,3,0.5,4,0.05,1.6094379124341,1,0.045,0,0.0025,0,0.00192037856112888,0.0626805875838139
500,10,0.05,1,0.05,1.6094379124341,1,0.1375,0.005,0.0425,0.045,0.0117979138604045,0.283459223408114
500,10,0.05,2,0.05,1.6094379124341,1,0.15,0.0025,0.0575,0.0625,0.0117979138604045,0.283459223408114
500,10,0.05,3,0.05,1.6094379124341,1,0.11,0,0.0325,0.0325,0.0117979138604045,0.283459223408114
500,10,0.05,4,0.05,1.6094379124341,1,0.1025,0,0.0175,0.0275,0.0117979138604045,0.283459223408114
500,10,0.1,1,0.05,1.6094379124341,1,0.125,0.0025,0.0375,0.0375,0.0117979138604045,0.283459223408114
500,10,0.1,2,0.05,1.6094379124341,1,0.105,0,0.04,0.04,0.0117979138604045,0.283459223408114
500,10,0.1,3,0.05,1.6094379124341,1,0.1125,0,0.02,0.02,0.0117979138604045,0.283459223408114
500,10,0.1,4,0.05,1.6094379124341,1,0.1375,0,0.04,0.045,0.0117979138604045,0.283459223408114
500,10,0.2,1,0.05,1.6094379124341,1,0.1525,0.0025,0.05,0.05,0.0117979138604045,0.283459223408114
500,10,0.2,2,0.05,1.6094379124341,1,0.0875,0.0025,0.0125,0.0125,0.0117979138604045,0.283459223408114
500,10,0.2,3,0.05,1.6094379124341,1,0.075,0,0.0225,0.0275,0.0117979138604045,0.283459223408114
500,10,0.2,4,0.05,1.6094379124341,1,0.8725,0.3725,0.7175,0.76,0.0117979138604045,0.283459223408114
500,10,0.35,1,0.05,1.6094379124341,1,0.145,0.0025,0.0475,0.045,0.0117979138604045,0.283459223408114
500,10,0.35,2,0.05,1.6094379124341,1,0.135,0.0025,0.04,0.0375,0.0117979138604045,0.283459223408114
500,10,0.35,3,0.05,1.6094379124341,1,0.53,0.065,0.345,0.325,0.0117979138604045,0.283459223408114
500,10,0.35,4,0.05,1.6094379124341,1,0.9975,0.9775,0.995,0.995,0.0117979138604045,0.283459223408114
500,10,0.5,1,0.05,1.6094379124341,1,0.1375,0.0025,0.035,0.03,0.0117979138604045,0.283459223408114
500,10,0.5,2,0.05,1.6094379124341,1,0.2225,0.005,0.0775,0.0575,0.0117979138604045,0.283459223408114
500,10,0.5,3,0.05,1.6094379124341,1,0.8025,0.285,0.62,0.59,0.0117979138604045,0.283459223408114
500,10,0.5,4,0.05,1.6094379124341,1,0.4525,0.03,0.245,0.245,0.0117979138604045,0.283459223408114
500,30,0.05,1,0.05,1.6094379124341,1,0.0825,0,0.03,0.03,0.0171052374418951,0.387973256085825
500,30,0.05,2,0.05,1.6094379124341,1,0.0825,0,0.03,0.03,0.0171052374418951,0.387973256085825
500,30,0.05,3,0.05,1.6094379124341,1,0.11,0,0.045,0.045,0.0171052374418951,0.387973256085825
500,30,0.05,4,0.05,1.6094379124341,1,0.0725,0.0025,0.025,0.025,0.0171052374418951,0.387973256085825
500,30,0.1,1,0.05,1.6094379124341,1,0.0925,0,0.0425,0.0425,0.0171052374418951,0.387973256085825
500,30,0.1,2,0.05,1.6094379124341,1,0.1025,0,0.0525,0.0525,0.0171052374418951,0.387973256085825
500,30,0.1,3,0.05,1.6094379124341,1,0.0775,0,0.04,0.0425,0.0171052374418951,0.387973256085825
500,30,0.1,4,0.05,1.6094379124341,1,0.13,0,0.0375,0.04,0.0171052374418951,0.387973256085825
500,30,0.2,1,0.05,1.6094379124341,1,0.07,0,0.03,0.03,0.0171052374418951,0.387973256085825
500,30,0.2,2,0.05,1.6094379124341,1,0.0575,0,0.02,0.02,0.0171052374418951,0.387973256085825
500,30,0.2,3,0.05,1.6094379124341,1,0.0775,0,0.035,0.0375,0.0171052374418951,0.387973256085825
500,30,0.2,4,0.05,1.6094379124341,1,0.815,0.2125,0.7175,0.7375,0.0171052374418951,0.387973256085825
500,30,0.35,1,0.05,1.6094379124341,1,0.0525,0,0.0225,0.02,0.0171052374418951,0.387973256085825
500,30,0.35,2,0.05,1.6094379124341,1,0.0675,0,0.0225,0.0225,0.0171052374418951,0.387973256085825
500,30,0.35,3,0.05,1.6094379124341,1,0.485,0.055,0.35,0.3575,0.0171052374418951,0.387973256085825
500,30,0.35,4,0.05,1.6094379124341,1,1,0.975,1,1,0.0171052374418951,0.387973256085825
500,30,0.5,1,0.05,1.6094379124341,1,0.1075,0,0.06,0.06,0.0171052374418951,0.387973256085825
500,30,0.5,2,0.05,1.6094379124341,1,0.165,0.005,0.085,0.085,0.0171052374418951,0.387973256085825
500,30,0.5,3,0.05,1.6094379124341,1,0.9075,0.52,0.8575,0.8575,0.0171052374418951,0.387973256085825
500,30,0.5,4,0.05,1.6094379124341,1,0.9175,0.485,0.875,0.89,0.0171052374418951,0.387973256085825
1000,3,0.05,1,0.05,1.6094379124341,1,0.8175,0.17,0.02,0.0175,1.83126894806024e-05,0.00759385951173278
1000,3,0.05,2,0.05,1.6094379124341,1,0.6075,0.045,0.0025,0.0025,1.83126894806024e-05,0.00759385951173278
1000,3,0.05,3,0.05,1.6094379124341,1,0.2175,0.0025,0,0,1.83126894806024e-05,0.00759385951173278
1000,3,0.05,4,0.05,1.6094379124341,1,0.1025,0.0025,0,0,1.83126894806024e-05,0.00759385951173278
1000,3,0.1,1,0.05,1.6094379124341,1,0.755,0.115,0.0175,0.0175,1.83126894806024e-05,0.00759385951173278
1000,3,0.1,2,0.05,1.6094379124341,1,0.2975,0.01,0,0,1.83126894806024e-05,0.00759385951173278
1000,3,0.1,3,0.05,1.6094379124341,1,0.07,0,0,0,1.83126894806024e-05,0.00759385951173278
1000,3,0.1,4,0.05,1.6094379124341,1,0.4075,0.085,0.02,0.0175,1.83126894806024e-05,0.00759385951173278
1000,3,0.2,1,0.05,1.6094379124341,1,0.6225,0.0575,0.005,0.005,1.83126894806024e-05,0.00759385951173278
1000,3,0.2,2,0.05,1.6094379124341,1,0.1525,0,0,0,1.83126894806024e-05,0.00759385951173278
1000,3,0.2,3,0.05,1.6094379124341,1,0.18,0.005,0,0,1.83126894806024e-05,0.00759385951173278
1000,3,0.2,4,0.05,1.6094379124341,1,0.98,0.755,0.5225,0.49,1.83126894806024e-05,0.00759385951173278
1000,3,0.35,1,0.05,1.6094379124341,1,0.495,0.0175,0,0,1.83126894806024e-05,0.00759385951173278
1000,3,0.35,2,0.05,1.6094379124341,1,0.215,0,0,0,1.83126894806024e-05,0.00759385951173278
1000,3,0.35,3,0.05,1.6094379124341,1,0.57,0.06,0.015,0.01,1.83126894806024e-05,0.00759385951173278
1000,3,0.35,4,0.05,1.6094379124341,1,0.3575,0.0175,0.0075,0,1.83126894806024e-05,0.00759385951173278
1000,3,0.5,1,0.05,1.6094379124341,1,0.42,0.0175,0,0,1.83126894806024e-05,0.00759385951173278
1000,3,0.5,2,0.05,1.6094379124341,1,0.245,0.0025,0,0,1.83126894806024e-05,0.00759385951173278
1000,3,0.5,3,0.05,1.6094379124341,1,0.205,0.005,0.0025,0,1.83126894806024e-05,0.00759385951173278
1000,3,0.5,4,0.05,1.6094379124341,1,0.045,0.0025,0,0,1.83126894806024e-05,0.00759385951173278
1000,10,0.05,1,0.05,1.6094379124341,1,0.1525,0,0.0575,0.06,0.0139801986554507,0.403466290907878
1000,10,0.05,2,0.05,1.6094379124341,1,0.1475,0,0.055,0.055,0.0139801986554507,0.403466290907878
1000,10,0.05,3,0.05,1.6094379124341,1,0.12,0.0025,0.0475,0.05,0.0139801986554507,0.403466290907878
1000,10,0.05,4,0.05,1.6094379124341,1,0.1275,0.0025,0.0525,0.0575,0.0139801986554507,0.403466290907878
1000,10,0.1,1,0.05,1.6094379124341,1,0.15,0,0.06,0.06,0.0139801986554507,0.403466290907878
1000,10,0.1,2,0.05,1.6094379124341,1,0.105,0,0.03,0.03,0.0139801986554507,0.403466290907878
1000,10,0.1,3,0.05,1.6094379124341,1,0.105,0,0.035,0.0425,0.0139801986554507,0.403466290907878
1000,10,0.1,4,0.05,1.6094379124341,1,0.24,0.005,0.1,0.115,0.0139801986554507,0.403466290907878
1000,10,0.2,1,0.05,1.6094379124341,1,0.1225,0,0.07,0.0675,0.0139801986554507,0.403466290907878
1000,10,0.2,2,0.05,1.6094379124341,1,0.1075,0,0.0425,0.0375,0.0139801986554507,0.403466290907878
1000,10,0.2,3,0.05,1.6094379124341,1,0.09,0.005,0.03,0.03,0.0139801986554507,0.403466290907878
1000,10,0.2,4,0.05,1.6094379124341,1,0.98,0.675,0.955,0.97,0.0139801986554507,0.403466290907878
1000,10,0.35,1,0.05,1.6094379124341,1,0.15,0.0025,0.055,0.0475,0.0139801986554507,0.403466290907878
1000,10,0.35,2,0.05,1.6094379124341,1,0.14,0,0.0425,0.035,0.0139801986554507,0.403466290907878
1000,10,0.35,3,0.05,1.6094379124341,1,0.6775,0.135,0.5375,0.53,0.0139801986554507,0.403466290907878
1000,10,0.35,4,0.05,1.6094379124341,1,1,1,1,1,0.0139801986554507,0.403466290907878
1000,10,0.5,1,0.05,1.6094379124341,1,0.1275,0,0.0375,0.0325,0.0139801986554507,0.403466290907878
1000,10,0.5,2,0.05,1.6094379124341,1,0.285,0.0075,0.11,0.0875,0.0139801986554507,0.403466290907878
1000,10,0.5,3,0.05,1.6094379124341,1,0.945,0.45,0.8975,0.8825,0.0139801986554507,0.403466290907878
1000,10,0.5,4,0.05,1.6094379124341,1,0.675,0.1175,0.5425,0.545,0.0139801986554507,0.403466290907878
1000,30,0.05,1,0.05,1.6094379124341,1,0.1025,0,0.0325,0.0325,0.0166339907005788,0.49468173738503
1000,30,0.05,2,0.05,1.6094379124341,1,0.065,0,0.02,0.02,0.0166339907005788,0.49468173738503
1000,30,0.05,3,0.05,1.6094379124341,1,0.0975,0.0025,0.0275,0.0275,0.0166339907005788,0.49468173738503
1000,30,0.05,4,0.05,1.6094379124341,1,0.105,0,0.0475,0.0475,0.0166339907005788,0.49468173738503
1000,30,0.1,1,0.05,1.6094379124341,1,0.09,0,0.035,0.035,0.0166339907005788,0.49468173738503
1000,30,0.1,2,0.05,1.6094379124341,1,0.0925,0,0.0325,0.0325,0.0166339907005788,0.49468173738503
1000,30,0.1,3,0.05,1.6094379124341,1,0.0775,0,0.03,0.03,0.0166339907005788,0.49468173738503
1000,30,0.1,4,0.05,1.6094379124341,1,0.17,0,0.0675,0.0725,0.0166339907005788,0.49468173738503
1000,30,0.2,1,0.05,1.6094379124341,1,0.0875,0,0.04,0.0375,0.0166339907005788,0.49468173738503
1000,30,0.2,2,0.05,1.6094379124341,1,0.065,0,0.0125,0.0125,0.0166339907005788,0.49468173738503
1000,30,0.2,3,0.05,1.6094379124341,1,0.1025,0,0.0275,0.0275,0.0166339907005788,0.49468173738503
1000,30,0.2,4,0.05,1.6094379124341,1,0.985,0.575,0.9625,0.9725,0.0166339907005788,0.49468173738503
1000,30,0.35,1,0.05,1.6094379124341,1,0.075,0,0.025,0.025,0.0166339907005788,0.49468173738503
1000,30,0.35,2,0.05,1.6094379124341,1,0.07,0,0.0275,0.0275,0.0166339907005788,0.49468173738503
1000,30,0.35,3,0.05,1.6094379124341,1,0.6625,0.0725,0.54,0.5475,0.0166339907005788,0.49468173738503
1000,30,0.35,4,0.05,1.6094379124341,1,1,1,1,1,0.0166339907005788,0.49468173738503
1000,30,0.5,1,0.05,1.6094379124341,1,0.0775,0.0025,0.015,0.015,0.0166339907005788,0.49468173738503
1000,30,0.5,2,0.05,1.6094379124341,1,0.1875,0,0.09,0.085,0.0166339907005788,0.49468173738503
1000,30,0.5,3,0.05,1.6094379124341,1,0.985,0.79,0.97,0.97,0.0166339907005788,0.49468173738503
1000,30,0.5,4,0.05,1.6094379124341,1,0.9925,0.85,0.99,0.99,0.0166339907005788,0.49468173738503
