"n_cells","log2fc","disp","rep","method","auc_all","auc_within_gate","markers_in_gate","markers","genes_in_gate"
300,2,0.2,1,"DIFS_stage1",0.601639178240741,0.54525768321513,94,240,1219
300,2,0.2,1,"dip_statistic_raw",0.608606047453704,0.63633096926714,94,240,1219
300,2,0.2,1,"n_expressing",0.686766493055556,0.387323877068558,94,240,1219
300,2,0.2,1,"Seurat_vst",0.99919994212963,1,94,240,1219
300,2,0.2,1,"variance_lognorm",0.752140480324074,0.971583924349882,94,240,1219
300,2,0.2,1,"random",0.49326244212963,0.506326241134752,94,240,1219
300,2,0.2,2,"DIFS_stage1",0.556486906828704,0.561227336122734,75,240,1270
300,2,0.2,2,"dip_statistic_raw",0.559542462384259,0.608357043235704,75,240,1270
300,2,0.2,2,"n_expressing",0.675334563078704,0.427436541143654,75,240,1270
300,2,0.2,2,"Seurat_vst",0.999795283564815,1,75,240,1270
300,2,0.2,2,"variance_lognorm",0.730002170138889,0.978733612273361,75,240,1270
300,2,0.2,2,"random",0.473176359953704,0.517857740585774,75,240,1270
300,2,0.2,3,"DIFS_stage1",0.60041015625,0.546683573573014,94,240,1235
300,2,0.2,3,"dip_statistic_raw",0.605807291666667,0.616247412683909,94,240,1235
300,2,0.2,3,"n_expressing",0.711196831597222,0.403891696346989,94,240,1235
300,2,0.2,3,"Seurat_vst",0.998212528935185,1,94,240,1235
300,2,0.2,3,"variance_lognorm",0.769832175925926,0.967758778227385,94,240,1235
300,2,0.2,3,"random",0.495567853009259,0.47998209856975,94,240,1235
300,2,0.2,4,"DIFS_stage1",0.61173900462963,0.501287650733439,101,240,1239
300,2,0.2,4,"dip_statistic_raw",0.619049479166667,0.589213315004611,101,240,1239
300,2,0.2,4,"n_expressing",0.703576027199074,0.419460926760514,101,240,1239
300,2,0.2,4,"Seurat_vst",0.997923900462963,1,101,240,1239
300,2,0.2,4,"variance_lognorm",0.757669270833333,0.969731507421392,101,240,1239
300,2,0.2,4,"random",0.500239438657407,0.50052202056761,101,240,1239
300,2,0.2,5,"DIFS_stage1",0.573595196759259,0.561111227023305,82,240,1251
300,2,0.2,5,"dip_statistic_raw",0.578157552083333,0.626906465814017,82,240,1251
300,2,0.2,5,"n_expressing",0.66887767650463,0.433151119364059,82,240,1251
300,2,0.2,5,"Seurat_vst",0.998645109953704,0.99995827161009,82,240,1251
300,2,0.2,5,"variance_lognorm",0.702190393518519,0.978322101441716,82,240,1251
300,2,0.2,5,"random",0.500142505787037,0.511955183709237,82,240,1251
300,2,0.5,1,"DIFS_stage1",0.602099247685185,0.522059917495097,106,240,1501
300,2,0.5,1,"dip_statistic_raw",0.604873408564815,0.547994860350308,106,240,1501
300,2,0.5,1,"n_expressing",0.68525318287037,0.462122134307162,106,240,1501
300,2,0.5,1,"Seurat_vst",0.991736834490741,0.995942381821871,106,240,1501
300,2,0.5,1,"variance_lognorm",0.714424913194444,0.837228646784338,106,240,1501
300,2,0.5,1,"random",0.517841435185185,0.528727936701156,106,240,1501
300,2,0.5,2,"DIFS_stage1",0.563931568287037,0.511975267902114,86,240,1425
300,2,0.5,2,"dip_statistic_raw",0.564630353009259,0.520364034249787,86,240,1425
300,2,0.5,2,"n_expressing",0.650828631365741,0.4750290914775,86,240,1425
300,2,0.5,2,"Seurat_vst",0.984546440972222,0.996422182468694,86,240,1425
300,2,0.5,2,"variance_lognorm",0.66209056712963,0.849306146551574,86,240,1425
300,2,0.5,2,"random",0.510282118055556,0.513303923441652,86,240,1425
300,2,0.5,3,"DIFS_stage1",0.561056857638889,0.489925567723889,89,240,1511
300,2,0.5,3,"dip_statistic_raw",0.563755063657407,0.519398220578707,89,240,1511
300,2,0.5,3,"n_expressing",0.650920500578704,0.473751165473538,89,240,1511
300,2,0.5,3,"Seurat_vst",0.985954137731481,0.992778014823243,89,240,1511
300,2,0.5,3,"variance_lognorm",0.658046875,0.814227468828521,89,240,1511
300,2,0.5,3,"random",0.504503761574074,0.514127909733087,89,240,1511
300,2,0.5,4,"DIFS_stage1",0.593240379050926,0.475868675302904,101,240,1424
300,2,0.5,4,"dip_statistic_raw",0.596491247106481,0.509500609924938,101,240,1424
300,2,0.5,4,"n_expressing",0.691097005208333,0.472564603399115,101,240,1424
300,2,0.5,4,"Seurat_vst",0.989973958333333,0.997964422292569,101,240,1424
300,2,0.5,4,"variance_lognorm",0.713551793981481,0.829213533598258,101,240,1424
300,2,0.5,4,"random",0.51505787037037,0.517253766192946,101,240,1424
300,2,0.5,5,"DIFS_stage1",0.541773726851852,0.508460038986355,76,240,1426
300,2,0.5,5,"dip_statistic_raw",0.541193576388889,0.500643274853801,76,240,1426
300,2,0.5,5,"n_expressing",0.641967954282407,0.497850877192982,76,240,1426
300,2,0.5,5,"Seurat_vst",0.994626012731481,0.998888888888889,76,240,1426
300,2,0.5,5,"variance_lognorm",0.643472222222222,0.839454191033138,76,240,1426
300,2,0.5,5,"random",0.497338686342593,0.54943469785575,76,240,1426
300,3,0.2,1,"DIFS_stage1",0.660616681134259,0.638331055675229,117,240,1224
300,3,0.2,1,"dip_statistic_raw",0.665802589699074,0.693682008045152,117,240,1224
300,3,0.2,1,"n_expressing",0.775192057291667,0.409248836078104,117,240,1224
300,3,0.2,1,"Seurat_vst",0.99873119212963,0.998733776511554,117,240,1224
300,3,0.2,1,"variance_lognorm",0.870531684027778,0.99897312363437,117,240,1224
300,3,0.2,1,"random",0.482097077546296,0.477003374022344,117,240,1224
300,3,0.2,2,"DIFS_stage1",0.644397424768518,0.62331764511601,110,240,1211
300,3,0.2,2,"dip_statistic_raw",0.65255931712963,0.716480885145735,110,240,1211
300,3,0.2,2,"n_expressing",0.769565610532407,0.418086863182231,110,240,1211
300,3,0.2,2,"Seurat_vst",0.999756221064815,0.999884402609198,110,240,1211
300,3,0.2,2,"variance_lognorm",0.839870515046296,0.998249525225002,110,240,1211
300,3,0.2,2,"random",0.478211082175926,0.437759062009743,110,240,1211
300,3,0.2,3,"DIFS_stage1",0.676700665509259,0.628191584335198,124,240,1208
300,3,0.2,3,"dip_statistic_raw",0.687158564814815,0.73574574455422,124,240,1208
300,3,0.2,3,"n_expressing",0.772349537037037,0.378280859421497,124,240,1208
300,3,0.2,3,"Seurat_vst",0.996248553240741,0.994427746696822,124,240,1208
300,3,0.2,3,"variance_lognorm",0.851678240740741,0.996942328294251,124,240,1208
300,3,0.2,3,"random",0.468371672453704,0.50471670039281,124,240,1208
300,3,0.2,4,"DIFS_stage1",0.663415075231481,0.610999702911468,120,240,1242
300,3,0.2,4,"dip_statistic_raw",0.675158420138889,0.731573083778966,120,240,1242
300,3,0.2,4,"n_expressing",0.770697699652778,0.364360516934046,120,240,1242
300,3,0.2,4,"Seurat_vst",1,1,120,240,1242
300,3,0.2,4,"variance_lognorm",0.850835503472222,0.999383541295306,120,240,1242
300,3,0.2,4,"random",0.493209635416667,0.493538324420677,120,240,1242
300,3,0.2,5,"DIFS_stage1",0.685577256944444,0.637258958867831,129,240,1253
300,3,0.2,5,"dip_statistic_raw",0.692646122685185,0.704653921487489,129,240,1253
300,3,0.2,5,"n_expressing",0.782046802662037,0.416904604264945,129,240,1253
300,3,0.2,5,"Seurat_vst",0.999955873842593,1,129,240,1253
300,3,0.2,5,"variance_lognorm",0.849656394675926,0.993192915666639,129,240,1253
300,3,0.2,5,"random",0.472000144675926,0.428501475902784,129,240,1253
300,3,0.5,1,"DIFS_stage1",0.643291377314815,0.555044648807144,122,240,1475
300,3,0.5,1,"dip_statistic_raw",0.651646412037037,0.625016660002666,122,240,1475
300,3,0.5,1,"n_expressing",0.739095052083333,0.408524469000279,122,240,1475
300,3,0.5,1,"Seurat_vst",0.999947193287037,1,122,240,1475
300,3,0.5,1,"variance_lognorm",0.800378327546296,0.950977184883622,122,240,1475
300,3,0.5,1,"random",0.468276186342593,0.49002823113179,122,240,1475
300,3,0.5,2,"DIFS_stage1",0.655792100694444,0.559831926838742,127,240,1465
300,3,0.5,2,"dip_statistic_raw",0.655902777777778,0.560732318774055,127,240,1465
300,3,0.5,2,"n_expressing",0.757352430555556,0.479770606028507,127,240,1465
300,3,0.5,2,"Seurat_vst",0.99912181712963,0.999864646963973,127,240,1465
300,3,0.5,2,"variance_lognorm",0.807315538194444,0.950796228946718,127,240,1465
300,3,0.5,2,"random",0.500358796296296,0.49471534668032,127,240,1465
300,3,0.5,3,"DIFS_stage1",0.673798466435185,0.540945038956163,134,240,1406
300,3,0.5,3,"dip_statistic_raw",0.67529296875,0.553066037735849,134,240,1406
300,3,0.5,3,"n_expressing",0.776498842592593,0.490096686379424,134,240,1406
300,3,0.5,3,"Seurat_vst",0.996013454861111,0.995019008729935,134,240,1406
300,3,0.5,3,"variance_lognorm",0.841769386574074,0.968811602365531,134,240,1406
300,3,0.5,3,"random",0.492072482638889,0.46520346381301,134,240,1406
300,3,0.5,4,"DIFS_stage1",0.661305700231481,0.553248693054518,130,240,1469
300,3,0.5,4,"dip_statistic_raw",0.666356336805556,0.593358993508359,130,240,1469
300,3,0.5,4,"n_expressing",0.754718243634259,0.43678979720802,130,240,1469
300,3,0.5,4,"Seurat_vst",0.999994212962963,1,130,240,1469
300,3,0.5,4,"variance_lognorm",0.831174045138889,0.958401792382375,130,240,1469
300,3,0.5,4,"random",0.471893084490741,0.474062158901591,130,240,1469
300,3,0.5,5,"DIFS_stage1",0.660033998842593,0.532507703936275,130,240,1453
300,3,0.5,5,"dip_statistic_raw",0.660730613425926,0.538106866678295,130,240,1453
300,3,0.5,5,"n_expressing",0.766259765625,0.493703122274551,130,240,1453
300,3,0.5,5,"Seurat_vst",0.999944299768519,0.999988371416943,130,240,1453
300,3,0.5,5,"variance_lognorm",0.821717303240741,0.96317809174952,130,240,1453
300,3,0.5,5,"random",0.480269097222222,0.499087156230013,130,240,1453
300,4,0.2,1,"DIFS_stage1",0.722637080439815,0.638899151689015,141,240,1120
300,4,0.2,1,"dip_statistic_raw",0.733763382523148,0.750324183745174,141,240,1120
300,4,0.2,1,"n_expressing",0.832771267361111,0.346134063561747,141,240,1120
300,4,0.2,1,"Seurat_vst",1,1,141,240,1120
300,4,0.2,1,"variance_lognorm",0.932236689814815,0.999971022681996,141,240,1120
300,4,0.2,1,"random",0.516683304398148,0.53966632618318,141,240,1120
300,4,0.2,2,"DIFS_stage1",0.716044560185185,0.624554901533319,139,240,1129
300,4,0.2,2,"dip_statistic_raw",0.726880063657407,0.733406002470751,139,240,1129
300,4,0.2,2,"n_expressing",0.833761574074074,0.375165322287624,139,240,1129
300,4,0.2,2,"Seurat_vst",0.999680989583333,0.999890996293874,139,240,1129
300,4,0.2,2,"variance_lognorm",0.934342447916667,0.999905530121357,139,240,1129
300,4,0.2,2,"random",0.507654803240741,0.498721023181455,139,240,1129
300,4,0.2,3,"DIFS_stage1",0.775140697337963,0.646058154854919,165,240,1154
300,4,0.2,3,"dip_statistic_raw",0.787756438078704,0.752930722799277,165,240,1154
300,4,0.2,3,"n_expressing",0.847987919560185,0.367803413303919,165,240,1154
300,4,0.2,3,"Seurat_vst",0.990478877314815,0.992903759536722,165,240,1154
300,4,0.2,3,"variance_lognorm",0.956163917824074,1,165,240,1154
300,4,0.2,3,"random",0.50654296875,0.50503416367926,165,240,1154
300,4,0.2,4,"DIFS_stage1",0.716477141203704,0.691026868529711,136,240,1119
300,4,0.2,4,"dip_statistic_raw",0.720205439814815,0.72957931901143,136,240,1119
300,4,0.2,4,"n_expressing",0.840213396990741,0.42947384956017,136,240,1119
300,4,0.2,4,"Seurat_vst",0.991687644675926,0.985600801867034,136,240,1119
300,4,0.2,4,"variance_lognorm",0.947247540509259,1,136,240,1119
300,4,0.2,4,"random",0.5175,0.506230925737538,136,240,1119
300,4,0.2,5,"DIFS_stage1",0.714455295138889,0.605527748186846,139,240,1125
300,4,0.2,5,"dip_statistic_raw",0.724208622685185,0.703905030134108,139,240,1125
300,4,0.2,5,"n_expressing",0.831032986111111,0.393709778627402,139,240,1125
300,4,0.2,5,"Seurat_vst",0.993881655092593,0.994863338538094,139,240,1125
300,4,0.2,5,"variance_lognorm",0.92747974537037,1,139,240,1125
300,4,0.2,5,"random",0.496528501157407,0.474717994367184,139,240,1125
300,4,0.5,1,"DIFS_stage1",0.686613859953704,0.604459063423562,134,240,1341
300,4,0.5,1,"dip_statistic_raw",0.684705584490741,0.588148734372875,134,240,1341
300,4,0.5,1,"n_expressing",0.815151186342593,0.514637871124906,134,240,1341
300,4,0.5,1,"Seurat_vst",0.991103877314815,0.984969518604162,134,240,1341
300,4,0.5,1,"variance_lognorm",0.907724247685185,0.99473840408562,134,240,1341
300,4,0.5,1,"random",0.519617332175926,0.504117770715602,134,240,1341
300,4,0.5,2,"DIFS_stage1",0.712701099537037,0.613209873775307,146,240,1368
300,4,0.5,2,"dip_statistic_raw",0.714163049768519,0.624537587157814,146,240,1368
300,4,0.5,2,"n_expressing",0.807101417824074,0.475071744053091,146,240,1368
300,4,0.5,2,"Seurat_vst",0.997439236111111,0.99814474362711,146,240,1368
300,4,0.5,2,"variance_lognorm",0.88771484375,0.989821312467771,146,240,1368
300,4,0.5,2,"random",0.485682146990741,0.487265430576419,146,240,1368
300,4,0.5,3,"DIFS_stage1",0.711432653356482,0.591980415236769,147,240,1378
300,4,0.5,3,"dip_statistic_raw",0.718946397569444,0.649380792121885,147,240,1378
300,4,0.5,3,"n_expressing",0.801944806134259,0.423153014252005,147,240,1378
300,4,0.5,3,"Seurat_vst",0.998842592592593,0.999220809363551,147,240,1378
300,4,0.5,3,"variance_lognorm",0.897169415509259,0.990782340556044,147,240,1378
300,4,0.5,3,"random",0.493459201388889,0.497477301237311,147,240,1378
300,4,0.5,4,"DIFS_stage1",0.695694444444444,0.573263099910487,141,240,1377
300,4,0.5,4,"dip_statistic_raw",0.700259693287037,0.609475774059538,141,240,1377
300,4,0.5,4,"n_expressing",0.801873914930556,0.452199384883748,141,240,1377
300,4,0.5,4,"Seurat_vst",0.993961950231481,0.992173334251417,141,240,1377
300,4,0.5,4,"variance_lognorm",0.897259114583333,0.991255250292639,141,240,1377
300,4,0.5,4,"random",0.465864438657407,0.45696481443228,141,240,1377
300,4,0.5,5,"DIFS_stage1",0.714736689814815,0.613647139962929,148,240,1402
300,4,0.5,5,"dip_statistic_raw",0.714832175925926,0.614358377516272,148,240,1402
300,4,0.5,5,"n_expressing",0.803051938657407,0.473934760118971,148,240,1402
300,4,0.5,5,"Seurat_vst",0.997077546296296,0.997429846114057,148,240,1402
300,4,0.5,5,"variance_lognorm",0.892925347222222,0.993663519979309,148,240,1402
300,4,0.5,5,"random",0.507751736111111,0.489552351394457,148,240,1402
300,5,0.2,1,"DIFS_stage1",0.757583550347222,0.634893205225686,153,240,1004
300,5,0.2,1,"dip_statistic_raw",0.767882306134259,0.744237843982089,153,240,1004
300,5,0.2,1,"n_expressing",0.872054398148148,0.3688163867192,153,240,1004
300,5,0.2,1,"Seurat_vst",0.96273365162037,0.961391058577759,153,240,1004
300,5,0.2,1,"variance_lognorm",0.976412760416667,1,153,240,1004
300,5,0.2,1,"random",0.529182581018519,0.545248573381566,153,240,1004
300,5,0.2,2,"DIFS_stage1",0.724308449074074,0.550659017192568,138,240,911
300,5,0.2,2,"dip_statistic_raw",0.733298611111111,0.667163507508859,138,240,911
300,5,0.2,2,"n_expressing",0.879742476851852,0.41301535519433,138,240,911
300,5,0.2,2,"Seurat_vst",0.975988136574074,0.979779515158333,138,240,911
300,5,0.2,2,"variance_lognorm",0.980536024305556,1,138,240,911
300,5,0.2,2,"random",0.50658203125,0.489003880983182,138,240,911
300,5,0.2,3,"DIFS_stage1",0.764461082175926,0.63774609148813,157,240,1037
300,5,0.2,3,"dip_statistic_raw",0.776015625,0.753358425014476,157,240,1037
300,5,0.2,3,"n_expressing",0.865043764467593,0.36222495657209,157,240,1037
300,5,0.2,3,"Seurat_vst",0.961631221064815,0.961088592935727,157,240,1037
300,5,0.2,3,"variance_lognorm",0.976746961805556,1,157,240,1037
300,5,0.2,3,"random",0.48913990162037,0.516480891719745,157,240,1037
300,5,0.2,4,"DIFS_stage1",0.773875868055556,0.588851351351351,160,240,937
300,5,0.2,4,"dip_statistic_raw",0.785834056712963,0.721822715572716,160,240,937
300,5,0.2,4,"n_expressing",0.885649956597222,0.374115186615187,160,240,937
300,5,0.2,4,"Seurat_vst",0.98072193287037,0.982110682110682,160,240,937
300,5,0.2,4,"variance_lognorm",0.985143952546296,1,160,240,937
300,5,0.2,4,"random",0.474367766203704,0.483228764478765,160,240,937
300,5,0.2,5,"DIFS_stage1",0.748619791666667,0.603894769294009,148,240,937
300,5,0.2,5,"dip_statistic_raw",0.758654513888889,0.722690370979344,148,240,937
300,5,0.2,5,"n_expressing",0.877839626736111,0.379102010756003,148,240,937
300,5,0.2,5,"Seurat_vst",0.968287760416667,0.97161134518549,148,240,937
300,5,0.2,5,"variance_lognorm",0.969674479166667,1,148,240,937
300,5,0.2,5,"random",0.519267939814815,0.514506902339602,148,240,937
300,5,0.5,1,"DIFS_stage1",0.774011140046296,0.646797998749218,164,240,1139
300,5,0.5,1,"dip_statistic_raw",0.777921006944444,0.680600375234522,164,240,1139
300,5,0.5,1,"n_expressing",0.867314814814815,0.453989993746091,164,240,1139
300,5,0.5,1,"Seurat_vst",0.970027488425926,0.971588492808005,164,240,1139
300,5,0.5,1,"variance_lognorm",0.970088252314815,0.998111319574734,164,240,1139
300,5,0.5,1,"random",0.487551359953704,0.475822388993121,164,240,1139
300,5,0.5,2,"DIFS_stage1",0.730516493055556,0.629934419293421,145,240,1123
300,5,0.5,2,"dip_statistic_raw",0.733817997685185,0.662118327339398,145,240,1123
300,5,0.5,2,"n_expressing",0.852426576967593,0.475498906988224,145,240,1123
300,5,0.5,2,"Seurat_vst",0.964390190972222,0.961730484451026,145,240,1123
300,5,0.5,2,"variance_lognorm",0.941399739583333,0.998378111557718,145,240,1123
300,5,0.5,2,"random",0.530011574074074,0.53996897256893,145,240,1123
300,5,0.5,3,"DIFS_stage1",0.746603009259259,0.613357940264034,158,240,1276
300,5,0.5,3,"dip_statistic_raw",0.756257957175926,0.688916691198116,158,240,1276
300,5,0.5,3,"n_expressing",0.837384620949074,0.399747514775481,158,240,1276
300,5,0.5,3,"Seurat_vst",0.985588831018518,0.984199859604629,158,240,1276
300,5,0.5,3,"variance_lognorm",0.953004918981481,0.999411245216367,158,240,1276
300,5,0.5,3,"random",0.518422309027778,0.53004347727633,158,240,1276
300,5,0.5,4,"DIFS_stage1",0.782781394675926,0.671727538837133,167,240,1153
300,5,0.5,4,"dip_statistic_raw",0.790177228009259,0.733818367322151,167,240,1153
300,5,0.5,4,"n_expressing",0.859792751736111,0.414209107140688,167,240,1153
300,5,0.5,4,"Seurat_vst",0.970243055555556,0.972859554724223,167,240,1153
300,5,0.5,4,"variance_lognorm",0.961168258101852,0.998876486378157,167,240,1153
300,5,0.5,4,"random",0.488501880787037,0.477809087706939,167,240,1153
300,5,0.5,5,"DIFS_stage1",0.746476417824074,0.585227741927873,158,240,1231
300,5,0.5,5,"dip_statistic_raw",0.752169415509259,0.631649108733351,158,240,1231
300,5,0.5,5,"n_expressing",0.846362847222222,0.455253813394363,158,240,1231
300,5,0.5,5,"Seurat_vst",0.961105324074074,0.964850708412472,158,240,1231
300,5,0.5,5,"variance_lognorm",0.947801649305556,0.999764059126783,158,240,1231
300,5,0.5,5,"random",0.47064453125,0.493883232861845,158,240,1231
300,6,0.2,1,"DIFS_stage1",0.834525101273148,0.51519555525278,189,240,888
300,6,0.2,1,"dip_statistic_raw",0.853797381365741,0.716859307703371,189,240,888
300,6,0.2,1,"n_expressing",0.891099175347222,0.311041472700986,189,240,888
300,6,0.2,1,"Seurat_vst",0.947815393518519,0.96047263286176,189,240,888
300,6,0.2,1,"variance_lognorm",0.980842737268519,1,189,240,888
300,6,0.2,1,"random",0.500359519675926,0.519381429252674,189,240,888
300,6,0.2,2,"DIFS_stage1",0.772475405092593,0.564617889488145,155,240,789
300,6,0.2,2,"dip_statistic_raw",0.783362268518519,0.717767375597843,155,240,789
300,6,0.2,2,"n_expressing",0.900162398726852,0.343065024931312,155,240,789
300,6,0.2,2,"Seurat_vst",0.916417100694444,0.927739900274753,155,240,789
300,6,0.2,2,"variance_lognorm",0.986988570601852,1,155,240,789
300,6,0.2,2,"random",0.516088686342593,0.507377633051796,155,240,789
300,6,0.2,3,"DIFS_stage1",0.787704716435185,0.517272144031437,163,240,775
300,6,0.2,3,"dip_statistic_raw",0.799338831018519,0.678495529090982,163,240,775
300,6,0.2,3,"n_expressing",0.914109881365741,0.381074822567064,163,240,775
300,6,0.2,3,"Seurat_vst",0.918716001157407,0.92860579814748,163,240,775
300,6,0.2,3,"variance_lognorm",0.994001012731481,1,163,240,775
300,6,0.2,3,"random",0.486710069444444,0.48350976382373,163,240,775
300,6,0.2,4,"DIFS_stage1",0.792165075231481,0.521428442209237,167,240,829
300,6,0.2,4,"dip_statistic_raw",0.804775752314815,0.679116088065561,167,240,829
300,6,0.2,4,"n_expressing",0.905294053819444,0.371207735586229,167,240,829
300,6,0.2,4,"Seurat_vst",0.912228732638889,0.940137851185846,167,240,829
300,6,0.2,4,"variance_lognorm",0.996270978009259,1,167,240,829
300,6,0.2,4,"random",0.519140625,0.519338965573385,167,240,829
300,6,0.2,5,"DIFS_stage1",0.757858796296296,0.544568245125348,152,240,870
300,6,0.2,5,"dip_statistic_raw",0.772281539351852,0.727257733470166,152,240,870
300,6,0.2,5,"n_expressing",0.886780598958333,0.323962762058349,152,240,870
300,6,0.2,5,"Seurat_vst",0.918966290509259,0.924241313590383,152,240,870
300,6,0.2,5,"variance_lognorm",0.990622106481482,1,152,240,870
300,6,0.2,5,"random",0.500930989583333,0.48029980941211,152,240,870
300,6,0.5,1,"DIFS_stage1",0.783864293981481,0.590915289368898,168,240,1041
300,6,0.5,1,"dip_statistic_raw",0.789741753472222,0.646314023891344,168,240,1041
300,6,0.5,1,"n_expressing",0.88115162037037,0.449807041946217,168,240,1041
300,6,0.5,1,"Seurat_vst",0.908039641203704,0.916959853815524,168,240,1041
300,6,0.5,1,"variance_lognorm",0.983405671296296,0.999890907107402,168,240,1041
300,6,0.5,1,"random",0.493070023148148,0.485756559210167,168,240,1041
300,6,0.5,2,"DIFS_stage1",0.76509765625,0.620132211538462,160,240,1096
300,6,0.5,2,"dip_statistic_raw",0.772938368055556,0.692508012820513,160,240,1096
300,6,0.5,2,"n_expressing",0.863963035300926,0.404881143162393,160,240,1096
300,6,0.5,2,"Seurat_vst",0.921765769675926,0.919210737179487,160,240,1096
300,6,0.5,2,"variance_lognorm",0.975815972222222,0.999392361111111,160,240,1096
300,6,0.5,2,"random",0.504084201388889,0.497041933760684,160,240,1096
300,6,0.5,3,"DIFS_stage1",0.830277777777778,0.529800688692892,191,240,1009
300,6,0.5,3,"dip_statistic_raw",0.844012586805556,0.651326821899922,191,240,1009
300,6,0.5,3,"n_expressing",0.884994212962963,0.392673357313842,191,240,1009
300,6,0.5,3,"Seurat_vst",0.901085792824074,0.919065784252231,191,240,1009
300,6,0.5,3,"variance_lognorm",0.969342447916667,0.999718378371459,191,240,1009
300,6,0.5,3,"random",0.494704861111111,0.495282837721937,191,240,1009
300,6,0.5,4,"DIFS_stage1",0.802795138888889,0.57442193300237,174,240,945
300,6,0.5,4,"dip_statistic_raw",0.813532986111111,0.685070888680174,174,240,945
300,6,0.5,4,"n_expressing",0.888793402777778,0.395593869731801,174,240,945
300,6,0.5,4,"Seurat_vst",0.925347945601852,0.93980798187158,174,240,945
300,6,0.5,4,"variance_lognorm",0.980539641203704,0.999552752806476,174,240,945
300,6,0.5,4,"random",0.491312210648148,0.490399093579021,174,240,945
300,6,0.5,5,"DIFS_stage1",0.757758246527778,0.551320667284523,156,240,986
300,6,0.5,5,"dip_statistic_raw",0.762785011574074,0.604989187519308,156,240,986
300,6,0.5,5,"n_expressing",0.881253978587963,0.472787303058387,156,240,986
300,6,0.5,5,"Seurat_vst",0.938577112268518,0.952471424158171,156,240,986
300,6,0.5,5,"variance_lognorm",0.974380787037037,0.999436206363917,156,240,986
300,6,0.5,5,"random",0.506920572916667,0.535179178251467,156,240,986
300,8,0.2,1,"DIFS_stage1",0.864341724537037,0.481000926784059,182,240,348
300,8,0.2,1,"dip_statistic_raw",0.867734375,0.636237256719184,182,240,348
300,8,0.2,1,"n_expressing",0.975493706597222,0.344416126042632,182,240,348
300,8,0.2,1,"Seurat_vst",0.786068431712963,0.924467099165894,182,240,348
300,8,0.2,1,"variance_lognorm",0.999328703703704,1,182,240,348
300,8,0.2,1,"random",0.547647569444444,0.549880842049517,182,240,348
300,8,0.2,2,"DIFS_stage1",0.880053530092593,0.471748336358137,190,240,364
300,8,0.2,2,"dip_statistic_raw",0.884859664351852,0.672716273442226,190,240,364
300,8,0.2,2,"n_expressing",0.973999927662037,0.29835148215366,190,240,364
300,8,0.2,2,"Seurat_vst",0.809599247685185,0.897338173018754,190,240,364
300,8,0.2,2,"variance_lognorm",0.999909577546296,1,190,240,364
300,8,0.2,2,"random",0.513682002314815,0.495583787053841,190,240,364
300,8,0.2,3,"DIFS_stage1",0.806783492476852,0.479237212618072,155,240,336
300,8,0.2,3,"dip_statistic_raw",0.809771773726852,0.626483692746391,155,240,336
300,8,0.2,3,"n_expressing",0.972922092013889,0.373712350739619,155,240,336
300,8,0.2,3,"Seurat_vst",0.784109519675926,0.901407948672251,155,240,336
300,8,0.2,3,"variance_lognorm",0.999931278935185,1,155,240,336
300,8,0.2,3,"random",0.515188802083333,0.548066298342541,155,240,336
300,8,0.2,4,"DIFS_stage1",0.772318793402778,0.473664591642748,139,240,332
300,8,0.2,4,"dip_statistic_raw",0.774468677662037,0.584448503373467,139,240,332
300,8,0.2,4,"n_expressing",0.97076099537037,0.409382338688635,139,240,332
300,8,0.2,4,"Seurat_vst",0.815894820601852,0.914004547657211,139,240,332
300,8,0.2,4,"variance_lognorm",0.999801793981482,1,139,240,332
300,8,0.2,4,"random",0.485376880787037,0.490811495881015,139,240,332
300,8,0.2,5,"DIFS_stage1",0.782494936342593,0.501409515951595,144,240,346
300,8,0.2,5,"dip_statistic_raw",0.784010416666667,0.573432343234323,144,240,346
300,8,0.2,5,"n_expressing",0.971116174768519,0.454551705170517,144,240,346
300,8,0.2,5,"Seurat_vst",0.790816695601852,0.861523652365237,144,240,346
300,8,0.2,5,"variance_lognorm",0.999845196759259,1,144,240,346
300,8,0.2,5,"random",0.495428240740741,0.504331683168317,144,240,346
300,8,0.5,1,"DIFS_stage1",0.770328414351852,0.479928350591353,142,240,429
300,8,0.5,1,"dip_statistic_raw",0.771970486111111,0.535628404573784,142,240,429
300,8,0.5,1,"n_expressing",0.955620298032407,0.466199636845463,142,240,429
300,8,0.5,1,"Seurat_vst",0.805672743055556,0.844726897973205,142,240,429
300,8,0.5,1,"variance_lognorm",0.998464265046296,1,142,240,429
300,8,0.5,1,"random",0.506636284722222,0.514207194385827,142,240,429
300,8,0.5,2,"DIFS_stage1",0.777749565972222,0.468352490421456,145,240,415
300,8,0.5,2,"dip_statistic_raw",0.778768084490741,0.504316730523627,145,240,415
300,8,0.5,2,"n_expressing",0.961140046296296,0.499642401021711,145,240,415
300,8,0.5,2,"Seurat_vst",0.78740234375,0.787432950191571,145,240,415
300,8,0.5,2,"variance_lognorm",0.998591579861111,1,145,240,415
300,8,0.5,2,"random",0.5048046875,0.555606641123882,145,240,415
300,8,0.5,3,"DIFS_stage1",0.790562427662037,0.512102000895572,151,240,432
300,8,0.5,3,"dip_statistic_raw",0.790143590856481,0.498456317315171,151,240,432
300,8,0.5,3,"n_expressing",0.961165364583333,0.534962645235795,151,240,432
300,8,0.5,3,"Seurat_vst",0.698044704861111,0.787066060191841,151,240,432
300,8,0.5,3,"variance_lognorm",0.998810763888889,1,151,240,432
300,8,0.5,3,"random",0.506247829861111,0.522188965614763,151,240,432
300,8,0.5,4,"DIFS_stage1",0.766969039351852,0.541519350215002,140,240,439
300,8,0.5,4,"dip_statistic_raw",0.767443576388889,0.557190635451505,140,240,439
300,8,0.5,4,"n_expressing",0.953217954282407,0.518179646440516,140,240,439
300,8,0.5,4,"Seurat_vst",0.803253761574074,0.821022455805064,140,240,439
300,8,0.5,4,"variance_lognorm",0.995161313657407,1,140,240,439
300,8,0.5,4,"random",0.475909288194444,0.506999522216913,140,240,439
300,8,0.5,5,"DIFS_stage1",0.794554398148148,0.494591221135844,152,240,405
300,8,0.5,5,"dip_statistic_raw",0.794819155092593,0.504108591637196,152,240,405
300,8,0.5,5,"n_expressing",0.964084201388889,0.529891304347826,152,240,405
300,8,0.5,5,"Seurat_vst",0.765621383101852,0.810458706053672,152,240,405
300,8,0.5,5,"variance_lognorm",0.999476273148148,1,152,240,405
300,8,0.5,5,"random",0.492546296296296,0.483279592261286,152,240,405
600,2,0.2,1,"DIFS_stage1",0.613785445601852,0.559679563887781,109,240,1489
600,2,0.2,1,"dip_statistic_raw",0.624576099537037,0.65884855737269,109,240,1489
600,2,0.2,1,"n_expressing",0.658610387731482,0.37390307140008,109,240,1489
600,2,0.2,1,"Seurat_vst",0.999422743055556,1,109,240,1489
600,2,0.2,1,"variance_lognorm",0.69744068287037,0.914034038026858,109,240,1489
600,2,0.2,1,"random",0.488259548611111,0.4923347959048,109,240,1489
600,2,0.2,2,"DIFS_stage1",0.661647135416667,0.591238270093839,129,240,1497
600,2,0.2,2,"dip_statistic_raw",0.663334056712963,0.604452831044018,129,240,1497
600,2,0.2,2,"n_expressing",0.69333984375,0.429243732716805,129,240,1497
600,2,0.2,2,"Seurat_vst",0.999709924768518,0.999988666757333,129,240,1497
600,2,0.2,2,"variance_lognorm",0.724045138888889,0.914400018133188,129,240,1497
600,2,0.2,2,"random",0.494169560185185,0.455687021170497,129,240,1497
600,2,0.2,3,"DIFS_stage1",0.659254557291667,0.586678481266614,129,240,1520
600,2,0.2,3,"dip_statistic_raw",0.665220992476852,0.632643962572239,129,240,1520
600,2,0.2,3,"n_expressing",0.699358362268519,0.422550281711334,129,240,1520
600,2,0.2,3,"Seurat_vst",0.999969618055556,1,129,240,1520
600,2,0.2,3,"variance_lognorm",0.744150028935185,0.910476540774302,129,240,1520
600,2,0.2,3,"random",0.488355758101852,0.505302637665168,129,240,1520
600,2,0.2,4,"DIFS_stage1",0.655354094328704,0.582688585246641,127,240,1506
600,2,0.2,4,"dip_statistic_raw",0.660129846643518,0.620385649763323,127,240,1506
600,2,0.2,4,"n_expressing",0.713765914351852,0.427851975355872,127,240,1506
600,2,0.2,4,"Seurat_vst",0.999898003472222,1,127,240,1506
600,2,0.2,4,"variance_lognorm",0.76761646412037,0.93239423752234,127,240,1506
600,2,0.2,4,"random",0.481343315972222,0.493956021994713,127,240,1506
600,2,0.2,5,"DIFS_stage1",0.609616247106481,0.576670869272282,107,240,1508
600,2,0.2,5,"dip_statistic_raw",0.615633318865741,0.632158605001768,107,240,1508
600,2,0.2,5,"n_expressing",0.670605830439815,0.420233878337903,107,240,1508
600,2,0.2,5,"Seurat_vst",0.999951533564815,0.999993329197436,107,240,1508
600,2,0.2,5,"variance_lognorm",0.692709780092593,0.894494586643719,107,240,1508
600,2,0.2,5,"random",0.513644386574074,0.527133489430113,107,240,1508
600,2,0.5,1,"DIFS_stage1",0.640089699074074,0.515346295998714,140,240,1918
600,2,0.5,1,"dip_statistic_raw",0.64375,0.535674112164551,140,240,1918
600,2,0.5,1,"n_expressing",0.695354456018519,0.468728908886389,140,240,1918
600,2,0.5,1,"Seurat_vst",0.997820457175926,0.999441587658686,140,240,1918
600,2,0.5,1,"variance_lognorm",0.720467303240741,0.742274626385988,140,240,1918
600,2,0.5,1,"random",0.526459056712963,0.528868712839466,140,240,1918
600,2,0.5,2,"DIFS_stage1",0.583084490740741,0.477008774524302,115,240,1879
600,2,0.5,2,"dip_statistic_raw",0.586935763888889,0.503253475303165,115,240,1879
600,2,0.5,2,"n_expressing",0.649915002893519,0.484065365276545,115,240,1879
600,2,0.5,2,"Seurat_vst",0.997241753472222,0.998466923001085,115,240,1879
600,2,0.5,2,"variance_lognorm",0.648318142361111,0.728561569555358,115,240,1879
600,2,0.5,2,"random",0.515753038194444,0.504382332643202,115,240,1879
600,2,0.5,3,"DIFS_stage1",0.580132378472222,0.42020970985349,118,240,1888
600,2,0.5,3,"dip_statistic_raw",0.590719762731482,0.490285358613425,118,240,1888
600,2,0.5,3,"n_expressing",0.666708984375,0.482222541415302,118,240,1888
600,2,0.5,3,"Seurat_vst",0.99757740162037,0.997256535478311,118,240,1888
600,2,0.5,3,"variance_lognorm",0.67705005787037,0.747376232883271,118,240,1888
600,2,0.5,3,"random",0.512685908564815,0.476941491908455,118,240,1888
600,2,0.5,4,"DIFS_stage1",0.608384693287037,0.507235575430098,126,240,1915
600,2,0.5,4,"dip_statistic_raw",0.604827835648148,0.485422378379338,126,240,1915
600,2,0.5,4,"n_expressing",0.663917824074074,0.514777254296539,126,240,1915
600,2,0.5,4,"Seurat_vst",0.998169849537037,0.999756004507262,126,240,1915
600,2,0.5,4,"variance_lognorm",0.681909722222222,0.770737398741871,126,240,1915
600,2,0.5,4,"random",0.48767578125,0.516050467140462,126,240,1915
600,2,0.5,5,"DIFS_stage1",0.606469545717593,0.498660643704122,125,240,1896
600,2,0.5,5,"dip_statistic_raw",0.607587890625,0.505644268774704,125,240,1896
600,2,0.5,5,"n_expressing",0.675878544560185,0.487331451157538,125,240,1896
600,2,0.5,5,"Seurat_vst",0.999914641203704,0.999986448334274,125,240,1896
600,2,0.5,5,"variance_lognorm",0.688297164351852,0.754258610954263,125,240,1896
600,2,0.5,5,"random",0.499663628472222,0.479566346696781,125,240,1896
600,3,0.2,1,"DIFS_stage1",0.763745659722222,0.623489425981873,172,240,1496
600,3,0.2,1,"dip_statistic_raw",0.77560474537037,0.695478816834118,172,240,1496
600,3,0.2,1,"n_expressing",0.791209129050926,0.391383580411719,172,240,1496
600,3,0.2,1,"Seurat_vst",1,1,172,240,1496
600,3,0.2,1,"variance_lognorm",0.872241753472222,0.967065973442001,172,240,1496
600,3,0.2,1,"random",0.492165075231482,0.511865031967962,172,240,1496
600,3,0.2,2,"DIFS_stage1",0.740346137152778,0.603868118901329,163,240,1494
600,3,0.2,2,"dip_statistic_raw",0.759747178819444,0.727489364055809,163,240,1494
600,3,0.2,2,"n_expressing",0.780238353587963,0.354632109258687,163,240,1494
600,3,0.2,2,"Seurat_vst",1,1,163,240,1494
600,3,0.2,2,"variance_lognorm",0.867102864583333,0.965112259337276,163,240,1494
600,3,0.2,2,"random",0.46958912037037,0.464819569215452,163,240,1494
600,3,0.2,3,"DIFS_stage1",0.738741681134259,0.66643982825558,157,240,1458
600,3,0.2,3,"dip_statistic_raw",0.746361038773148,0.718007216398948,157,240,1458
600,3,0.2,3,"n_expressing",0.773951822916667,0.415689547971428,157,240,1458
600,3,0.2,3,"Seurat_vst",1,1,157,240,1458
600,3,0.2,3,"variance_lognorm",0.839505931712963,0.966875064257284,157,240,1458
600,3,0.2,3,"random",0.482681568287037,0.497388094410473,157,240,1458
600,3,0.2,4,"DIFS_stage1",0.742991898148148,0.684623435849991,159,240,1505
600,3,0.2,4,"dip_statistic_raw",0.750905671296296,0.735741586998981,159,240,1505
600,3,0.2,4,"n_expressing",0.778070023148148,0.399630398011345,159,240,1505
600,3,0.2,4,"Seurat_vst",1,1,159,240,1505
600,3,0.2,4,"variance_lognorm",0.848313078703704,0.974165241526255,159,240,1505
600,3,0.2,4,"random",0.492145543981481,0.509237713420617,159,240,1505
600,3,0.2,5,"DIFS_stage1",0.702848668981481,0.629975280710575,144,240,1470
600,3,0.2,5,"dip_statistic_raw",0.713785445601852,0.709155563934976,144,240,1470
600,3,0.2,5,"n_expressing",0.765406177662037,0.411018413775767,144,240,1470
600,3,0.2,5,"Seurat_vst",0.999997106481481,1,144,240,1470
600,3,0.2,5,"variance_lognorm",0.832667824074074,0.961857926931456,144,240,1470
600,3,0.2,5,"random",0.492259837962963,0.521388469917882,144,240,1470
600,3,0.5,1,"DIFS_stage1",0.693029513888889,0.570627699659958,156,240,1830
600,3,0.5,1,"dip_statistic_raw",0.6938671875,0.575062034739454,156,240,1830
600,3,0.5,1,"n_expressing",0.753585792824074,0.46815167110866,156,240,1830
600,3,0.5,1,"Seurat_vst",0.999997106481481,0.999996170695095,156,240,1830
600,3,0.5,1,"variance_lognorm",0.799508101851852,0.857377538829152,156,240,1830
600,3,0.5,1,"random",0.478080873842593,0.467274760285513,156,240,1830
600,3,0.5,2,"DIFS_stage1",0.670817780671296,0.558868924433785,149,240,1884
600,3,0.5,2,"dip_statistic_raw",0.670760633680556,0.558563332882038,149,240,1884
600,3,0.5,2,"n_expressing",0.73862232349537,0.486494013887008,149,240,1884
600,3,0.5,2,"Seurat_vst",0.999926215277778,0.999965185772586,149,240,1884
600,3,0.5,2,"variance_lognorm",0.777021122685185,0.831769916639267,149,240,1884
600,3,0.5,2,"random",0.490852141203704,0.479020559735412,149,240,1884
600,3,0.5,3,"DIFS_stage1",0.69691478587963,0.554791933270633,158,240,1800
600,3,0.5,3,"dip_statistic_raw",0.702850115740741,0.586418230314991,158,240,1800
600,3,0.5,3,"n_expressing",0.743805338541667,0.447023543378714,158,240,1800
600,3,0.5,3,"Seurat_vst",0.999914641203704,0.999938327757135,158,240,1800
600,3,0.5,3,"variance_lognorm",0.791549479166667,0.829426139780138,158,240,1800
600,3,0.5,3,"random",0.524307002314815,0.554483572056307,158,240,1800
600,3,0.5,4,"DIFS_stage1",0.714173538773148,0.576814278192349,165,240,1834
600,3,0.5,4,"dip_statistic_raw",0.717775969328704,0.594898051818363,165,240,1834
600,3,0.5,4,"n_expressing",0.748398075810185,0.438820197178496,165,240,1834
600,3,0.5,4,"Seurat_vst",1,1,165,240,1834
600,3,0.5,4,"variance_lognorm",0.803980034722222,0.866909962416254,165,240,1834
600,3,0.5,4,"random",0.506022858796296,0.498538409862556,165,240,1834
600,3,0.5,5,"DIFS_stage1",0.720105613425926,0.560367507735929,171,240,1887
600,3,0.5,5,"dip_statistic_raw",0.730242332175926,0.608122384438174,171,240,1887
600,3,0.5,5,"n_expressing",0.753391203703704,0.419496926075873,171,240,1887
600,3,0.5,5,"Seurat_vst",1,1,171,240,1887
600,3,0.5,5,"variance_lognorm",0.822037760416667,0.842224539592961,171,240,1887
600,3,0.5,5,"random",0.467543402777778,0.486204828310091,171,240,1887
600,4,0.2,1,"DIFS_stage1",0.823023003472222,0.63203821033601,196,240,1449
600,4,0.2,1,"dip_statistic_raw",0.841902488425926,0.738309689398505,196,240,1449
600,4,0.2,1,"n_expressing",0.83938404224537,0.393089238887894,196,240,1449
600,4,0.2,1,"Seurat_vst",0.991831597222222,0.990984901542421,196,240,1449
600,4,0.2,1,"variance_lognorm",0.951629050925926,0.987022981578905,196,240,1449
600,4,0.2,1,"random",0.521499565972222,0.50122970177696,196,240,1449
600,4,0.2,2,"DIFS_stage1",0.844181857638889,0.599161576236675,207,240,1417
600,4,0.2,2,"dip_statistic_raw",0.869246238425926,0.737497504691181,207,240,1417
600,4,0.2,2,"n_expressing",0.845470196759259,0.362734059967262,207,240,1417
600,4,0.2,2,"Seurat_vst",0.999152199074074,0.999956082564778,207,240,1417
600,4,0.2,2,"variance_lognorm",0.95890697337963,0.991699604743083,207,240,1417
600,4,0.2,2,"random",0.533917100694444,0.529452629057372,207,240,1417
600,4,0.2,3,"DIFS_stage1",0.814185474537037,0.627581522844291,193,240,1467
600,4,0.2,3,"dip_statistic_raw",0.832228732638889,0.729024491422715,193,240,1467
600,4,0.2,3,"n_expressing",0.832283347800926,0.39292018122514,193,240,1467
600,4,0.2,3,"Seurat_vst",0.994251302083333,0.997352388544098,193,240,1467
600,4,0.2,3,"variance_lognorm",0.951630497685185,0.998405739338382,193,240,1467
600,4,0.2,3,"random",0.492063802083333,0.485468639428669,193,240,1467
600,4,0.2,4,"DIFS_stage1",0.817008101851852,0.637608754758021,192,240,1418
600,4,0.2,4,"dip_statistic_raw",0.826491608796296,0.693303085916259,192,240,1418
600,4,0.2,4,"n_expressing",0.839513165509259,0.419234723355084,192,240,1418
600,4,0.2,4,"Seurat_vst",0.995857928240741,0.995615823817292,192,240,1418
600,4,0.2,4,"variance_lognorm",0.939935619212963,0.991291122892877,192,240,1418
600,4,0.2,4,"random",0.480252459490741,0.468248708537248,192,240,1418
600,4,0.2,5,"DIFS_stage1",0.799998553240741,0.625598785972867,184,240,1373
600,4,0.2,5,"dip_statistic_raw",0.818091724537037,0.739925768822906,184,240,1373
600,4,0.2,5,"n_expressing",0.842526041666667,0.395488993308224,184,240,1373
600,4,0.2,5,"Seurat_vst",0.992023292824074,0.991580429297546,184,240,1373
600,4,0.2,5,"variance_lognorm",0.938182146990741,0.994871466705672,184,240,1373
600,4,0.2,5,"random",0.502925347222222,0.49741287892639,184,240,1373
600,4,0.5,1,"DIFS_stage1",0.784435763888889,0.629923042100498,188,240,1739
600,4,0.5,1,"dip_statistic_raw",0.782630931712963,0.621366448550695,188,240,1739
600,4,0.5,1,"n_expressing",0.811098090277778,0.481364116493134,188,240,1739
600,4,0.5,1,"Seurat_vst",0.992005931712963,0.992897512929201,188,240,1739
600,4,0.5,1,"variance_lognorm",0.899991319444444,0.943156096958723,188,240,1739
600,4,0.5,1,"random",0.485797164351852,0.480228953180515,188,240,1739
600,4,0.5,2,"DIFS_stage1",0.777662760416667,0.587514328850616,188,240,1710
600,4,0.5,2,"dip_statistic_raw",0.787625144675926,0.635645287555568,188,240,1710
600,4,0.5,2,"n_expressing",0.813410734953704,0.457733385522968,188,240,1710
600,4,0.5,2,"Seurat_vst",0.998547453703704,0.99942684597534,188,240,1710
600,4,0.5,2,"variance_lognorm",0.899127604166667,0.928533983839852,188,240,1710
600,4,0.5,2,"random",0.529682436342593,0.554330807727794,188,240,1710
600,4,0.5,3,"DIFS_stage1",0.763177083333333,0.636478919036092,178,240,1733
600,4,0.5,3,"dip_statistic_raw",0.765138888888889,0.646276960872864,178,240,1733
600,4,0.5,3,"n_expressing",0.805053891782407,0.481278225369414,178,240,1733
600,4,0.5,3,"Seurat_vst",0.992788628472222,0.992673145706131,178,240,1733
600,4,0.5,3,"variance_lognorm",0.882591145833333,0.93367173669569,178,240,1733
600,4,0.5,3,"random",0.488914207175926,0.466010332743235,178,240,1733
600,4,0.5,4,"DIFS_stage1",0.776275318287037,0.646104625844606,183,240,1739
600,4,0.5,4,"dip_statistic_raw",0.77689525462963,0.649114304578083,183,240,1739
600,4,0.5,4,"n_expressing",0.805228587962963,0.454245508309101,183,240,1739
600,4,0.5,4,"Seurat_vst",0.991829427083333,0.990170255805133,183,240,1739
600,4,0.5,4,"variance_lognorm",0.887465277777778,0.91943753775268,183,240,1739
600,4,0.5,4,"random",0.513619791666667,0.51175776476042,183,240,1739
600,4,0.5,5,"DIFS_stage1",0.789046585648148,0.623830248849854,192,240,1786
600,4,0.5,5,"dip_statistic_raw",0.802405237268519,0.68417045692179,192,240,1786
600,4,0.5,5,"n_expressing",0.796055049189815,0.418043901610205,192,240,1786
600,4,0.5,5,"Seurat_vst",0.999958043981481,1,192,240,1786
600,4,0.5,5,"variance_lognorm",0.89976490162037,0.911500810330406,192,240,1786
600,4,0.5,5,"random",0.489765625,0.491435983897951,192,240,1786
600,5,0.2,1,"DIFS_stage1",0.83256908275463,0.597162688690241,197,240,1264
600,5,0.2,1,"dip_statistic_raw",0.844603949652778,0.676311495297313,197,240,1264
600,5,0.2,1,"n_expressing",0.871628689236111,0.416148506891089,197,240,1264
600,5,0.2,1,"Seurat_vst",0.983005642361111,0.985480425691844,197,240,1264
600,5,0.2,1,"variance_lognorm",0.984429253472222,0.997597514736036,197,240,1264
600,5,0.2,1,"random",0.511576967592593,0.517090947150082,197,240,1264
600,5,0.2,2,"DIFS_stage1",0.823751446759259,0.580785637275582,195,240,1289
600,5,0.2,2,"dip_statistic_raw",0.8380078125,0.673168330755168,195,240,1289
600,5,0.2,2,"n_expressing",0.869623480902778,0.422141752214878,195,240,1289
600,5,0.2,2,"Seurat_vst",0.985754484953704,0.988895138986547,195,240,1289
600,5,0.2,2,"variance_lognorm",0.979275173611111,0.998096845263207,195,240,1289
600,5,0.2,2,"random",0.530947627314815,0.507457929030141,195,240,1289
600,5,0.2,3,"DIFS_stage1",0.852380642361111,0.593886730104336,203,240,1169
600,5,0.2,3,"dip_statistic_raw",0.866575520833333,0.69395404338647,203,240,1169
600,5,0.2,3,"n_expressing",0.885354094328704,0.425142020826322,203,240,1169
600,5,0.2,3,"Seurat_vst",0.970133101851852,0.977419453538537,203,240,1169
600,5,0.2,3,"variance_lognorm",0.973077256944444,0.996374261848668,203,240,1169
600,5,0.2,3,"random",0.474715711805556,0.474706524288876,203,240,1169
600,5,0.2,4,"DIFS_stage1",0.813069299768518,0.541790813959482,190,240,1211
600,5,0.2,4,"dip_statistic_raw",0.83273365162037,0.681921748543739,190,240,1211
600,5,0.2,4,"n_expressing",0.878320674189815,0.421890303623898,190,240,1211
600,5,0.2,4,"Seurat_vst",0.967960792824074,0.97647301407289,190,240,1211
600,5,0.2,4,"variance_lognorm",0.98466869212963,0.999376256508067,190,240,1211
600,5,0.2,4,"random",0.514305555555556,0.516789525233259,190,240,1211
600,5,0.2,5,"DIFS_stage1",0.817975622106481,0.55715263850513,193,240,1260
600,5,0.2,5,"dip_statistic_raw",0.833732277199074,0.662925931501328,193,240,1260
600,5,0.2,5,"n_expressing",0.860501302083333,0.402768403008775,193,240,1260
600,5,0.2,5,"Seurat_vst",0.983055555555556,0.986218684899311,193,240,1260
600,5,0.2,5,"variance_lognorm",0.96484447337963,0.998368385527191,193,240,1260
600,5,0.2,5,"random",0.456380931712963,0.453044951949925,193,240,1260
600,5,0.5,1,"DIFS_stage1",0.834644097222222,0.627015781922525,205,240,1565
600,5,0.5,1,"dip_statistic_raw",0.843813657407407,0.672482065997131,205,240,1565
600,5,0.5,1,"n_expressing",0.851048538773148,0.458441535150646,205,240,1565
600,5,0.5,1,"Seurat_vst",0.960262586805556,0.965520086083214,205,240,1565
600,5,0.5,1,"variance_lognorm",0.959788773148148,0.961865136298422,205,240,1565
600,5,0.5,1,"random",0.489422743055556,0.486567431850789,205,240,1565
600,5,0.5,2,"DIFS_stage1",0.823471498842593,0.616598094571133,201,240,1565
600,5,0.5,2,"dip_statistic_raw",0.830387008101852,0.65146773464058,201,240,1565
600,5,0.5,2,"n_expressing",0.839680989583333,0.447239608409565,201,240,1565
600,5,0.5,2,"Seurat_vst",0.98595630787037,0.989987744561649,201,240,1565
600,5,0.5,2,"variance_lognorm",0.946883680555556,0.977075764870661,201,240,1565
600,5,0.5,2,"random",0.502673611111111,0.505711909659912,201,240,1565
600,5,0.5,3,"DIFS_stage1",0.799862919560185,0.607594888085644,191,240,1554
600,5,0.5,3,"dip_statistic_raw",0.806464482060185,0.642649990588976,191,240,1554
600,5,0.5,3,"n_expressing",0.843275101273148,0.485276549649871,191,240,1554
600,5,0.5,3,"Seurat_vst",0.94486328125,0.941509528181214,191,240,1554
600,5,0.5,3,"variance_lognorm",0.93666087962963,0.963562053216457,191,240,1554
600,5,0.5,3,"random",0.524246238425926,0.545585845820545,191,240,1554
600,5,0.5,4,"DIFS_stage1",0.803606770833333,0.656014771158939,190,240,1601
600,5,0.5,4,"dip_statistic_raw",0.807542679398148,0.676310194337722,190,240,1601
600,5,0.5,4,"n_expressing",0.832676866319444,0.481360737065911,190,240,1601
600,5,0.5,4,"Seurat_vst",0.9811328125,0.983147450483047,190,240,1601
600,5,0.5,4,"variance_lognorm",0.933635706018519,0.961453243313813,190,240,1601
600,5,0.5,4,"random",0.516553096064815,0.511298444552203,190,240,1601
600,5,0.5,5,"DIFS_stage1",0.842412471064815,0.65606455162296,205,240,1535
600,5,0.5,5,"dip_statistic_raw",0.846661603009259,0.677608655785806,205,240,1535
600,5,0.5,5,"n_expressing",0.861114366319444,0.497645332844306,205,240,1535
600,5,0.5,5,"Seurat_vst",0.969211516203704,0.976878782321658,205,240,1535
600,5,0.5,5,"variance_lognorm",0.963454861111111,0.972433522831469,205,240,1535
600,5,0.5,5,"random",0.466402633101852,0.485747295066936,205,240,1535
600,6,0.2,1,"DIFS_stage1",0.864738498263889,0.564402937709675,205,240,1012
600,6,0.2,1,"dip_statistic_raw",0.875953052662037,0.658113458458005,205,240,1012
600,6,0.2,1,"n_expressing",0.909427806712963,0.443358418714299,205,240,1012
600,6,0.2,1,"Seurat_vst",0.92111255787037,0.967582434188654,205,240,1012
600,6,0.2,1,"variance_lognorm",0.99418041087963,0.999353220298002,205,240,1012
600,6,0.2,1,"random",0.487964409722222,0.498201710641642,205,240,1012
600,6,0.2,2,"DIFS_stage1",0.8509375,0.557174762702401,199,240,1009
600,6,0.2,2,"dip_statistic_raw",0.864171730324074,0.670674359451579,199,240,1009
600,6,0.2,2,"n_expressing",0.903161892361111,0.405667225013959,199,240,1009
600,6,0.2,2,"Seurat_vst",0.920777633101852,0.940145170295924,199,240,1009
600,6,0.2,2,"variance_lognorm",0.993083043981482,0.999001178733172,199,240,1009
600,6,0.2,2,"random",0.517463831018519,0.522954277560643,199,240,1009
600,6,0.2,3,"DIFS_stage1",0.848295717592593,0.520857843137255,200,240,1016
600,6,0.2,3,"dip_statistic_raw",0.864010416666667,0.653970588235294,200,240,1016
600,6,0.2,3,"n_expressing",0.904539207175926,0.414702818627451,200,240,1016
600,6,0.2,3,"Seurat_vst",0.941819299768519,0.959319852941176,200,240,1016
600,6,0.2,3,"variance_lognorm",0.992874710648148,0.999908088235294,200,240,1016
600,6,0.2,3,"random",0.491379484953704,0.482935049019608,200,240,1016
600,6,0.2,4,"DIFS_stage1",0.839187644675926,0.570058354457119,192,240,981
600,6,0.2,4,"dip_statistic_raw",0.848375289351852,0.653899978876215,192,240,981
600,6,0.2,4,"n_expressing",0.909379701967593,0.449831009716941,192,240,981
600,6,0.2,4,"Seurat_vst",0.909621672453704,0.933473278411491,192,240,981
600,6,0.2,4,"variance_lognorm",0.993601707175926,1,192,240,981
600,6,0.2,4,"random",0.496585648148148,0.47174693705112,192,240,981
600,6,0.2,5,"DIFS_stage1",0.861833405671296,0.559670134335752,205,240,1042
600,6,0.2,5,"dip_statistic_raw",0.874258174189815,0.659772124602966,205,240,1042
600,6,0.2,5,"n_expressing",0.902591507523148,0.412798321531602,205,240,1042
600,6,0.2,5,"Seurat_vst",0.901959635416667,0.930868082874377,205,240,1042
600,6,0.2,5,"variance_lognorm",0.993934461805556,1,205,240,1042
600,6,0.2,5,"random",0.489780092592593,0.494040854387038,205,240,1042
600,6,0.5,1,"DIFS_stage1",0.838375651041667,0.636236722018301,197,240,1266
600,6,0.5,1,"dip_statistic_raw",0.838138382523148,0.634679215358535,197,240,1266
600,6,0.5,1,"n_expressing",0.892165436921296,0.53792861111243,197,240,1266
600,6,0.5,1,"Seurat_vst",0.904246238425926,0.919028647675849,197,240,1266
600,6,0.5,1,"variance_lognorm",0.982857349537037,0.995218264614683,197,240,1266
600,6,0.5,1,"random",0.527781394675926,0.54287179535882,197,240,1266
600,6,0.5,2,"DIFS_stage1",0.859000289351852,0.605885885885886,210,240,1320
600,6,0.5,2,"dip_statistic_raw",0.865405092592593,0.643869583869584,210,240,1320
600,6,0.5,2,"n_expressing",0.886695240162037,0.486323466323466,210,240,1320
600,6,0.5,2,"Seurat_vst",0.887568721064815,0.914384384384384,210,240,1320
600,6,0.5,2,"variance_lognorm",0.987063802083333,0.991274131274131,210,240,1320
600,6,0.5,2,"random",0.474621672453704,0.466447876447876,210,240,1320
600,6,0.5,3,"DIFS_stage1",0.812760054976852,0.590811171070453,193,240,1398
600,6,0.5,3,"dip_statistic_raw",0.82092845775463,0.639365338722508,193,240,1398
600,6,0.5,3,"n_expressing",0.865868778935185,0.485679272461462,193,240,1398
600,6,0.5,3,"Seurat_vst",0.938854890046296,0.944884225915335,193,240,1398
600,6,0.5,3,"variance_lognorm",0.973637876157407,0.98993399694709,193,240,1398
600,6,0.5,3,"random",0.494488570601852,0.496863242534345,193,240,1398
600,6,0.5,4,"DIFS_stage1",0.82329029224537,0.584110439394992,195,240,1302
600,6,0.5,4,"dip_statistic_raw",0.829622757523148,0.624663562874945,195,240,1302
600,6,0.5,4,"n_expressing",0.877710865162037,0.497088458064068,195,240,1302
600,6,0.5,4,"Seurat_vst",0.924348234953704,0.931068028629004,195,240,1302
600,6,0.5,4,"variance_lognorm",0.968445457175926,0.985389016283325,195,240,1302
600,6,0.5,4,"random",0.517497829861111,0.507321705695689,195,240,1302
600,6,0.5,5,"DIFS_stage1",0.852850115740741,0.640159381791838,202,240,1227
600,6,0.5,5,"dip_statistic_raw",0.853900462962963,0.647172180632697,202,240,1227
600,6,0.5,5,"n_expressing",0.893208550347222,0.507314658295098,202,240,1227
600,6,0.5,5,"Seurat_vst",0.927878327546296,0.941782178217822,202,240,1227
600,6,0.5,5,"variance_lognorm",0.975013020833333,0.990504709007486,202,240,1227
600,6,0.5,5,"random",0.476431568287037,0.481424776624004,202,240,1227
600,8,0.2,1,"DIFS_stage1",0.899833622685185,0.49275032105721,202,240,441
600,8,0.2,1,"dip_statistic_raw",0.902429832175926,0.567090600273417,202,240,441
600,8,0.2,1,"n_expressing",0.974299406828704,0.464404076390903,202,240,441
600,8,0.2,1,"Seurat_vst",0.788468605324074,0.869112225030034,202,240,441
600,8,0.2,1,"variance_lognorm",1,1,202,240,441
600,8,0.2,1,"random",0.504318576388889,0.539893947553751,202,240,441
600,8,0.2,2,"DIFS_stage1",0.877638165509259,0.545457324529225,188,240,362
600,8,0.2,2,"dip_statistic_raw",0.877466724537037,0.538212276840303,188,240,362
600,8,0.2,2,"n_expressing",0.979939959490741,0.535445707997065,188,240,362
600,8,0.2,2,"Seurat_vst",0.80484375,0.894106138420152,188,240,362
600,8,0.2,2,"variance_lognorm",0.999476273148148,1,188,240,362
600,8,0.2,2,"random",0.483785445601852,0.492143555881634,188,240,362
600,8,0.2,3,"DIFS_stage1",0.860786313657407,0.468032897854193,187,240,503
600,8,0.2,3,"dip_statistic_raw",0.864606481481481,0.557402017193529,187,240,503
600,8,0.2,3,"n_expressing",0.962438512731482,0.445830230826508,187,240,503
600,8,0.2,3,"Seurat_vst",0.783699363425926,0.881828335476884,187,240,503
600,8,0.2,3,"variance_lognorm",0.99921875,1,187,240,503
600,8,0.2,3,"random",0.495767505787037,0.495617003993772,187,240,503
600,8,0.2,4,"DIFS_stage1",0.977696397569444,0.47287907760465,239,240,460
600,8,0.2,4,"dip_statistic_raw",0.982014250578704,0.585887654063879,239,240,460
600,8,0.2,4,"n_expressing",0.975745804398148,0.426342793313012,239,240,460
600,8,0.2,4,"Seurat_vst",0.74064453125,0.917245688104659,239,240,460
600,8,0.2,4,"variance_lognorm",0.999835069444444,1,239,240,460
600,8,0.2,4,"random",0.457739438657407,0.443476779189307,239,240,460
600,8,0.2,5,"DIFS_stage1",0.8712890625,0.456007281553398,192,240,501
600,8,0.2,5,"dip_statistic_raw",0.872078993055556,0.474413430420712,192,240,501
600,8,0.2,5,"n_expressing",0.967529658564815,0.530744336569579,192,240,501
600,8,0.2,5,"Seurat_vst",0.769769965277778,0.815989077669903,192,240,501
600,8,0.2,5,"variance_lognorm",0.998194444444444,1,192,240,501
600,8,0.2,5,"random",0.525266203703704,0.554898193096009,192,240,501
600,8,0.5,1,"DIFS_stage1",0.964594907407407,0.514828906612034,237,240,583
600,8,0.5,1,"dip_statistic_raw",0.965852141203704,0.536023511621668,237,240,583
600,8,0.5,1,"n_expressing",0.96958912037037,0.507652252384088,237,240,583
600,8,0.5,1,"Seurat_vst",0.722122395833333,0.846759835125973,237,240,583
600,8,0.5,1,"variance_lognorm",0.999309172453704,0.99702446281798,237,240,583
600,8,0.5,1,"random",0.537393663194444,0.577534694275749,237,240,583
600,8,0.5,2,"DIFS_stage1",0.865260054976852,0.508730795995932,195,240,674
600,8,0.5,2,"dip_statistic_raw",0.861263382523148,0.449579786949307,195,240,674
600,8,0.5,2,"n_expressing",0.954631438078704,0.599464696750709,195,240,674
600,8,0.5,2,"Seurat_vst",0.765055700231482,0.783994432846207,195,240,674
600,8,0.5,2,"variance_lognorm",0.994290364583333,0.998693860071731,195,240,674
600,8,0.5,2,"random",0.51560619212963,0.52106418285959,195,240,674
600,8,0.5,3,"DIFS_stage1",0.87912109375,0.520904894804637,204,240,752
600,8,0.5,3,"dip_statistic_raw",0.877010271990741,0.494802848146558,204,240,752
600,8,0.5,3,"n_expressing",0.949057074652778,0.569861886360384,204,240,752
600,8,0.5,3,"Seurat_vst",0.773782552083333,0.803876842707886,204,240,752
600,8,0.5,3,"variance_lognorm",0.997301070601852,0.998264634320882,204,240,752
600,8,0.5,3,"random",0.479223090277778,0.468548733361958,204,240,752
600,8,0.5,4,"DIFS_stage1",0.866777705439815,0.489370733666036,195,240,642
600,8,0.5,4,"dip_statistic_raw",0.865795355902778,0.473791085871623,195,240,642
600,8,0.5,4,"n_expressing",0.957638165509259,0.582452819365571,195,240,642
600,8,0.5,4,"Seurat_vst",0.775985966435185,0.827556932254919,195,240,642
600,8,0.5,4,"variance_lognorm",0.998419415509259,0.999254287844892,195,240,642
600,8,0.5,4,"random",0.498525028935185,0.499110881661217,195,240,642
600,8,0.5,5,"DIFS_stage1",0.893546006944444,0.493334184650747,205,240,587
600,8,0.5,5,"dip_statistic_raw",0.892297453703704,0.471293576810114,205,240,587
600,8,0.5,5,"n_expressing",0.96497142650463,0.569563274166773,205,240,587
600,8,0.5,5,"Seurat_vst",0.774025607638889,0.840097050185162,205,240,587
600,8,0.5,5,"variance_lognorm",0.999754774305556,0.998927340058741,205,240,587
600,8,0.5,5,"random",0.503156105324074,0.486949304048014,205,240,587
1200,2,0.2,1,"DIFS_stage1",0.651446759259259,0.623304272116527,123,240,1505
1200,2,0.2,1,"dip_statistic_raw",0.660411603009259,0.696210276140388,123,240,1505
1200,2,0.2,1,"n_expressing",0.684331235532407,0.368409751391291,123,240,1505
1200,2,0.2,1,"Seurat_vst",0.999997106481481,1,123,240,1505
1200,2,0.2,1,"variance_lognorm",0.730218460648148,0.880107773581354,123,240,1505
1200,2,0.2,1,"random",0.490187355324074,0.496940924546727,123,240,1505
1200,2,0.2,2,"DIFS_stage1",0.635462962962963,0.601214769289864,118,240,1530
1200,2,0.2,2,"dip_statistic_raw",0.635444155092593,0.601058721851443,118,240,1530
1200,2,0.2,2,"n_expressing",0.7170703125,0.457885197099918,118,240,1530
1200,2,0.2,2,"Seurat_vst",1,1,118,240,1530
1200,2,0.2,2,"variance_lognorm",0.749719328703704,0.901576079128055,118,240,1530
1200,2,0.2,2,"random",0.474191261574074,0.44273059009939,118,240,1530
1200,2,0.2,3,"DIFS_stage1",0.665110677083333,0.604869449209072,132,240,1563
1200,2,0.2,3,"dip_statistic_raw",0.668932291666667,0.632837812083095,132,240,1563
1200,2,0.2,3,"n_expressing",0.698347800925926,0.424406539186413,132,240,1563
1200,2,0.2,3,"Seurat_vst",0.999994936342593,1,132,240,1563
1200,2,0.2,3,"variance_lognorm",0.746066261574074,0.901356330601614,132,240,1563
1200,2,0.2,3,"random",0.458459201388889,0.485711411812041,132,240,1563
1200,2,0.2,4,"DIFS_stage1",0.631091579861111,0.547409596662031,120,240,1558
1200,2,0.2,4,"dip_statistic_raw",0.637416811342593,0.598081826611034,120,240,1558
1200,2,0.2,4,"n_expressing",0.715085720486111,0.438887923041261,120,240,1558
1200,2,0.2,4,"Seurat_vst",0.996634114583333,1,120,240,1558
1200,2,0.2,4,"variance_lognorm",0.757256221064815,0.894257070004636,120,240,1558
1200,2,0.2,4,"random",0.5358984375,0.525840287436254,120,240,1558
1200,2,0.2,5,"DIFS_stage1",0.6421875,0.540148747819791,126,240,1573
1200,2,0.2,5,"dip_statistic_raw",0.651975549768519,0.614363598468643,126,240,1573
1200,2,0.2,5,"n_expressing",0.69392505787037,0.413660995381797,126,240,1573
1200,2,0.2,5,"Seurat_vst",0.999986255787037,1,126,240,1573
1200,2,0.2,5,"variance_lognorm",0.731072771990741,0.911985388488498,126,240,1573
1200,2,0.2,5,"random",0.503993778935185,0.490434505983919,126,240,1573
1200,2,0.5,1,"DIFS_stage1",0.610167824074074,0.455496353979883,131,240,1919
1200,2,0.5,1,"dip_statistic_raw",0.619484230324074,0.510481240500709,131,240,1919
1200,2,0.5,1,"n_expressing",0.691206958912037,0.468959731543624,131,240,1919
1200,2,0.5,1,"Seurat_vst",0.999783709490741,0.999995730655601,131,240,1919
1200,2,0.5,1,"variance_lognorm",0.706118344907407,0.712463924039824,131,240,1919
1200,2,0.5,1,"random",0.51538990162037,0.517815974179005,131,240,1919
1200,2,0.5,2,"DIFS_stage1",0.600545428240741,0.457308717948718,130,240,2005
1200,2,0.5,2,"dip_statistic_raw",0.606401186342593,0.490518974358974,130,240,2005
1200,2,0.5,2,"n_expressing",0.66676830150463,0.4888,130,240,2005
1200,2,0.5,2,"Seurat_vst",0.999845920138889,0.999917948717949,130,240,2005
1200,2,0.5,2,"variance_lognorm",0.683740596064815,0.748024615384615,130,240,2005
1200,2,0.5,2,"random",0.52009837962963,0.562789743589744,130,240,2005
1200,2,0.5,3,"DIFS_stage1",0.583193721064815,0.441043937035115,123,240,2003
1200,2,0.5,3,"dip_statistic_raw",0.591610966435185,0.491363950873551,123,240,2003
1200,2,0.5,3,"n_expressing",0.660326605902778,0.488585452343885,123,240,2003
1200,2,0.5,3,"Seurat_vst",0.999934172453704,0.999956754886698,123,240,2003
1200,2,0.5,3,"variance_lognorm",0.66240234375,0.718595398719945,123,240,2003
1200,2,0.5,3,"random",0.537696759259259,0.54782909531223,123,240,2003
1200,2,0.5,4,"DIFS_stage1",0.60610279224537,0.522829214717188,125,240,1946
1200,2,0.5,4,"dip_statistic_raw",0.610768590856481,0.551165293794618,125,240,1946
1200,2,0.5,4,"n_expressing",0.640885778356482,0.457462932454695,125,240,1946
1200,2,0.5,4,"Seurat_vst",0.999908854166667,0.999991213618891,125,240,1946
1200,2,0.5,4,"variance_lognorm",0.650102719907407,0.713805601317957,125,240,1946
1200,2,0.5,4,"random",0.48603515625,0.497550796265788,125,240,1946
1200,2,0.5,5,"DIFS_stage1",0.609407552083333,0.503153598812763,130,240,1996
1200,2,0.5,5,"dip_statistic_raw",0.608096064814815,0.495679775744084,130,240,1996
1200,2,0.5,5,"n_expressing",0.664796368634259,0.507387253689505,130,240,1996
1200,2,0.5,5,"Seurat_vst",0.999906684027778,1,130,240,1996
1200,2,0.5,5,"variance_lognorm",0.681128472222222,0.771819605903207,130,240,1996
1200,2,0.5,5,"random",0.497214988425926,0.503256657597494,130,240,1996
1200,3,0.2,1,"DIFS_stage1",0.761261935763889,0.662595439818953,169,240,1526
1200,3,0.2,1,"dip_statistic_raw",0.773981843171296,0.739269969869142,169,240,1526
1200,3,0.2,1,"n_expressing",0.781258680555556,0.414759323778087,169,240,1526
1200,3,0.2,1,"Seurat_vst",1,1,169,240,1526
1200,3,0.2,1,"variance_lognorm",0.856987847222222,0.967004312506268,169,240,1526
1200,3,0.2,1,"random",0.48951099537037,0.489689665246606,169,240,1526
1200,3,0.2,2,"DIFS_stage1",0.79404296875,0.638056935280599,188,240,1623
1200,3,0.2,2,"dip_statistic_raw",0.817042824074074,0.755912224775743,188,240,1623
1200,3,0.2,2,"n_expressing",0.791047815393519,0.379173771220995,188,240,1623
1200,3,0.2,2,"Seurat_vst",1,1,188,240,1623
1200,3,0.2,2,"variance_lognorm",0.881950231481481,0.950567128771592,188,240,1623
1200,3,0.2,2,"random",0.519079861111111,0.507609904366521,188,240,1623
1200,3,0.2,3,"DIFS_stage1",0.735480324074074,0.654105042723856,158,240,1512
1200,3,0.2,3,"dip_statistic_raw",0.745413773148148,0.718293663407064,158,240,1512
1200,3,0.2,3,"n_expressing",0.782961154513889,0.418964904736084,158,240,1512
1200,3,0.2,3,"Seurat_vst",1,1,158,240,1512
1200,3,0.2,3,"variance_lognorm",0.843587239583333,0.975520258773816,158,240,1512
1200,3,0.2,3,"random",0.488590133101852,0.49650823626199,158,240,1512
1200,3,0.2,4,"DIFS_stage1",0.756949869791667,0.673012606122974,169,240,1618
1200,3,0.2,4,"dip_statistic_raw",0.765221715856481,0.719708756498054,169,240,1618
1200,3,0.2,4,"n_expressing",0.771048177083333,0.428677602590646,169,240,1618
1200,3,0.2,4,"Seurat_vst",1,1,169,240,1618
1200,3,0.2,4,"variance_lognorm",0.84687572337963,0.954308419191362,169,240,1618
1200,3,0.2,4,"random",0.500232928240741,0.518713170887084,169,240,1618
1200,3,0.2,5,"DIFS_stage1",0.735626446759259,0.609129148522109,163,240,1569
1200,3,0.2,5,"dip_statistic_raw",0.758098234953704,0.744678808611647,163,240,1569
1200,3,0.2,5,"n_expressing",0.759112413194444,0.366640777037936,163,240,1569
1200,3,0.2,5,"Seurat_vst",1,1,163,240,1569
1200,3,0.2,5,"variance_lognorm",0.838006365740741,0.956034174309925,163,240,1569
1200,3,0.2,5,"random",0.525005063657407,0.522170539929662,163,240,1569
1200,3,0.5,1,"DIFS_stage1",0.727008101851852,0.628937108854006,171,240,1995
1200,3,0.5,1,"dip_statistic_raw",0.72027271412037,0.599084974864061,171,240,1995
1200,3,0.5,1,"n_expressing",0.744768518518519,0.477691853903765,171,240,1995
1200,3,0.5,1,"Seurat_vst",1,1,171,240,1995
1200,3,0.5,1,"variance_lognorm",0.802212818287037,0.851730019493177,171,240,1995
1200,3,0.5,1,"random",0.496572627314815,0.493985328819124,171,240,1995
1200,3,0.5,2,"DIFS_stage1",0.698600260416667,0.600394112723214,160,240,1952
1200,3,0.5,2,"dip_statistic_raw",0.703549623842593,0.624257114955357,160,240,1952
1200,3,0.5,2,"n_expressing",0.733079788773148,0.436209542410714,160,240,1952
1200,3,0.5,2,"Seurat_vst",1,1,160,240,1952
1200,3,0.5,2,"variance_lognorm",0.785692997685185,0.8357421875,160,240,1952
1200,3,0.5,2,"random",0.508155381944444,0.544559151785714,160,240,1952
1200,3,0.5,3,"DIFS_stage1",0.716063368055556,0.630961791831357,165,240,1959
1200,3,0.5,3,"dip_statistic_raw",0.718713107638889,0.643336373771156,165,240,1959
1200,3,0.5,3,"n_expressing",0.737099971064815,0.430012499577717,165,240,1959
1200,3,0.5,3,"Seurat_vst",1,1,165,240,1959
1200,3,0.5,3,"variance_lognorm",0.792034866898148,0.819465558595993,165,240,1959
1200,3,0.5,3,"random",0.49277271412037,0.47884868754434,165,240,1959
1200,3,0.5,4,"DIFS_stage1",0.707639612268519,0.609940668751762,164,240,1981
1200,3,0.5,4,"dip_statistic_raw",0.712379918981481,0.63193148717398,164,240,1981
1200,3,0.5,4,"n_expressing",0.734794560185185,0.428292414459643,164,240,1981
1200,3,0.5,4,"Seurat_vst",1,1,164,240,1981
1200,3,0.5,4,"variance_lognorm",0.792093460648148,0.800636267232238,164,240,1981
1200,3,0.5,4,"random",0.512761140046296,0.516910076915849,164,240,1981
1200,3,0.5,5,"DIFS_stage1",0.715580150462963,0.620465223200816,163,240,1871
1200,3,0.5,5,"dip_statistic_raw",0.716768663194444,0.626366718868982,163,240,1871
1200,3,0.5,5,"n_expressing",0.758923249421296,0.455631025416302,163,240,1871
1200,3,0.5,5,"Seurat_vst",1,1,163,240,1871
1200,3,0.5,5,"variance_lognorm",0.811940827546296,0.834980819241103,163,240,1871
1200,3,0.5,5,"random",0.514248408564815,0.516810103303113,163,240,1871
1200,4,0.2,1,"DIFS_stage1",0.802369791666667,0.642212421149803,186,240,1444
1200,4,0.2,1,"dip_statistic_raw",0.815093315972222,0.717382942715011,186,240,1444
1200,4,0.2,1,"n_expressing",0.842216796875,0.451463322905448,186,240,1444
1200,4,0.2,1,"Seurat_vst",0.989781539351852,0.992196181000735,186,240,1444
1200,4,0.2,1,"variance_lognorm",0.934424189814815,0.991794450997487,186,240,1444
1200,4,0.2,1,"random",0.520881076388889,0.523116570080517,186,240,1444
1200,4,0.2,2,"DIFS_stage1",0.813449074074074,0.6191829004329,192,240,1424
1200,4,0.2,2,"dip_statistic_raw",0.835717592592593,0.749323593073593,192,240,1424
1200,4,0.2,2,"n_expressing",0.832729311342593,0.395915770427489,192,240,1424
1200,4,0.2,2,"Seurat_vst",0.997013165509259,0.999496922348485,192,240,1424
1200,4,0.2,2,"variance_lognorm",0.924155815972222,0.98049834280303,192,240,1424
1200,4,0.2,2,"random",0.465355902777778,0.47947950487013,192,240,1424
1200,4,0.2,3,"DIFS_stage1",0.815383752893518,0.662685215035115,191,240,1474
1200,4,0.2,3,"dip_statistic_raw",0.829775390625,0.743871733869816,191,240,1474
1200,4,0.2,3,"n_expressing",0.833569155092593,0.421523099084688,191,240,1474
1200,4,0.2,3,"Seurat_vst",0.996537905092593,0.997547469322963,191,240,1474
1200,4,0.2,3,"variance_lognorm",0.935396412037037,0.987190526131082,191,240,1474
1200,4,0.2,3,"random",0.518543113425926,0.509628529338551,191,240,1474
1200,4,0.2,4,"DIFS_stage1",0.85296875,0.595774647887324,213,240,1473
1200,4,0.2,4,"dip_statistic_raw",0.884260706018518,0.756956554139653,213,240,1473
1200,4,0.2,4,"n_expressing",0.844819516782407,0.37718719725762,213,240,1473
1200,4,0.2,4,"Seurat_vst",1,1,213,240,1473
1200,4,0.2,4,"variance_lognorm",0.963206741898148,0.972684253670169,213,240,1473
1200,4,0.2,4,"random",0.523424479166667,0.542048587823236,213,240,1473
1200,4,0.2,5,"DIFS_stage1",0.852808159722222,0.639581719597211,210,240,1501
1200,4,0.2,5,"dip_statistic_raw",0.876478587962963,0.760278115893918,210,240,1501
1200,4,0.2,5,"n_expressing",0.844773582175926,0.402629928811184,210,240,1501
1200,4,0.2,5,"Seurat_vst",0.994565972222222,0.995201209841024,210,240,1501
1200,4,0.2,5,"variance_lognorm",0.952994791666667,0.972966692486445,210,240,1501
1200,4,0.2,5,"random",0.505198929398148,0.505337316956217,210,240,1501
1200,4,0.5,1,"DIFS_stage1",0.828753616898148,0.667858409343263,207,240,1869
1200,4,0.5,1,"dip_statistic_raw",0.834741030092593,0.691917077963225,207,240,1869
1200,4,0.5,1,"n_expressing",0.815275245949074,0.452007650406646,207,240,1869
1200,4,0.5,1,"Seurat_vst",0.998093171296296,0.999598876855195,207,240,1869
1200,4,0.5,1,"variance_lognorm",0.923810040509259,0.906939430405134,207,240,1869
1200,4,0.5,1,"random",0.490157696759259,0.485327031630595,207,240,1869
1200,4,0.5,2,"DIFS_stage1",0.832361834490741,0.680029715715643,206,240,1820
1200,4,0.5,2,"dip_statistic_raw",0.834469039351852,0.688791039568821,206,240,1820
1200,4,0.5,2,"n_expressing",0.820384114583333,0.465002827203715,206,240,1820
1200,4,0.5,2,"Seurat_vst",0.991313657407407,0.993280879681428,206,240,1820
1200,4,0.5,2,"variance_lognorm",0.91634693287037,0.907021089736649,206,240,1820
1200,4,0.5,2,"random",0.506414930555556,0.511248661589731,206,240,1820
1200,4,0.5,3,"DIFS_stage1",0.773216145833333,0.617082498634129,190,240,1924
1200,4,0.5,3,"dip_statistic_raw",0.785497685185185,0.66861530990105,190,240,1924
1200,4,0.5,3,"n_expressing",0.781039496527778,0.434644569902264,190,240,1924
1200,4,0.5,3,"Seurat_vst",0.995899884259259,0.995016086930128,190,240,1924
1200,4,0.5,3,"variance_lognorm",0.881315827546296,0.912438535785831,190,240,1924
1200,4,0.5,3,"random",0.50617115162037,0.510662902932071,190,240,1924
1200,4,0.5,4,"DIFS_stage1",0.816082899305556,0.639285458709031,204,240,1848
1200,4,0.5,4,"dip_statistic_raw",0.821461950231481,0.661457587901341,204,240,1848
1200,4,0.5,4,"n_expressing",0.818985460069444,0.470085814131005,204,240,1848
1200,4,0.5,4,"Seurat_vst",0.999534143518519,0.999961237536377,204,240,1848
1200,4,0.5,4,"variance_lognorm",0.917497106481482,0.914540694623348,204,240,1848
1200,4,0.5,4,"random",0.514383680555556,0.518650708458566,204,240,1848
1200,4,0.5,5,"DIFS_stage1",0.836653284143518,0.682138372810658,207,240,1796
1200,4,0.5,5,"dip_statistic_raw",0.839691478587963,0.694907318734172,207,240,1796
1200,4,0.5,5,"n_expressing",0.817777777777778,0.448819328535858,207,240,1796
1200,4,0.5,5,"Seurat_vst",0.996618923611111,0.997747193112066,207,240,1796
1200,4,0.5,5,"variance_lognorm",0.911545862268519,0.904795347239324,207,240,1796
1200,4,0.5,5,"random",0.482492766203704,0.476844124612751,207,240,1796
1200,5,0.2,1,"DIFS_stage1",0.840989583333333,0.616840330321242,202,240,1347
1200,5,0.2,1,"dip_statistic_raw",0.856317997685185,0.708456915560552,202,240,1347
1200,5,0.2,1,"n_expressing",0.862611038773148,0.421872973323533,202,240,1347
1200,5,0.2,1,"Seurat_vst",0.977432002314815,0.985170132733797,202,240,1347
1200,5,0.2,1,"variance_lognorm",0.969176793981481,0.998002507674348,202,240,1347
1200,5,0.2,1,"random",0.441304253472222,0.421687059535648,202,240,1347
1200,5,0.2,2,"DIFS_stage1",0.875882523148148,0.583519774665965,217,240,1251
1200,5,0.2,2,"dip_statistic_raw",0.899764178240741,0.730655411849647,217,240,1251
1200,5,0.2,2,"n_expressing",0.880380497685185,0.382290153223578,217,240,1251
1200,5,0.2,2,"Seurat_vst",0.975149739583333,0.983015268876628,217,240,1251
1200,5,0.2,2,"variance_lognorm",0.979912471064815,0.996924832202801,217,240,1251
1200,5,0.2,2,"random",0.482504340277778,0.49360454233481,217,240,1251
1200,5,0.2,3,"DIFS_stage1",0.830031828703704,0.565652993870816,202,240,1378
1200,5,0.2,3,"dip_statistic_raw",0.852999855324074,0.699312150602815,202,240,1378
1200,5,0.2,3,"n_expressing",0.857706163194444,0.377054287061359,202,240,1378
1200,5,0.2,3,"Seurat_vst",0.983209635416667,0.988844547720078,202,240,1378
1200,5,0.2,3,"variance_lognorm",0.986027199074074,0.992961541052064,202,240,1378
1200,5,0.2,3,"random",0.474864728009259,0.485880986057789,202,240,1378
1200,5,0.2,4,"DIFS_stage1",0.895870225694444,0.564103539194808,228,240,1266
1200,5,0.2,4,"dip_statistic_raw",0.924740306712963,0.732739242132306,228,240,1266
1200,5,0.2,4,"n_expressing",0.882486617476852,0.379206385424061,228,240,1266
1200,5,0.2,4,"Seurat_vst",0.962943431712963,0.976527904539769,228,240,1266
1200,5,0.2,4,"variance_lognorm",0.987400173611111,0.990213974241963,228,240,1266
1200,5,0.2,4,"random",0.466106770833333,0.477689889463543,228,240,1266
1200,5,0.2,5,"DIFS_stage1",0.88839916087963,0.609828576400975,221,240,1261
1200,5,0.2,5,"dip_statistic_raw",0.910651041666667,0.743665158371041,221,240,1261
1200,5,0.2,5,"n_expressing",0.882841435185185,0.394974765053951,221,240,1261
1200,5,0.2,5,"Seurat_vst",0.966340422453704,0.98314479638009,221,240,1261
1200,5,0.2,5,"variance_lognorm",0.987866030092593,0.997528715628263,221,240,1261
1200,5,0.2,5,"random",0.498917100694444,0.520975461190393,221,240,1261
1200,5,0.5,1,"DIFS_stage1",0.872102864583333,0.652816205533597,220,240,1600
1200,5,0.5,1,"dip_statistic_raw",0.882569444444444,0.700474308300395,220,240,1600
1200,5,0.5,1,"n_expressing",0.863963758680556,0.484278656126482,220,240,1600
1200,5,0.5,1,"Seurat_vst",0.96048900462963,0.969426877470356,220,240,1600
1200,5,0.5,1,"variance_lognorm",0.96837962962963,0.965856389986825,220,240,1600
1200,5,0.5,1,"random",0.471649305555556,0.473603425559947,220,240,1600
1200,5,0.5,2,"DIFS_stage1",0.864614438657407,0.665500171834933,216,240,1617
1200,5,0.5,2,"dip_statistic_raw",0.870581597222222,0.692759140296614,216,240,1617
1200,5,0.5,2,"n_expressing",0.86486255787037,0.507258373648452,216,240,1617
1200,5,0.5,2,"Seurat_vst",0.957643229166667,0.965732148994105,216,240,1617
1200,5,0.5,2,"variance_lognorm",0.972042100694444,0.972618764374653,216,240,1617
1200,5,0.5,2,"random",0.51603443287037,0.521519020805245,216,240,1617
1200,5,0.5,3,"DIFS_stage1",0.870766420717593,0.650007768726595,221,240,1648
1200,5,0.5,3,"dip_statistic_raw",0.879016565393518,0.686171983752263,221,240,1648
1200,5,0.5,3,"n_expressing",0.855921585648148,0.480619405327761,221,240,1648
1200,5,0.5,3,"Seurat_vst",0.961392505787037,0.964967799420992,221,240,1648
1200,5,0.5,3,"variance_lognorm",0.961104600694444,0.954376963981647,221,240,1648
1200,5,0.5,3,"random",0.512826967592593,0.5170008276072,221,240,1648
1200,5,0.5,4,"DIFS_stage1",0.847494936342593,0.722187115017585,206,240,1727
1200,5,0.5,4,"dip_statistic_raw",0.844875578703704,0.710630461563994,206,240,1727
1200,5,0.5,4,"n_expressing",0.840608000578704,0.484129947722181,206,240,1727
1200,5,0.5,4,"Seurat_vst",0.984895109953704,0.988484836879161,206,240,1727
1200,5,0.5,4,"variance_lognorm",0.950591001157407,0.943911453246778,206,240,1727
1200,5,0.5,4,"random",0.512369791666667,0.513181159559054,206,240,1727
1200,5,0.5,5,"DIFS_stage1",0.834971788194444,0.671021961807412,202,240,1591
1200,5,0.5,5,"dip_statistic_raw",0.838197337962963,0.686914155778429,202,240,1591
1200,5,0.5,5,"n_expressing",0.856910083912037,0.52037935975023,202,240,1591
1200,5,0.5,5,"Seurat_vst",0.968616898148148,0.977952654876719,202,240,1591
1200,5,0.5,5,"variance_lognorm",0.955277777777778,0.972927314329705,202,240,1591
1200,5,0.5,5,"random",0.501453993055556,0.506468789427539,202,240,1591
1200,6,0.2,1,"DIFS_stage1",0.872076822916667,0.546515131428296,209,240,1003
1200,6,0.2,1,"dip_statistic_raw",0.883655960648148,0.64297422052957,209,240,1003
1200,6,0.2,1,"n_expressing",0.915672019675926,0.451942198064431,209,240,1003
1200,6,0.2,1,"Seurat_vst",0.905260416666667,0.945476239258554,209,240,1003
1200,6,0.2,1,"variance_lognorm",0.997288049768518,1,209,240,1003
1200,6,0.2,1,"random",0.499446614583333,0.485019223120774,209,240,1003
1200,6,0.2,2,"DIFS_stage1",0.863012514467593,0.543262845426447,205,240,1002
1200,6,0.2,2,"dip_statistic_raw",0.873326461226852,0.630529118340117,205,240,1002
1200,6,0.2,2,"n_expressing",0.915112123842593,0.462723016188757,205,240,1002
1200,6,0.2,2,"Seurat_vst",0.887346643518519,0.905756342381492,205,240,1002
1200,6,0.2,2,"variance_lognorm",0.993939525462963,0.997245769195459,205,240,1002
1200,6,0.2,2,"random",0.479703414351852,0.479236159990207,205,240,1002
1200,6,0.2,3,"DIFS_stage1",0.839717881944444,0.541587123338948,195,240,1017
1200,6,0.2,3,"dip_statistic_raw",0.850384114583333,0.633576642335766,195,240,1017
1200,6,0.2,3,"n_expressing",0.906837745949074,0.462701977665481,195,240,1017
1200,6,0.2,3,"Seurat_vst",0.91222728587963,0.940046166323539,195,240,1017
1200,6,0.2,3,"variance_lognorm",0.991935763888889,1,195,240,1017
1200,6,0.2,3,"random",0.474526186342593,0.498508952523551,195,240,1017
1200,6,0.2,4,"DIFS_stage1",0.833986545138889,0.515510718789407,195,240,1049
1200,6,0.2,4,"dip_statistic_raw",0.847696759259259,0.629322044076142,195,240,1049
1200,6,0.2,4,"n_expressing",0.902616102430556,0.437059388698733,195,240,1049
1200,6,0.2,4,"Seurat_vst",0.93462890625,0.971518645289137,195,240,1049
1200,6,0.2,4,"variance_lognorm",0.991809895833333,0.99829460157329,195,240,1049
1200,6,0.2,4,"random",0.516716579861111,0.519750195160031,195,240,1049
1200,6,0.2,5,"DIFS_stage1",0.926858723958333,0.548834979895082,235,240,1034
1200,6,0.2,5,"dip_statistic_raw",0.944436125578704,0.678246744600964,235,240,1034
1200,6,0.2,5,"n_expressing",0.914640842013889,0.398785716187788,235,240,1034
1200,6,0.2,5,"Seurat_vst",0.921896701388889,0.952690863579474,235,240,1034
1200,6,0.2,5,"variance_lognorm",0.994625289351852,0.999083961334647,235,240,1034
1200,6,0.2,5,"random",0.489484953703704,0.492013953612228,235,240,1034
1200,6,0.5,1,"DIFS_stage1",0.840423538773148,0.626535445045515,201,240,1346
1200,6,0.5,1,"dip_statistic_raw",0.841310402199074,0.631862521453866,201,240,1346
1200,6,0.5,1,"n_expressing",0.882740162037037,0.509530947880684,201,240,1346
1200,6,0.5,1,"Seurat_vst",0.927469618055556,0.957496360989811,201,240,1346
1200,6,0.5,1,"variance_lognorm",0.98154369212963,0.994855417236959,201,240,1346
1200,6,0.5,1,"random",0.479871238425926,0.496104629689978,201,240,1346
1200,6,0.5,2,"DIFS_stage1",0.914375361689815,0.631498787426728,233,240,1332
1200,6,0.5,2,"dip_statistic_raw",0.919952618634259,0.66160809475645,233,240,1332
1200,6,0.5,2,"n_expressing",0.894856409143518,0.469791109358098,233,240,1332
1200,6,0.5,2,"Seurat_vst",0.913181423611111,0.932662154826666,233,240,1332
1200,6,0.5,2,"variance_lognorm",0.988420862268519,0.982727176871678,233,240,1332
1200,6,0.5,2,"random",0.535287181712963,0.526838678939496,233,240,1332
1200,6,0.5,3,"DIFS_stage1",0.869657118055556,0.593541251935413,220,240,1453
1200,6,0.5,3,"dip_statistic_raw",0.879344618055556,0.642910860429109,220,240,1453
1200,6,0.5,3,"n_expressing",0.878544921875,0.481532478065325,220,240,1453
1200,6,0.5,3,"Seurat_vst",0.935899884259259,0.951618373516184,220,240,1453
1200,6,0.5,3,"variance_lognorm",0.981029369212963,0.984837425348374,220,240,1453
1200,6,0.5,3,"random",0.524280960648148,0.515118336651183,220,240,1453
1200,6,0.5,4,"DIFS_stage1",0.824924768518518,0.612515547786331,197,240,1405
1200,6,0.5,4,"dip_statistic_raw",0.830037615740741,0.642216021783709,197,240,1405
1200,6,0.5,4,"n_expressing",0.874935980902778,0.515238931656974,197,240,1405
1200,6,0.5,4,"Seurat_vst",0.903914207175926,0.927454869398595,197,240,1405
1200,6,0.5,4,"variance_lognorm",0.97013744212963,0.986809594244798,197,240,1405
1200,6,0.5,4,"random",0.513715277777778,0.524620129760984,197,240,1405
1200,6,0.5,5,"DIFS_stage1",0.833244357638889,0.647611157138912,198,240,1405
1200,6,0.5,5,"dip_statistic_raw",0.828665364583333,0.621124249956064,198,240,1405
1200,6,0.5,5,"n_expressing",0.881851128472222,0.550431824458336,198,240,1405
1200,6,0.5,5,"Seurat_vst",0.903793402777778,0.910396424895182,198,240,1405
1200,6,0.5,5,"variance_lognorm",0.971004050925926,0.992610445800172,198,240,1405
1200,6,0.5,5,"random",0.490009403935185,0.504330797619944,198,240,1405
1200,8,0.2,1,"DIFS_stage1",0.883035300925926,0.452990219656886,198,240,513
1200,8,0.2,1,"dip_statistic_raw",0.885686487268519,0.511752445085778,198,240,513
1200,8,0.2,1,"n_expressing",0.967554253472222,0.495502645502646,198,240,513
1200,8,0.2,1,"Seurat_vst",0.794574652777778,0.867291967291967,198,240,513
1200,8,0.2,1,"variance_lognorm",0.999864728009259,1,198,240,513
1200,8,0.2,1,"random",0.524577546296296,0.498396665063332,198,240,513
1200,8,0.2,2,"DIFS_stage1",0.968077980324074,0.466616816218013,236,240,491
1200,8,0.2,2,"dip_statistic_raw",0.969839409722222,0.507078763708873,236,240,491
1200,8,0.2,2,"n_expressing",0.977196180555556,0.493328348288468,236,240,491
1200,8,0.2,2,"Seurat_vst",0.762820457175926,0.847108673978066,236,240,491
1200,8,0.2,2,"variance_lognorm",0.99998119212963,1,236,240,491
1200,8,0.2,2,"random",0.510436197916667,0.562429378531073,236,240,491
1200,8,0.2,3,"DIFS_stage1",0.891924189814815,0.457904275475739,199,240,443
1200,8,0.2,3,"dip_statistic_raw",0.894450954861111,0.529841832111377,199,240,443
1200,8,0.2,3,"n_expressing",0.97419921875,0.478066562319796,199,240,443
1200,8,0.2,3,"Seurat_vst",0.743420862268519,0.877110964659362,199,240,443
1200,8,0.2,3,"variance_lognorm",1,1,199,240,443
1200,8,0.2,3,"random",0.516200086805556,0.54971579207513,199,240,443
1200,8,0.2,4,"DIFS_stage1",0.874624204282407,0.490259186111721,189,240,406
1200,8,0.2,4,"dip_statistic_raw",0.875079933449074,0.505620169214639,189,240,406
1200,8,0.2,4,"n_expressing",0.97566478587963,0.543266769073221,189,240,406
1200,8,0.2,4,"Seurat_vst",0.793472222222222,0.877599785433887,189,240,406
1200,8,0.2,4,"variance_lognorm",0.997811053240741,1,189,240,406
1200,8,0.2,4,"random",0.514871961805556,0.533538146441372,189,240,406
1200,8,0.2,5,"DIFS_stage1",0.900179398148148,0.463351955307263,200,240,379
1200,8,0.2,5,"dip_statistic_raw",0.900979456018518,0.494245810055866,200,240,379
1200,8,0.2,5,"n_expressing",0.98224609375,0.537304469273743,200,240,379
1200,8,0.2,5,"Seurat_vst",0.766430121527778,0.896648044692737,200,240,379
1200,8,0.2,5,"variance_lognorm",0.99997974537037,1,200,240,379
1200,8,0.2,5,"random",0.511475694444444,0.543631284916201,200,240,379
1200,8,0.5,1,"DIFS_stage1",0.868042534722222,0.530979722889127,191,240,553
1200,8,0.5,1,"dip_statistic_raw",0.864633969907407,0.462830117728732,191,240,553
1200,8,0.5,1,"n_expressing",0.964911747685185,0.623065575193081,191,240,553
1200,8,0.5,1,"Seurat_vst",0.786456163194444,0.837204593445373,191,240,553
1200,8,0.5,1,"variance_lognorm",0.995582320601852,0.999161146625785,191,240,553
1200,8,0.5,1,"random",0.5,0.478131960313558,191,240,553
1200,8,0.5,2,"DIFS_stage1",0.895791377314815,0.505137627164778,202,240,493
1200,8,0.5,2,"dip_statistic_raw",0.892526041666667,0.428345411860774,202,240,493
1200,8,0.5,2,"n_expressing",0.97535083912037,0.642790309958831,202,240,493
1200,8,0.5,2,"Seurat_vst",0.765699508101852,0.852012520839713,202,240,493
1200,8,0.5,2,"variance_lognorm",0.998776041666667,0.999897927937124,202,240,493
1200,8,0.5,2,"random",0.497667824074074,0.498349834983498,202,240,493
1200,8,0.5,3,"DIFS_stage1",0.960814525462963,0.488688915136834,239,240,657
1200,8,0.5,3,"dip_statistic_raw",0.964774305555556,0.543482612960701,239,240,657
1200,8,0.5,3,"n_expressing",0.962138310185185,0.481266641308482,239,240,657
1200,8,0.5,3,"Seurat_vst",0.835412326388889,0.873015555244139,239,240,657
1200,8,0.5,3,"variance_lognorm",0.999087818287037,0.994494604712618,239,240,657
1200,8,0.5,3,"random",0.504887152777778,0.506075954435347,239,240,657
1200,8,0.5,4,"DIFS_stage1",0.962811053240741,0.506002400960384,238,240,623
1200,8,0.5,4,"dip_statistic_raw",0.965612702546296,0.54827021717778,238,240,623
1200,8,0.5,4,"n_expressing",0.965876012731481,0.49439594019426,238,240,623
1200,8,0.5,4,"Seurat_vst",0.795135271990741,0.854960165884536,238,240,623
1200,8,0.5,4,"variance_lognorm",0.999330150462963,0.995852886609189,238,240,623
1200,8,0.5,4,"random",0.524134837962963,0.521073884099094,238,240,623
1200,8,0.5,5,"DIFS_stage1",0.865994285300926,0.531258032658252,191,240,578
1200,8,0.5,5,"dip_statistic_raw",0.863302589699074,0.480917786165564,191,240,578
1200,8,0.5,5,"n_expressing",0.963860677083333,0.605462884045619,191,240,578
1200,8,0.5,5,"Seurat_vst",0.786585648148148,0.818106795459772,191,240,578
1200,8,0.5,5,"variance_lognorm",0.998286313657407,0.999553553309793,191,240,578
1200,8,0.5,5,"random",0.500045572916667,0.506716993384472,191,240,578
