"min_expression","reference","norm_method","n_testable","auc","precision_at_topN","n_for_recall50","jaccard_vs_as_implemented"
0,"normal","lognorm",5981,0.506663373990723,0.034,3060,0.088139281828074
0,"tnormal","lognorm",5981,0.505706708469335,0.034,2997,0.0822510822510823
0.25,"normal","lognorm",5744,0.506382366404257,0.034,3034,0.0869565217391304
0.25,"tnormal","lognorm",5744,0.50510317384782,0.034,3081,0.0845986984815618
0.5,"normal","lognorm",5151,0.502789351034531,0.038,2778,0.112347052280311
0.5,"tnormal","lognorm",5151,0.502346036453797,0.038,2818,0.106194690265487
1,"normal","lognorm",3545,0.518774910845395,0.044,1968,0.21654501216545
1,"tnormal","lognorm",3545,0.519236417033774,0.044,1976,0.204819277108434
1.6094379124341,"normal","lognorm",1845,0.533748054329517,0.059,1273,1
1.6094379124341,"tnormal","lognorm",1845,0.533657434060428,0.058,1316,0.968503937007874
2,"normal","lognorm",1079,0.520289855072464,0.083,926,0.408450704225352
2,"tnormal","lognorm",1079,0.521289742725536,0.083,939,0.409443269908386
