"rep","scenario","n_clusters","ari_vs_truth","n_selected","precision","recall","enrichment"
1,"perturb_0",5,1,318,0.449685534591195,0.89375,16.8632075471698
1,"perturb_0.05",5,0.923233002453069,333,0.426426426426426,0.8875,15.990990990991
1,"perturb_0.1",5,0.814647086130386,334,0.422155688622754,0.88125,15.8308383233533
1,"perturb_0.2",5,0.631128938669433,363,0.382920110192837,0.86875,14.3595041322314
1,"perturb_0.4",5,0.366426715425616,313,0.4185303514377,0.81875,15.6948881789137
1,"merge_two_types",4,0.583271271054479,290,0.475862068965517,0.8625,17.8448275862069
1,"absorb_rarest_type",4,0.874515908915294,274,0.481751824817518,0.825,18.0656934306569
2,"perturb_0",5,1,357,0.372549019607843,0.83125,13.9705882352941
2,"perturb_0.05",5,0.90334804068998,349,0.3810888252149,0.83125,14.2908309455587
2,"perturb_0.1",5,0.826129678342366,356,0.373595505617978,0.83125,14.0098314606742
2,"perturb_0.2",5,0.685805330818483,363,0.363636363636364,0.825,13.6363636363636
2,"perturb_0.4",5,0.376764811196637,330,0.390909090909091,0.80625,14.6590909090909
2,"merge_two_types",4,0.577442472034963,312,0.416666666666667,0.8125,15.625
2,"absorb_rarest_type",4,0.914016235315258,308,0.386363636363636,0.74375,14.4886363636364
3,"perturb_0",5,1,392,0.364795918367347,0.89375,13.6798469387755
3,"perturb_0.05",5,0.899730353871065,380,0.368421052631579,0.875,13.8157894736842
3,"perturb_0.1",5,0.817889133678189,381,0.36745406824147,0.875,13.7795275590551
3,"perturb_0.2",5,0.662773604025096,376,0.36436170212766,0.85625,13.6635638297872
3,"perturb_0.4",5,0.38478052797915,371,0.355795148247978,0.825,13.3423180592992
3,"merge_two_types",4,0.569157949432996,302,0.470198675496689,0.8875,17.6324503311258
3,"absorb_rarest_type",4,0.90371697076065,335,0.358208955223881,0.75,13.4328358208955
