"n_cells","effect","rep","method","auc_all","auc_within_gate","auc_vs_hvnull","genes_for_half","top500_sens","top500_spec","top500_hv","top500_markers","markers_in_gate","hv_in_gate","genes_in_gate","markers"
300,2,1,"DIFS_stage1",0.52670440821256,0.52670440821256,0.50796875,1430,0.175,0.834057971014493,47,42,240,240,3000,240
300,2,1,"dip_statistic_raw",0.525064915458937,0.525064915458937,0.522430555555556,1431,0.170833333333333,0.833695652173913,36,41,240,240,3000,240
300,2,1,"n_expressing",0.50811065821256,0.50811065821256,0.484270833333333,1436,0.179166666666667,0.834420289855072,43,43,240,240,3000,240
300,2,1,"Seurat_vst",0.660892210144927,0.660892210144927,0.565208333333333,968,0.325,0.847101449275362,66,78,240,240,3000,240
300,2,1,"random",0.502747584541063,0.502747584541063,0.486927083333333,1423,0.170833333333333,0.833695652173913,38,41,240,240,3000,240
300,2,2,"DIFS_stage1",0.538155193236715,0.538155193236715,0.544913194444444,1299,0.1875,0.835144927536232,28,45,240,240,3000,240
300,2,2,"dip_statistic_raw",0.535522342995169,0.535522342995169,0.535364583333333,1317,0.179166666666667,0.834420289855072,40,43,240,240,3000,240
300,2,2,"n_expressing",0.487310537439614,0.487310537439614,0.493975694444444,1490,0.166666666666667,0.833333333333333,41,40,240,240,3000,240
300,2,2,"Seurat_vst",0.677919685990338,0.677919685990338,0.535972222222222,880,0.333333333333333,0.847826086956522,70,80,240,240,3000,240
300,2,2,"random",0.501447765700483,0.501447765700483,0.4825,1545,0.2,0.836231884057971,40,48,240,240,3000,240
300,2,3,"DIFS_stage1",0.527026721014493,0.527026721014493,0.52078125,1371,0.208333333333333,0.83695652173913,45,50,240,240,3000,240
300,2,3,"dip_statistic_raw",0.511275664251208,0.511275664251208,0.5046875,1486,0.1625,0.832971014492754,39,39,240,240,3000,240
300,2,3,"n_expressing",0.508225392512077,0.508225392512077,0.508645833333333,1510,0.1875,0.835144927536232,34,45,240,240,3000,240
300,2,3,"Seurat_vst",0.711292270531401,0.711292270531401,0.5625,749,0.3625,0.85036231884058,74,87,240,240,3000,240
300,2,3,"random",0.52657306763285,0.52657306763285,0.523524305555556,1385,0.170833333333333,0.833695652173913,43,41,240,240,3000,240
300,2,4,"DIFS_stage1",0.538176328502415,0.538176328502415,0.554079861111111,1346,0.2125,0.83731884057971,41,51,240,240,3000,240
300,2,4,"dip_statistic_raw",0.552164855072464,0.552164855072464,0.568315972222222,1238,0.195833333333333,0.835869565217391,36,47,240,240,3000,240
300,2,4,"n_expressing",0.467629830917874,0.467629830917874,0.453524305555556,1561,0.133333333333333,0.830434782608696,49,32,240,240,3000,240
300,2,4,"Seurat_vst",0.733950785024155,0.733950785024155,0.619791666666667,696,0.4125,0.854710144927536,53,99,240,240,3000,240
300,2,4,"random",0.487426026570048,0.487426026570048,0.480954861111111,1570,0.158333333333333,0.832608695652174,45,38,240,240,3000,240
300,2,5,"DIFS_stage1",0.526028834541063,0.526028834541063,0.532604166666667,1295,0.175,0.834057971014493,42,42,240,240,3000,240
300,2,5,"dip_statistic_raw",0.51992904589372,0.51992904589372,0.516180555555556,1413,0.1625,0.832971014492754,35,39,240,240,3000,240
300,2,5,"n_expressing",0.502709088164251,0.502709088164251,0.519288194444444,1404,0.145833333333333,0.831521739130435,34,35,240,240,3000,240
300,2,5,"Seurat_vst",0.68679347826087,0.68679347826087,0.557378472222222,814,0.345833333333333,0.848913043478261,69,83,240,240,3000,240
300,2,5,"random",0.475359299516908,0.475359299516908,0.500815972222222,1553,0.129166666666667,0.830072463768116,37,31,240,240,3000,240
300,4,1,"DIFS_stage1",0.648650362318841,0.648650362318841,0.646736111111111,854,0.395833333333333,0.853260869565217,42,95,240,240,3000,240
300,4,1,"dip_statistic_raw",0.644587862318841,0.644587862318841,0.632690972222222,893,0.379166666666667,0.851811594202899,36,91,240,240,3000,240
300,4,1,"n_expressing",0.496133756038647,0.496133756038647,0.510069444444444,1496,0.145833333333333,0.831521739130435,34,35,240,240,3000,240
300,4,1,"Seurat_vst",0.905782004830918,0.905782004830918,0.672048611111111,194,0.741666666666667,0.883333333333333,121,178,240,240,3000,240
300,4,1,"random",0.470892210144928,0.470892210144928,0.458263888888889,1492,0.1625,0.832971014492754,39,39,240,240,3000,240
300,4,2,"DIFS_stage1",0.612460748792271,0.612460748792271,0.588541666666667,1016,0.358333333333333,0.85,45,86,240,240,3000,240
300,4,2,"dip_statistic_raw",0.609284420289855,0.609284420289855,0.579826388888889,1063,0.333333333333333,0.847826086956522,40,80,240,240,3000,240
300,4,2,"n_expressing",0.508631491545894,0.508631491545894,0.534045138888889,1474,0.175,0.834057971014493,33,42,240,240,3000,240
300,4,2,"Seurat_vst",0.912667572463768,0.912667572463768,0.664496527777778,196,0.7625,0.885144927536232,128,183,240,240,3000,240
300,4,2,"random",0.517735507246377,0.517735507246377,0.459947916666667,1463,0.2,0.836231884057971,48,48,240,240,3000,240
300,4,3,"DIFS_stage1",0.678108393719807,0.678108393719807,0.684513888888889,830,0.416666666666667,0.855072463768116,28,100,240,240,3000,240
300,4,3,"dip_statistic_raw",0.685188707729469,0.685188707729469,0.683611111111111,751,0.425,0.855797101449275,27,102,240,240,3000,240
300,4,3,"n_expressing",0.475708786231884,0.475708786231884,0.488871527777778,1510,0.15,0.831884057971015,35,36,240,240,3000,240
300,4,3,"Seurat_vst",0.913173309178744,0.913173309178744,0.674756944444444,186,0.779166666666667,0.886594202898551,127,187,240,240,3000,240
300,4,3,"random",0.522889492753623,0.522889492753623,0.46625,1437,0.179166666666667,0.834420289855072,50,43,240,240,3000,240
300,4,4,"DIFS_stage1",0.633066123188406,0.633066123188406,0.601944444444444,951,0.370833333333333,0.851086956521739,50,89,240,240,3000,240
300,4,4,"dip_statistic_raw",0.616185084541063,0.616185084541063,0.583923611111111,1110,0.375,0.851449275362319,39,90,240,240,3000,240
300,4,4,"n_expressing",0.524911684782609,0.524911684782609,0.537421875,1350,0.179166666666667,0.834420289855072,35,43,240,240,3000,240
300,4,4,"Seurat_vst",0.915863526570048,0.915863526570048,0.684097222222222,214,0.745833333333333,0.883695652173913,117,179,240,240,3000,240
300,4,4,"random",0.513455615942029,0.513455615942029,0.507708333333333,1451,0.158333333333333,0.832608695652174,40,38,240,240,3000,240
300,4,5,"DIFS_stage1",0.649953200483092,0.649953200483092,0.635138888888889,824,0.4,0.853623188405797,38,96,240,240,3000,240
300,4,5,"dip_statistic_raw",0.670111714975845,0.670111714975845,0.659826388888889,739,0.408333333333333,0.854347826086957,42,98,240,240,3000,240
300,4,5,"n_expressing",0.457203351449275,0.457203351449275,0.462057291666667,1666,0.158333333333333,0.832608695652174,37,38,240,240,3000,240
300,4,5,"Seurat_vst",0.918602053140097,0.918602053140097,0.711423611111111,184,0.783333333333333,0.88695652173913,121,188,240,240,3000,240
300,4,5,"random",0.49829559178744,0.49829559178744,0.481232638888889,1551,0.15,0.831884057971015,44,36,240,240,3000,240
300,6,1,"DIFS_stage1",0.815004528985507,0.815004528985507,0.794340277777778,159,0.666666666666667,0.876811594202899,37,160,240,240,3000,240
300,6,1,"dip_statistic_raw",0.820777475845411,0.820777475845411,0.799739583333333,270,0.633333333333333,0.873913043478261,38,152,240,240,3000,240
300,6,1,"n_expressing",0.47648097826087,0.47648097826087,0.482526041666667,1486,0.1375,0.830797101449275,37,33,240,240,3000,240
300,6,1,"Seurat_vst",0.90792270531401,0.90792270531401,0.741319444444444,146,0.841666666666667,0.892028985507246,151,202,240,240,3000,240
300,6,1,"random",0.521246980676328,0.521246980676328,0.552048611111111,1362,0.179166666666667,0.834420289855072,37,43,240,240,3000,240
300,6,2,"DIFS_stage1",0.832516606280193,0.832516606280193,0.826996527777778,120,0.6875,0.878623188405797,35,165,240,240,3000,240
300,6,2,"dip_statistic_raw",0.831681763285024,0.831681763285024,0.816371527777778,128,0.679166666666667,0.877898550724638,39,163,240,240,3000,240
300,6,2,"n_expressing",0.457781551932367,0.457781551932367,0.497578125,1687,0.145833333333333,0.831521739130435,30,35,240,240,3000,240
300,6,2,"Seurat_vst",0.902667572463768,0.902667572463768,0.70453125,163,0.825,0.890579710144928,150,198,240,240,3000,240
300,6,2,"random",0.492709842995169,0.492709842995169,0.498854166666667,1516,0.195833333333333,0.835869565217391,41,47,240,240,3000,240
300,6,3,"DIFS_stage1",0.766385869565217,0.766385869565217,0.742222222222222,240,0.579166666666667,0.869202898550725,39,139,240,240,3000,240
300,6,3,"dip_statistic_raw",0.778819444444444,0.778819444444444,0.758559027777778,411,0.533333333333333,0.865217391304348,43,128,240,240,3000,240
300,6,3,"n_expressing",0.461057518115942,0.461057518115942,0.466119791666667,1598,0.145833333333333,0.831521739130435,36,35,240,240,3000,240
300,6,3,"Seurat_vst",0.925307971014493,0.925307971014493,0.740295138888889,150,0.875,0.894927536231884,162,210,240,240,3000,240
300,6,3,"random",0.496034118357488,0.496034118357488,0.520920138888889,1465,0.125,0.829710144927536,28,30,240,240,3000,240
300,6,4,"DIFS_stage1",0.822190519323671,0.822190519323671,0.813923611111111,151,0.625,0.873188405797101,35,150,240,240,3000,240
300,6,4,"dip_statistic_raw",0.803973429951691,0.803973429951691,0.786302083333333,253,0.6,0.871014492753623,37,144,240,240,3000,240
300,6,4,"n_expressing",0.498574124396135,0.498574124396135,0.529609375,1540,0.170833333333333,0.833695652173913,30,41,240,240,3000,240
300,6,4,"Seurat_vst",0.906564009661836,0.906564009661836,0.674045138888889,168,0.791666666666667,0.88768115942029,170,190,240,240,3000,240
300,6,4,"random",0.515119263285024,0.515119263285024,0.486111111111111,1502,0.1875,0.835144927536232,52,45,240,240,3000,240
300,6,5,"DIFS_stage1",0.775078502415459,0.775078502415459,0.760225694444444,242,0.575,0.868840579710145,34,138,240,240,3000,240
300,6,5,"dip_statistic_raw",0.76504981884058,0.76504981884058,0.741006944444444,392,0.529166666666667,0.864855072463768,41,127,240,240,3000,240
300,6,5,"n_expressing",0.50773097826087,0.50773097826087,0.531484375,1554,0.166666666666667,0.833333333333333,34,40,240,240,3000,240
300,6,5,"Seurat_vst",0.925972222222222,0.925972222222222,0.72796875,155,0.841666666666667,0.892028985507246,160,202,240,240,3000,240
300,6,5,"random",0.526435688405797,0.526435688405797,0.526666666666667,1393,0.229166666666667,0.838768115942029,37,55,240,240,3000,240
300,8,1,"DIFS_stage1",0.871141304347826,0.871141304347826,0.848871527777778,120,0.720833333333333,0.881521739130435,42,173,240,240,3000,240
300,8,1,"dip_statistic_raw",0.863890398550725,0.863890398550725,0.83296875,121,0.729166666666667,0.882246376811594,44,175,240,240,3000,240
300,8,1,"n_expressing",0.484406702898551,0.484406702898551,0.532569444444444,1651,0.15,0.831884057971015,18,36,240,240,3000,240
300,8,1,"Seurat_vst",0.810625,0.810625,0.561822916666667,210,0.654166666666667,0.875724637681159,164,157,240,240,3000,240
300,8,1,"random",0.46776268115942,0.46776268115942,0.439930555555556,1584,0.1375,0.830797101449275,46,33,240,240,3000,240
300,8,2,"DIFS_stage1",0.899207427536232,0.899207427536232,0.877378472222222,121,0.7875,0.88731884057971,40,189,240,240,3000,240
300,8,2,"dip_statistic_raw",0.885249094202899,0.885249094202899,0.852829861111111,146,0.758333333333333,0.884782608695652,45,182,240,240,3000,240
300,8,2,"n_expressing",0.509014190821256,0.509014190821256,0.575989583333333,1399,0.183333333333333,0.834782608695652,14,44,240,240,3000,240
300,8,2,"Seurat_vst",0.853823973429952,0.853823973429952,0.6090625,179,0.75,0.884057971014493,194,180,240,240,3000,240
300,8,2,"random",0.484127415458937,0.484127415458937,0.507430555555556,1518,0.141666666666667,0.831159420289855,34,34,240,240,3000,240
300,8,3,"DIFS_stage1",0.878342391304348,0.878342391304348,0.863298611111111,129,0.7375,0.882971014492754,37,177,240,240,3000,240
300,8,3,"dip_statistic_raw",0.857299214975845,0.857299214975845,0.822204861111111,172,0.679166666666667,0.877898550724638,40,163,240,240,3000,240
300,8,3,"n_expressing",0.509244414251208,0.509244414251208,0.574340277777778,1392,0.133333333333333,0.830434782608696,19,32,240,240,3000,240
300,8,3,"Seurat_vst",0.829313103864734,0.829313103864734,0.631614583333333,149,0.695833333333333,0.879347826086956,174,167,240,240,3000,240
300,8,3,"random",0.493365036231884,0.493365036231884,0.496996527777778,1581,0.166666666666667,0.833333333333333,40,40,240,240,3000,240
300,8,4,"DIFS_stage1",0.87805404589372,0.87805404589372,0.865625,120,0.795833333333333,0.88804347826087,35,191,240,240,3000,240
300,8,4,"dip_statistic_raw",0.874023248792271,0.874023248792271,0.847222222222222,121,0.745833333333333,0.883695652173913,42,179,240,240,3000,240
300,8,4,"n_expressing",0.463113677536232,0.463113677536232,0.544809027777778,1526,0.1375,0.830797101449275,17,33,240,240,3000,240
300,8,4,"Seurat_vst",0.832783816425121,0.832783816425121,0.567447916666667,185,0.7,0.879710144927536,185,168,240,240,3000,240
300,8,4,"random",0.498704710144928,0.498704710144928,0.480017361111111,1520,0.179166666666667,0.834420289855072,46,43,240,240,3000,240
300,8,5,"DIFS_stage1",0.889844504830918,0.889844504830918,0.869652777777778,120,0.804166666666667,0.888768115942029,50,193,240,240,3000,240
300,8,5,"dip_statistic_raw",0.884307065217391,0.884307065217391,0.850798611111111,132,0.820833333333333,0.890217391304348,52,197,240,240,3000,240
300,8,5,"n_expressing",0.506271890096618,0.506271890096618,0.586111111111111,1350,0.1375,0.830797101449275,22,33,240,240,3000,240
300,8,5,"Seurat_vst",0.789207427536232,0.789207427536232,0.524045138888889,230,0.620833333333333,0.872826086956522,171,149,240,240,3000,240
300,8,5,"random",0.514916968599034,0.514916968599034,0.518125,1426,0.179166666666667,0.834420289855072,43,43,240,240,3000,240
600,2,1,"DIFS_stage1",0.506746678743961,0.506746678743961,0.504826388888889,1487,0.204166666666667,0.836594202898551,40,49,240,240,3000,240
600,2,1,"dip_statistic_raw",0.504163647342995,0.504163647342995,0.505190972222222,1436,0.191666666666667,0.835507246376812,37,46,240,240,3000,240
600,2,1,"n_expressing",0.492225996376812,0.492225996376812,0.483046875,1511,0.1625,0.832971014492754,39,39,240,240,3000,240
600,2,1,"Seurat_vst",0.719284420289855,0.719284420289855,0.598576388888889,702,0.391666666666667,0.852898550724638,68,94,240,240,3000,240
600,2,1,"random",0.511905193236715,0.511905193236715,0.499409722222222,1428,0.158333333333333,0.832608695652174,48,38,240,240,3000,240
600,2,2,"DIFS_stage1",0.499565217391304,0.499565217391304,0.513958333333333,1508,0.154166666666667,0.832246376811594,40,37,240,240,3000,240
600,2,2,"dip_statistic_raw",0.504270833333333,0.504270833333333,0.492934027777778,1505,0.170833333333333,0.833695652173913,46,41,240,240,3000,240
600,2,2,"n_expressing",0.496180555555556,0.496180555555556,0.520677083333333,1509,0.179166666666667,0.834420289855072,34,43,240,240,3000,240
600,2,2,"Seurat_vst",0.661166968599034,0.661166968599034,0.500763888888889,934,0.308333333333333,0.845652173913043,76,74,240,240,3000,240
600,2,2,"random",0.452400362318841,0.452400362318841,0.438611111111111,1662,0.133333333333333,0.830434782608696,35,32,240,240,3000,240
600,2,3,"DIFS_stage1",0.484109299516908,0.484109299516908,0.478506944444444,1565,0.1375,0.830797101449275,41,33,240,240,3000,240
600,2,3,"dip_statistic_raw",0.519015700483092,0.519015700483092,0.514670138888889,1442,0.1625,0.832971014492754,38,39,240,240,3000,240
600,2,3,"n_expressing",0.462810990338164,0.462810990338164,0.464045138888889,1614,0.141666666666667,0.831159420289855,42,34,240,240,3000,240
600,2,3,"Seurat_vst",0.70979770531401,0.70979770531401,0.564913194444444,779,0.3875,0.852536231884058,72,93,240,240,3000,240
600,2,3,"random",0.480246074879227,0.480246074879227,0.494513888888889,1639,0.170833333333333,0.833695652173913,32,41,240,240,3000,240
600,2,4,"DIFS_stage1",0.489713164251208,0.489713164251208,0.511041666666667,1490,0.158333333333333,0.832608695652174,34,38,240,240,3000,240
600,2,4,"dip_statistic_raw",0.486835748792271,0.486835748792271,0.495677083333333,1590,0.175,0.834057971014493,34,42,240,240,3000,240
600,2,4,"n_expressing",0.503128774154589,0.503128774154589,0.503506944444444,1461,0.183333333333333,0.834782608695652,47,44,240,240,3000,240
600,2,4,"Seurat_vst",0.653663949275362,0.653663949275362,0.51203125,895,0.295833333333333,0.844565217391304,76,71,240,240,3000,240
600,2,4,"random",0.505658212560386,0.505658212560386,0.521493055555556,1485,0.154166666666667,0.832246376811594,38,37,240,240,3000,240
600,2,5,"DIFS_stage1",0.485626509661836,0.485626509661836,0.460034722222222,1562,0.191666666666667,0.835507246376812,48,46,240,240,3000,240
600,2,5,"dip_statistic_raw",0.460552536231884,0.460552536231884,0.4096875,1675,0.129166666666667,0.830072463768116,52,31,240,240,3000,240
600,2,5,"n_expressing",0.539036080917874,0.539036080917874,0.587335069444444,1281,0.158333333333333,0.832608695652174,29,38,240,240,3000,240
600,2,5,"Seurat_vst",0.668019323671498,0.668019323671498,0.465590277777778,928,0.3125,0.846014492753623,97,75,240,240,3000,240
600,2,5,"random",0.504308574879227,0.504308574879227,0.5125,1473,0.166666666666667,0.833333333333333,47,40,240,240,3000,240
600,4,1,"DIFS_stage1",0.650720108695652,0.650720108695652,0.666736111111111,832,0.433333333333333,0.856521739130435,27,104,240,240,3000,240
600,4,1,"dip_statistic_raw",0.654634661835749,0.654634661835749,0.642447916666667,827,0.4125,0.854710144927536,44,99,240,240,3000,240
600,4,1,"n_expressing",0.503918327294686,0.503918327294686,0.549939236111111,1467,0.15,0.831884057971015,31,36,240,240,3000,240
600,4,1,"Seurat_vst",0.926705917874396,0.926705917874396,0.673663194444444,193,0.795833333333333,0.88804347826087,127,191,240,240,3000,240
600,4,1,"random",0.504076086956522,0.504076086956522,0.516076388888889,1415,0.175,0.834057971014493,36,42,240,240,3000,240
600,4,2,"DIFS_stage1",0.637160326086956,0.637160326086956,0.620746527777778,968,0.395833333333333,0.853260869565217,37,95,240,240,3000,240
600,4,2,"dip_statistic_raw",0.625981280193237,0.625981280193237,0.616180555555556,1051,0.366666666666667,0.850724637681159,45,88,240,240,3000,240
600,4,2,"n_expressing",0.512586050724638,0.512586050724638,0.506302083333333,1455,0.175,0.834057971014493,47,42,240,240,3000,240
600,4,2,"Seurat_vst",0.922060688405797,0.922060688405797,0.691232638888889,184,0.779166666666667,0.886594202898551,125,187,240,240,3000,240
600,4,2,"random",0.496076388888889,0.496076388888889,0.487864583333333,1561,0.158333333333333,0.832608695652174,39,38,240,240,3000,240
600,4,3,"DIFS_stage1",0.649936594202899,0.649936594202899,0.626111111111111,811,0.4125,0.854710144927536,43,99,240,240,3000,240
600,4,3,"dip_statistic_raw",0.652826086956522,0.652826086956522,0.619947916666667,935,0.345833333333333,0.848913043478261,42,83,240,240,3000,240
600,4,3,"n_expressing",0.501656853864734,0.501656853864734,0.533420138888889,1454,0.1625,0.832971014492754,30,39,240,240,3000,240
600,4,3,"Seurat_vst",0.912179951690821,0.912179951690821,0.671197916666667,186,0.8,0.888405797101449,127,192,240,240,3000,240
600,4,3,"random",0.484892814009662,0.484892814009662,0.4428125,1567,0.133333333333333,0.830434782608696,60,32,240,240,3000,240
600,4,4,"DIFS_stage1",0.664877717391304,0.664877717391304,0.644340277777778,835,0.416666666666667,0.855072463768116,37,100,240,240,3000,240
600,4,4,"dip_statistic_raw",0.68280193236715,0.68280193236715,0.667760416666667,774,0.420833333333333,0.855434782608696,37,101,240,240,3000,240
600,4,4,"n_expressing",0.472980072463768,0.472980072463768,0.480677083333333,1598,0.125,0.829710144927536,39,30,240,240,3000,240
600,4,4,"Seurat_vst",0.913683574879227,0.913683574879227,0.690659722222222,188,0.766666666666667,0.885507246376812,119,184,240,240,3000,240
600,4,4,"random",0.506358695652174,0.506358695652174,0.499739583333333,1440,0.166666666666667,0.833333333333333,36,40,240,240,3000,240
600,4,5,"DIFS_stage1",0.660031702898551,0.660031702898551,0.654930555555556,695,0.458333333333333,0.858695652173913,36,110,240,240,3000,240
600,4,5,"dip_statistic_raw",0.680664251207729,0.680664251207729,0.676180555555556,687,0.458333333333333,0.858695652173913,37,110,240,240,3000,240
600,4,5,"n_expressing",0.46913722826087,0.46913722826087,0.464791666666667,1610,0.154166666666667,0.832246376811594,42,37,240,240,3000,240
600,4,5,"Seurat_vst",0.923804347826087,0.923804347826087,0.663923611111111,207,0.791666666666667,0.88768115942029,137,190,240,240,3000,240
600,4,5,"random",0.480004528985507,0.480004528985507,0.484670138888889,1675,0.154166666666667,0.832246376811594,41,37,240,240,3000,240
600,6,1,"DIFS_stage1",0.871394927536232,0.871394927536232,0.850954861111111,120,0.7625,0.885144927536232,41,183,240,240,3000,240
600,6,1,"dip_statistic_raw",0.875599335748792,0.875599335748792,0.845572916666667,121,0.733333333333333,0.882608695652174,42,176,240,240,3000,240
600,6,1,"n_expressing",0.481835748792271,0.481835748792271,0.527421875,1546,0.133333333333333,0.830434782608696,25,32,240,240,3000,240
600,6,1,"Seurat_vst",0.874907910628019,0.874907910628019,0.623559027777778,188,0.783333333333333,0.88695652173913,175,188,240,240,3000,240
600,6,1,"random",0.509014190821256,0.509014190821256,0.488611111111111,1429,0.2,0.836231884057971,45,48,240,240,3000,240
600,6,2,"DIFS_stage1",0.833647342995169,0.833647342995169,0.82328125,127,0.691666666666667,0.878985507246377,36,166,240,240,3000,240
600,6,2,"dip_statistic_raw",0.835317028985507,0.835317028985507,0.822899305555556,138,0.683333333333333,0.878260869565217,33,164,240,240,3000,240
600,6,2,"n_expressing",0.47524154589372,0.47524154589372,0.492682291666667,1502,0.15,0.831884057971015,33,36,240,240,3000,240
600,6,2,"Seurat_vst",0.892495471014493,0.892495471014493,0.692951388888889,161,0.8125,0.889492753623188,160,195,240,240,3000,240
600,6,2,"random",0.512640398550725,0.512640398550725,0.490902777777778,1439,0.183333333333333,0.834782608695652,47,44,240,240,3000,240
600,6,3,"DIFS_stage1",0.872115036231884,0.872115036231884,0.859618055555556,121,0.708333333333333,0.880434782608696,36,170,240,240,3000,240
600,6,3,"dip_statistic_raw",0.844281400966184,0.844281400966184,0.82421875,138,0.675,0.877536231884058,32,162,240,240,3000,240
600,6,3,"n_expressing",0.508195199275362,0.508195199275362,0.549791666666667,1401,0.204166666666667,0.836594202898551,25,49,240,240,3000,240
600,6,3,"Seurat_vst",0.905268719806763,0.905268719806763,0.672482638888889,170,0.8375,0.891666666666667,176,201,240,240,3000,240
600,6,3,"random",0.494788647342995,0.494788647342995,0.466545138888889,1482,0.179166666666667,0.834420289855072,47,43,240,240,3000,240
600,6,4,"DIFS_stage1",0.881089975845411,0.881089975845411,0.874097222222222,120,0.754166666666667,0.884420289855072,31,181,240,240,3000,240
600,6,4,"dip_statistic_raw",0.870563103864734,0.870563103864734,0.855642361111111,121,0.733333333333333,0.882608695652174,34,176,240,240,3000,240
600,6,4,"n_expressing",0.498996074879227,0.498996074879227,0.550659722222222,1515,0.179166666666667,0.834420289855072,16,43,240,240,3000,240
600,6,4,"Seurat_vst",0.878686594202899,0.878686594202899,0.643663194444444,176,0.770833333333333,0.885869565217391,176,185,240,240,3000,240
600,6,4,"random",0.495578200483092,0.495578200483092,0.513854166666667,1505,0.166666666666667,0.833333333333333,37,40,240,240,3000,240
600,6,5,"DIFS_stage1",0.896091485507246,0.896091485507246,0.898090277777778,120,0.8125,0.889492753623188,25,195,240,240,3000,240
600,6,5,"dip_statistic_raw",0.89023097826087,0.89023097826087,0.882586805555556,128,0.779166666666667,0.886594202898551,28,187,240,240,3000,240
600,6,5,"n_expressing",0.49748943236715,0.49748943236715,0.547178819444444,1541,0.170833333333333,0.833695652173913,27,41,240,240,3000,240
600,6,5,"Seurat_vst",0.905730676328502,0.905730676328502,0.652934027777778,182,0.804166666666667,0.888768115942029,167,193,240,240,3000,240
600,6,5,"random",0.49336654589372,0.49336654589372,0.481961805555556,1581,0.1625,0.832971014492754,45,39,240,240,3000,240
600,8,1,"DIFS_stage1",0.908170289855072,0.908170289855072,0.899236111111111,120,0.816666666666667,0.889855072463768,31,196,240,240,3000,240
600,8,1,"dip_statistic_raw",0.907688707729469,0.907688707729469,0.891319444444444,121,0.825,0.890579710144928,43,198,240,240,3000,240
600,8,1,"n_expressing",0.454874698067633,0.454874698067633,0.503819444444444,1722,0.15,0.831884057971015,19,36,240,240,3000,240
600,8,1,"Seurat_vst",0.846781400966184,0.846781400966184,0.610503472222222,169,0.7375,0.882971014492754,196,177,240,240,3000,240
600,8,1,"random",0.494689009661836,0.494689009661836,0.514635416666667,1529,0.179166666666667,0.834420289855072,33,43,240,240,3000,240
600,8,2,"DIFS_stage1",0.899512379227053,0.899512379227053,0.8784375,120,0.8,0.888405797101449,42,192,240,240,3000,240
600,8,2,"dip_statistic_raw",0.897160326086957,0.897160326086957,0.863055555555556,120,0.7875,0.88731884057971,40,189,240,240,3000,240
600,8,2,"n_expressing",0.473430706521739,0.473430706521739,0.552725694444444,1624,0.1375,0.830797101449275,20,33,240,240,3000,240
600,8,2,"Seurat_vst",0.830849939613527,0.830849939613527,0.597309027777778,173,0.720833333333333,0.881521739130435,192,173,240,240,3000,240
600,8,2,"random",0.503763586956522,0.503763586956522,0.500451388888889,1526,0.170833333333333,0.833695652173913,46,41,240,240,3000,240
600,8,3,"DIFS_stage1",0.870701992753623,0.870701992753623,0.858333333333333,120,0.766666666666667,0.885507246376812,30,184,240,240,3000,240
600,8,3,"dip_statistic_raw",0.87149154589372,0.87149154589372,0.852118055555556,120,0.766666666666667,0.885507246376812,41,184,240,240,3000,240
600,8,3,"n_expressing",0.477286382850242,0.477286382850242,0.527604166666667,1554,0.1375,0.830797101449275,22,33,240,240,3000,240
600,8,3,"Seurat_vst",0.82878925120773,0.82878925120773,0.581267361111111,203,0.675,0.877536231884058,181,162,240,240,3000,240
600,8,3,"random",0.498028381642512,0.498028381642512,0.500677083333333,1527,0.179166666666667,0.834420289855072,30,43,240,240,3000,240
600,8,4,"DIFS_stage1",0.913733393719807,0.913733393719807,0.903072916666667,120,0.775,0.886231884057971,35,186,240,240,3000,240
600,8,4,"dip_statistic_raw",0.917663043478261,0.917663043478261,0.888263888888889,127,0.7875,0.88731884057971,45,189,240,240,3000,240
600,8,4,"n_expressing",0.463318991545894,0.463318991545894,0.543038194444444,1580,0.158333333333333,0.832608695652174,23,38,240,240,3000,240
600,8,4,"Seurat_vst",0.880279287439613,0.880279287439613,0.6459375,155,0.804166666666667,0.888768115942029,207,193,240,240,3000,240
600,8,4,"random",0.537078804347826,0.537078804347826,0.541197916666667,1346,0.191666666666667,0.835507246376812,39,46,240,240,3000,240
600,8,5,"DIFS_stage1",0.920774456521739,0.920774456521739,0.9084375,120,0.829166666666667,0.890942028985507,33,199,240,240,3000,240
600,8,5,"dip_statistic_raw",0.911654589371981,0.911654589371981,0.890381944444444,121,0.833333333333333,0.891304347826087,41,200,240,240,3000,240
600,8,5,"n_expressing",0.457639643719807,0.457639643719807,0.530572916666667,1728,0.15,0.831884057971015,21,36,240,240,3000,240
600,8,5,"Seurat_vst",0.849764492753623,0.849764492753623,0.630729166666667,166,0.75,0.884057971014493,181,180,240,240,3000,240
600,8,5,"random",0.503808876811594,0.503808876811594,0.483993055555556,1412,0.175,0.834057971014493,38,42,240,240,3000,240
1200,2,1,"DIFS_stage1",0.490190217391304,0.490190217391304,0.524322916666667,1518,0.141666666666667,0.831159420289855,35,34,240,240,3000,240
1200,2,1,"dip_statistic_raw",0.487632850241546,0.487632850241546,0.502552083333333,1564,0.15,0.831884057971015,35,36,240,240,3000,240
1200,2,1,"n_expressing",0.515554800724638,0.515554800724638,0.527890625,1414,0.183333333333333,0.834782608695652,38,44,240,240,3000,240
1200,2,1,"Seurat_vst",0.703882850241546,0.703882850241546,0.559930555555556,700,0.425,0.855797101449275,78,102,240,240,3000,240
1200,2,1,"random",0.524631642512077,0.524631642512077,0.532777777777778,1400,0.183333333333333,0.834782608695652,37,44,240,240,3000,240
1200,2,2,"DIFS_stage1",0.508884359903382,0.508884359903382,0.470277777777778,1437,0.1625,0.832971014492754,49,39,240,240,3000,240
1200,2,2,"dip_statistic_raw",0.515045289855072,0.515045289855072,0.466666666666667,1479,0.1875,0.835144927536232,51,45,240,240,3000,240
1200,2,2,"n_expressing",0.489080615942029,0.489080615942029,0.524288194444444,1563,0.170833333333333,0.833695652173913,33,41,240,240,3000,240
1200,2,2,"Seurat_vst",0.701126207729469,0.701126207729469,0.547673611111111,776,0.391666666666667,0.852898550724638,78,94,240,240,3000,240
1200,2,2,"random",0.49480827294686,0.49480827294686,0.489479166666667,1559,0.158333333333333,0.832608695652174,39,38,240,240,3000,240
1200,2,3,"DIFS_stage1",0.49836654589372,0.49836654589372,0.491111111111111,1539,0.1625,0.832971014492754,47,39,240,240,3000,240
1200,2,3,"dip_statistic_raw",0.485966183574879,0.485966183574879,0.4809375,1496,0.125,0.829710144927536,43,30,240,240,3000,240
1200,2,3,"n_expressing",0.524715428743961,0.524715428743961,0.522951388888889,1418,0.175,0.834057971014493,40,42,240,240,3000,240
1200,2,3,"Seurat_vst",0.676548913043478,0.676548913043478,0.556822916666667,856,0.316666666666667,0.846376811594203,62,76,240,240,3000,240
1200,2,3,"random",0.483449577294686,0.483449577294686,0.4784375,1605,0.129166666666667,0.830072463768116,45,31,240,240,3000,240
1200,2,4,"DIFS_stage1",0.513137077294686,0.513137077294686,0.520078125,1341,0.170833333333333,0.833695652173913,30,41,240,240,3000,240
1200,2,4,"dip_statistic_raw",0.527995169082126,0.527995169082126,0.530104166666667,1430,0.1625,0.832971014492754,33,39,240,240,3000,240
1200,2,4,"n_expressing",0.470133605072464,0.470133605072464,0.479001736111111,1605,0.129166666666667,0.830072463768116,40,31,240,240,3000,240
1200,2,4,"Seurat_vst",0.723325785024155,0.723325785024155,0.5878125,685,0.404166666666667,0.853985507246377,73,97,240,240,3000,240
1200,2,4,"random",0.508953804347826,0.508953804347826,0.520555555555556,1485,0.191666666666667,0.835507246376812,40,46,240,240,3000,240
1200,2,5,"DIFS_stage1",0.513490338164251,0.513490338164251,0.496440972222222,1429,0.195833333333333,0.835869565217391,46,47,240,240,3000,240
1200,2,5,"dip_statistic_raw",0.517661533816425,0.517661533816425,0.50703125,1407,0.195833333333333,0.835869565217391,45,47,240,240,3000,240
1200,2,5,"n_expressing",0.499439160628019,0.499439160628019,0.499383680555556,1569,0.145833333333333,0.831521739130435,36,35,240,240,3000,240
1200,2,5,"Seurat_vst",0.715694444444444,0.715694444444444,0.574600694444444,686,0.391666666666667,0.852898550724638,72,94,240,240,3000,240
1200,2,5,"random",0.48337711352657,0.48337711352657,0.523489583333333,1555,0.154166666666667,0.832246376811594,32,37,240,240,3000,240
1200,4,1,"DIFS_stage1",0.689219504830918,0.689219504830918,0.650520833333333,635,0.466666666666667,0.859420289855072,44,112,240,240,3000,240
1200,4,1,"dip_statistic_raw",0.675578200483092,0.675578200483092,0.625572916666667,764,0.45,0.857971014492754,49,108,240,240,3000,240
1200,4,1,"n_expressing",0.510485356280193,0.510485356280193,0.573446180555556,1411,0.15,0.831884057971015,23,36,240,240,3000,240
1200,4,1,"Seurat_vst",0.933993055555556,0.933993055555556,0.666111111111111,197,0.816666666666667,0.889855072463768,134,196,240,240,3000,240
1200,4,1,"random",0.518020833333333,0.518020833333333,0.541979166666667,1502,0.1875,0.835144927536232,33,45,240,240,3000,240
1200,4,2,"DIFS_stage1",0.680185688405797,0.680185688405797,0.685434027777778,658,0.470833333333333,0.859782608695652,31,113,240,240,3000,240
1200,4,2,"dip_statistic_raw",0.678869263285024,0.678869263285024,0.672604166666667,719,0.4625,0.859057971014493,38,111,240,240,3000,240
1200,4,2,"n_expressing",0.508795289855072,0.508795289855072,0.530928819444444,1410,0.166666666666667,0.833333333333333,38,40,240,240,3000,240
1200,4,2,"Seurat_vst",0.919553140096618,0.919553140096618,0.631545138888889,210,0.775,0.886231884057971,142,186,240,240,3000,240
1200,4,2,"random",0.499500301932367,0.499500301932367,0.522847222222222,1506,0.170833333333333,0.833695652173913,39,41,240,240,3000,240
1200,4,3,"DIFS_stage1",0.707557367149758,0.707557367149758,0.681822916666667,533,0.491666666666667,0.861594202898551,41,118,240,240,3000,240
1200,4,3,"dip_statistic_raw",0.707035024154589,0.707035024154589,0.667951388888889,544,0.475,0.860144927536232,54,114,240,240,3000,240
1200,4,3,"n_expressing",0.490048309178744,0.490048309178744,0.532013888888889,1489,0.1375,0.830797101449275,39,33,240,240,3000,240
1200,4,3,"Seurat_vst",0.906523248792271,0.906523248792271,0.611024305555556,217,0.75,0.884057971014493,135,180,240,240,3000,240
1200,4,3,"random",0.52637077294686,0.52637077294686,0.526822916666667,1293,0.183333333333333,0.834782608695652,41,44,240,240,3000,240
1200,4,4,"DIFS_stage1",0.7221875,0.7221875,0.696788194444444,399,0.525,0.864492753623188,41,126,240,240,3000,240
1200,4,4,"dip_statistic_raw",0.726308876811594,0.726308876811594,0.710486111111111,401,0.529166666666667,0.864855072463768,38,127,240,240,3000,240
1200,4,4,"n_expressing",0.493044233091787,0.493044233091787,0.492109375,1505,0.179166666666667,0.834420289855072,33,43,240,240,3000,240
1200,4,4,"Seurat_vst",0.912240338164251,0.912240338164251,0.663836805555556,207,0.770833333333333,0.885869565217391,121,185,240,240,3000,240
1200,4,4,"random",0.485380434782609,0.485380434782609,0.506163194444444,1560,0.1625,0.832971014492754,35,39,240,240,3000,240
1200,4,5,"DIFS_stage1",0.708490338164251,0.708490338164251,0.694166666666667,537,0.479166666666667,0.860507246376812,36,115,240,240,3000,240
1200,4,5,"dip_statistic_raw",0.712078804347826,0.712078804347826,0.679809027777778,612,0.479166666666667,0.860507246376812,45,115,240,240,3000,240
1200,4,5,"n_expressing",0.496367753623188,0.496367753623188,0.542630208333333,1507,0.1625,0.832971014492754,24,39,240,240,3000,240
1200,4,5,"Seurat_vst",0.922042572463768,0.922042572463768,0.652777777777778,210,0.820833333333333,0.890217391304348,137,197,240,240,3000,240
1200,4,5,"random",0.520084541062802,0.520084541062802,0.521024305555556,1401,0.191666666666667,0.835507246376812,48,46,240,240,3000,240
1200,6,1,"DIFS_stage1",0.90826690821256,0.90826690821256,0.904114583333333,120,0.820833333333333,0.890217391304348,27,197,240,240,3000,240
1200,6,1,"dip_statistic_raw",0.915076992753623,0.915076992753623,0.906614583333333,120,0.8125,0.889492753623188,31,195,240,240,3000,240
1200,6,1,"n_expressing",0.461970108695652,0.461970108695652,0.487387152777778,1671,0.145833333333333,0.831521739130435,31,35,240,240,3000,240
1200,6,1,"Seurat_vst",0.871416062801932,0.871416062801932,0.639201388888889,179,0.783333333333333,0.88695652173913,172,188,240,240,3000,240
1200,6,1,"random",0.493656400966184,0.493656400966184,0.506024305555556,1499,0.158333333333333,0.832608695652174,38,38,240,240,3000,240
1200,6,2,"DIFS_stage1",0.888967391304348,0.888967391304348,0.884010416666667,120,0.791666666666667,0.88768115942029,33,190,240,240,3000,240
1200,6,2,"dip_statistic_raw",0.89212711352657,0.89212711352657,0.87609375,120,0.795833333333333,0.88804347826087,39,191,240,240,3000,240
1200,6,2,"n_expressing",0.469827898550725,0.469827898550725,0.538038194444444,1532,0.125,0.829710144927536,23,30,240,240,3000,240
1200,6,2,"Seurat_vst",0.885982789855073,0.885982789855073,0.657586805555556,169,0.808333333333333,0.889130434782609,179,194,240,240,3000,240
1200,6,2,"random",0.4975211352657,0.4975211352657,0.506493055555556,1516,0.1625,0.832971014492754,42,39,240,240,3000,240
1200,6,3,"DIFS_stage1",0.951394927536232,0.951394927536232,0.946961805555556,120,0.9,0.897101449275362,33,216,240,240,3000,240
1200,6,3,"dip_statistic_raw",0.95482940821256,0.95482940821256,0.94734375,120,0.845833333333333,0.892391304347826,36,203,240,240,3000,240
1200,6,3,"n_expressing",0.499380283816425,0.499380283816425,0.521545138888889,1442,0.154166666666667,0.832246376811594,21,37,240,240,3000,240
1200,6,3,"Seurat_vst",0.873201992753623,0.873201992753623,0.607222222222222,202,0.779166666666667,0.886594202898551,178,187,240,240,3000,240
1200,6,3,"random",0.503606582125604,0.503606582125604,0.498819444444444,1514,0.179166666666667,0.834420289855072,40,43,240,240,3000,240
1200,6,4,"DIFS_stage1",0.909160628019324,0.909160628019324,0.910034722222222,120,0.808333333333333,0.889130434782609,24,194,240,240,3000,240
1200,6,4,"dip_statistic_raw",0.905089070048309,0.905089070048309,0.8925,120,0.8125,0.889492753623188,38,195,240,240,3000,240
1200,6,4,"n_expressing",0.469832427536232,0.469832427536232,0.543263888888889,1571,0.141666666666667,0.831159420289855,29,34,240,240,3000,240
1200,6,4,"Seurat_vst",0.906711956521739,0.906711956521739,0.655694444444444,169,0.820833333333333,0.890217391304348,185,197,240,240,3000,240
1200,6,4,"random",0.521577596618357,0.521577596618357,0.512048611111111,1384,0.179166666666667,0.834420289855072,37,43,240,240,3000,240
1200,6,5,"DIFS_stage1",0.936014492753623,0.936014492753623,0.922743055555556,120,0.825,0.890579710144928,39,198,240,240,3000,240
1200,6,5,"dip_statistic_raw",0.931847826086956,0.931847826086956,0.911649305555556,120,0.816666666666667,0.889855072463768,40,196,240,240,3000,240
1200,6,5,"n_expressing",0.479386322463768,0.479386322463768,0.533689236111111,1664,0.1625,0.832971014492754,18,39,240,240,3000,240
1200,6,5,"Seurat_vst",0.928836050724638,0.928836050724638,0.688402777777778,173,0.870833333333333,0.894565217391304,173,209,240,240,3000,240
1200,6,5,"random",0.503591485507246,0.503591485507246,0.514913194444444,1499,0.204166666666667,0.836594202898551,35,49,240,240,3000,240
1200,8,1,"DIFS_stage1",0.922128623188406,0.922128623188406,0.906770833333333,120,0.8125,0.889492753623188,37,195,240,240,3000,240
1200,8,1,"dip_statistic_raw",0.91274154589372,0.91274154589372,0.887638888888889,120,0.779166666666667,0.886594202898551,44,187,240,240,3000,240
1200,8,1,"n_expressing",0.482583786231884,0.482583786231884,0.53453125,1540,0.154166666666667,0.832246376811594,24,37,240,240,3000,240
1200,8,1,"Seurat_vst",0.844065519323671,0.844065519323671,0.597222222222222,189,0.745833333333333,0.883695652173913,190,179,240,240,3000,240
1200,8,1,"random",0.487555857487923,0.487555857487923,0.460850694444444,1529,0.154166666666667,0.832246376811594,47,37,240,240,3000,240
1200,8,2,"DIFS_stage1",0.985190217391304,0.985190217391304,0.983125,120,0.95,0.901449275362319,30,228,240,240,3000,240
1200,8,2,"dip_statistic_raw",0.98152324879227,0.98152324879227,0.975625,120,0.929166666666667,0.89963768115942,32,223,240,240,3000,240
1200,8,2,"n_expressing",0.476934631642512,0.476934631642512,0.548862847222222,1559,0.166666666666667,0.833333333333333,14,40,240,240,3000,240
1200,8,2,"Seurat_vst",0.773979468599034,0.773979468599034,0.49625,249,0.641666666666667,0.87463768115942,208,154,240,240,3000,240
1200,8,2,"random",0.465045289855072,0.465045289855072,0.485364583333333,1688,0.1625,0.832971014492754,43,39,240,240,3000,240
1200,8,3,"DIFS_stage1",0.97056461352657,0.97056461352657,0.96359375,120,0.9,0.897101449275362,33,216,240,240,3000,240
1200,8,3,"dip_statistic_raw",0.956529287439614,0.956529287439614,0.943993055555556,120,0.854166666666667,0.893115942028985,41,205,240,240,3000,240
1200,8,3,"n_expressing",0.482871376811594,0.482871376811594,0.518012152777778,1561,0.145833333333333,0.831521739130435,29,35,240,240,3000,240
1200,8,3,"Seurat_vst",0.804933574879227,0.804933574879227,0.537847222222222,216,0.679166666666667,0.877898550724638,191,163,240,240,3000,240
1200,8,3,"random",0.457992149758454,0.457992149758454,0.452135416666667,1632,0.120833333333333,0.829347826086957,40,29,240,240,3000,240
1200,8,4,"DIFS_stage1",0.942608695652174,0.942608695652174,0.93265625,120,0.8625,0.893840579710145,34,207,240,240,3000,240
1200,8,4,"dip_statistic_raw",0.945705012077295,0.945705012077295,0.926371527777778,120,0.825,0.890579710144928,43,198,240,240,3000,240
1200,8,4,"n_expressing",0.50121452294686,0.50121452294686,0.572118055555556,1517,0.183333333333333,0.834782608695652,24,44,240,240,3000,240
1200,8,4,"Seurat_vst",0.82232940821256,0.82232940821256,0.512708333333333,238,0.704166666666667,0.880072463768116,206,169,240,240,3000,240
1200,8,4,"random",0.519773550724638,0.519773550724638,0.516545138888889,1407,0.1875,0.835144927536232,33,45,240,240,3000,240
1200,8,5,"DIFS_stage1",0.962518115942029,0.962518115942029,0.954774305555556,120,0.879166666666667,0.895289855072464,36,211,240,240,3000,240
1200,8,5,"dip_statistic_raw",0.939817330917874,0.939817330917874,0.924479166666667,120,0.829166666666667,0.890942028985507,39,199,240,240,3000,240
1200,8,5,"n_expressing",0.502758907004831,0.502758907004831,0.561362847222222,1543,0.179166666666667,0.834420289855072,16,43,240,240,3000,240
1200,8,5,"Seurat_vst",0.801752717391304,0.801752717391304,0.560572916666667,187,0.683333333333333,0.878260869565217,196,164,240,240,3000,240
1200,8,5,"random",0.499368961352657,0.499368961352657,0.503211805555556,1547,0.195833333333333,0.835869565217391,37,47,240,240,3000,240
