"sample","D","p_original","p_modified"
1,0.00946229275747913,0.85394293150676,0.125461766871346
2,0.00628841856096444,0.99601224536614,0.885144318341284
3,0.00797241834093695,0.978817364132886,0.409610894909672
4,0.00629248375852467,0.995993651288164,0.884359014403395
5,0.00720648154271009,0.991813055925408,0.63380442417319
6,0.00768266298080204,0.987700489255316,0.49208117646722
7,0.00673322260586045,0.993977726508871,0.775785623140697
8,0.0106758843287308,0.675894850900775,0.0391512886733288
9,0.00979811563486928,0.811513685906862,0.0924793053158027
10,0.00693097857281585,0.993073197315567,0.719348784115822
11,0.00754360455664112,0.990271066510221,0.53213079317294
12,0.00798318537156285,0.978252436017808,0.406986182865259
13,0.00597346805199708,0.997452818483568,0.941816814776475
14,0.00694261005356413,0.993019995310792,0.715821071978807
15,0.0077760613321685,0.985008978610249,0.464538228118083
16,0.00748701265506196,0.990529915979449,0.548925248508831
17,0.00802609701757211,0.976000933617828,0.395690698375619
18,0.00994053962931865,0.792006286693039,0.0803465341040531
19,0.00843718847416673,0.954431651448261,0.292759911264826
20,0.00901318220730875,0.907340151742069,0.185106590359162
21,0.00784028664600829,0.983158163115612,0.446725473646691
22,0.0109632913069874,0.628100664843061,0.028994899763341
23,0.0102086808992664,0.750219198115349,0.0623642055383221
24,0.00860062209802281,0.943146182514509,0.258883015158587
25,0.00833901125900007,0.959582845963695,0.314675114729848
26,0.00685482915554049,0.993421502208911,0.740583293964237
27,0.0070242559820805,0.992646549558462,0.692416639221897
28,0.00586916562391869,0.997929894308798,0.955449683264411
29,0.00686466002292098,0.993376536149591,0.737627239152636
30,0.00722545443359384,0.991726274555673,0.627763872216834
31,0.00844918778160378,0.953802067826911,0.290705914885454
32,0.00819341945306791,0.967221804870166,0.351444117872813
33,0.00817258221370338,0.968315100019648,0.356357134187262
34,0.00862032739733732,0.941435962505948,0.255226017204163
35,0.00691500708656121,0.993146250360692,0.723634875605355
36,0.00752705746863521,0.990346752338548,0.536423702328625
37,0.0080388246833095,0.975333134252879,0.392266803244926
38,0.00719179571802504,0.99188022839742,0.6383414206671
39,0.0105759213581506,0.692518138351109,0.0430217305208451
40,0.00702095871325589,0.992661631156029,0.693407949659368
41,0.00770474327458673,0.9870641895252,0.485640043625352
42,0.00908945231558498,0.900720680342658,0.174133374189331
43,0.00829417624168727,0.961935264443778,0.324665838953869
44,0.00832265479375012,0.960441042378662,0.317873414210889
45,0.00612319921015104,0.996767953163028,0.917637448408109
46,0.00963171001707148,0.832538057092101,0.107180524340209
47,0.00779693213702566,0.984407533374628,0.458239255083842
48,0.0065462704277524,0.994832839532533,0.824863249920881
49,0.00743125946457949,0.990784929212109,0.565601786355701
50,0.00627660228670715,0.996066292610258,0.887803377287585
51,0.00645356586280135,0.995256867118865,0.84761626818583
52,0.00924789654043175,0.881030632676755,0.151323218585994
53,0.00736853727156269,0.991071818429791,0.584546829526842
54,0.00948476950386415,0.851103126785688,0.122972053728617
55,0.0069304582634603,0.993075577193195,0.719490461598318
56,0.00681603606440368,0.993598940513161,0.75232660084075
57,0.00669687065428964,0.994143999122212,0.785460712556715
58,0.00954402446186526,0.843616611317833,0.117009681561901
59,0.0103518630736255,0.727905713123443,0.0540060588420946
60,0.00826340190637622,0.963549942421772,0.332986836667868
61,0.00623410070105142,0.996260693444676,0.896627791745706
62,0.00863290570015341,0.940344293467761,0.252775326368671
63,0.0101102968616946,0.765551349311036,0.0684734235019787
64,0.0062977988835141,0.99596934008384,0.883157219618162
65,0.00724239933979885,0.99164876912018,0.62221782368792
66,0.00636483786989071,0.995662705997391,0.868679913458568
67,0.0065714372582587,0.99471772728967,0.818760534703511
68,0.0100971547037246,0.767599420908901,0.0692227753780756
69,0.00778961502463547,0.984618394547242,0.460192737876716
70,0.00692728769057709,0.993090079287754,0.72036632707577
71,0.00936920494394572,0.86570402930171,0.136058371065772
72,0.00626772950960196,0.996106876396633,0.889626189900408
73,0.0115776826895265,0.5271763481138,0.0155286832204362
74,0.00552864167776952,0.999487439474454,0.983314301165935
75,0.00860476324701748,0.94278677280669,0.257929309232126
76,0.00646498527905237,0.995204635090024,0.844692342619894
77,0.00774615965839114,0.985870671264344,0.472838128091865
78,0.00801302852831598,0.9766866154236,0.399053293594487
79,0.00705676696247908,0.992497845419081,0.681500563467932
80,0.0116961092365266,0.507813842908939,0.0139143162956144
81,0.00692538352206752,0.993098788890971,0.720892617426788
82,0.00825507859074784,0.963986652892143,0.335272267769889
83,0.00820091338156947,0.966828610957192,0.349895754416303
84,0.00734607764175672,0.991174548026997,0.592013663444017
85,0.00766279405709412,0.988273062741716,0.498077536515459
86,0.00656151408028846,0.994763115574548,0.821192204354073
87,0.00753661660312177,0.990303029176416,0.533953667876524
88,0.00969407734500731,0.824658311986695,0.101938564981616
89,0.0068101762053238,0.993625743313036,0.75400827809854
90,0.00601400020961121,0.997267425747288,0.935408166174143
91,0.00597726875585275,0.99743543419097,0.941250519268614
92,0.00709226724706081,0.992335468302127,0.669886931077895
93,0.00646554280275227,0.995202084995226,0.844597289726498
94,0.00611271104192966,0.99681592569446,0.919541094147689
95,0.00622933516637266,0.99628249084126,0.897611312270183
96,0.00709951997197281,0.992302294580419,0.666967366965207
97,0.00791225601949927,0.981084182878961,0.426239119722467
98,0.00899307423381985,0.909085319782578,0.188039133189113
99,0.00800647329818209,0.97703055740093,0.401109040293029
100,0.0112023048249989,0.588549883354165,0.0224438151568006
101,0.00847066363236001,0.952675265804242,0.28590032762816
102,0.00827367299906606,0.963011035341941,0.330058626221737
103,0.00941302864629205,0.860167162235357,0.13107727575113
104,0.00789096611394769,0.981697705565242,0.43247132232297
105,0.00648696722777619,0.995104090390147,0.839645780085492
106,0.00694228019015335,0.993021504095025,0.715905314842295
107,0.00856207200009147,0.946491939803549,0.267661599575633
108,0.00821870471192931,0.965895129566257,0.344935300431521
109,0.00727776633491959,0.991487001664772,0.612727350275483
110,0.0079459490089338,0.980113233837565,0.417436625111188
111,0.0078783260501702,0.98206196109774,0.436419042002789
112,0.00752010903257174,0.990378534253218,0.538596341151433
113,0.00773346462495469,0.98623651088714,0.477374689582141
114,0.00742001198544266,0.990836374806328,0.568834056597172
115,0.00705422378144257,0.992509477844271,0.682234199661219
116,0.00596173399624391,0.997506489662992,0.943485546297744
117,0.00957768366462318,0.839363968997539,0.113162197695629
118,0.00733753989829766,0.991213599380655,0.594426657731355
119,0.00833109787668676,0.959998047917649,0.316166479677226
120,0.00517190729125532,1,0.99523253696987
121,0.00803869726208232,0.975339819831865,0.39230691435684
122,0.00618876444846472,0.996468059951037,0.905503514244307
123,0.00951156987741686,0.847717057199024,0.11971919489067
124,0.00867915057528317,0.936330707605498,0.243586564119715
125,0.00861445001357675,0.941946059771911,0.256146457190011
126,0.00888282489415814,0.918653843640595,0.207124664902884
127,0.00795970878736718,0.979484213182648,0.41316990274744
128,0.00832672078929654,0.960227706382902,0.317036094597763
129,0.00862057041946058,0.941414870651868,0.255179014693216
130,0.00707308022406036,0.992423229105018,0.675429783687419
131,0.0072979839616332,0.99139452691489,0.606059132261342
132,0.00661440553248961,0.994521191837283,0.807670110997985
133,0.00943813832784531,0.856994701639944,0.128276549051622
134,0.00905620163967001,0.903606501579899,0.179246674271159
135,0.00740919847952907,0.990885835421507,0.571926191511264
136,0.00622668544009944,0.996294610600807,0.898168906494922
137,0.00841944336031346,0.955362707936282,0.296791402162916
138,0.0123109789938486,0.414226242972372,0.00744802954850224
139,0.00792842175003725,0.980618326306637,0.422189894434335
140,0.00860038437009459,0.943166814886185,0.258939926404222
141,0.00667898979300803,0.99422578558499,0.790379243249722
142,0.00658533498752457,0.994654159539805,0.814993256724143
143,0.00747404434881199,0.990589232579455,0.552758996417103
144,0.00678980076793657,0.993718939883672,0.760764180789497
145,0.00732674724180637,0.991262964631272,0.597620538335794
146,0.00572912578902324,0.998570431840174,0.968244206184055
147,0.00760011164501635,0.990012604973758,0.514579976989968
148,0.00513218765693393,1,0.996011180157136
149,0.0101658870046799,0.756888191157781,0.0649308114392196
150,0.00798908479014857,0.97794290337715,0.405242275639382
151,0.00786473769924583,0.982453543932199,0.439848219232423
152,0.00872532201787229,0.932323494942559,0.235764212217947
153,0.00776854649021467,0.9852255378623,0.466444053650581
154,0.00770056135071067,0.987184702280133,0.486421609307574
155,0.00719578112270305,0.991861999289424,0.636848757405829
156,0.00894539127572909,0.913223716652004,0.196475321108708
157,0.00619710435598338,0.996429913492368,0.904081632226932
158,0.00847726700309654,0.952328797969891,0.284855723050999
159,0.00952668548110247,0.845807289567493,0.118618910370303
160,0.00688123298382453,0.993300731979494,0.732890012798631
161,0.00677746098586636,0.993775381635056,0.764173894506261
162,0.00721540665002469,0.991772232782402,0.630951818557254
163,0.00859611480241518,0.94353737003263,0.25986003342868
164,0.00659260560517262,0.99462090397732,0.813391991637458
165,0.00620962897719779,0.996372626292907,0.901592807750847
166,0.00780921389759638,0.984053603258811,0.454992739042898
167,0.00924295664416538,0.881654759518717,0.151858494606204
168,0.00677562069261285,0.993783799074982,0.764778908761144
169,0.00585314217473536,0.998003185030625,0.957177108263953
170,0.0070065388750092,0.992727587014947,0.697604099312664
171,0.00702417318391311,0.992646928274516,0.692441532153563
172,0.00907321545264381,0.902129875272157,0.176911723694151
173,0.00709156743174728,0.992338669234017,0.670169373136306
174,0.00782965737211204,0.983464472632027,0.449131113711215
175,0.00733419403830481,0.991228903232604,0.595583226816813
176,0.00960389033681092,0.836052910086809,0.110238920803407
177,0.00656961900716737,0.994726043909483,0.819142788764429
178,0.00772061331469887,0.986606854023294,0.481310744976316
179,0.0078275048159475,0.983526504003526,0.44969133109195
180,0.00907869599865364,0.901654219495796,0.176036928307617
181,0.00682454446203327,0.993560023386347,0.749644510090548
182,0.00913971447393112,0.89469880056553,0.166411548763746
183,0.00570201546224284,0.998694433570136,0.970389948394992
184,0.00891738026227638,0.915654788360296,0.201517963228682
185,0.00841658256308544,0.95551280918906,0.297312060471428
186,0.00753489981599687,0.990310881703432,0.534422403866357
187,0.00767737792348075,0.98785279160147,0.493339746663366
188,0.012167963979526,0.435858069940387,0.00875181342414045
189,0.00784364671347325,0.983061334239965,0.445641783287372
190,0.00586068222844979,0.997968697076563,0.956494083386862
191,0.0061482278261343,0.996653473108781,0.91331080721653
192,0.00729583194206814,0.991404370180563,0.606619243445777
193,0.00695951914490962,0.992942653691271,0.711469531603544
194,0.00859037915935403,0.944035165644287,0.260890744749217
195,0.00702045145301314,0.99266395134745,0.693560455384531
196,0.007929811569792,0.980578275121472,0.421818699293841
197,0.0064448488744561,0.995296738332651,0.849513950996574
198,0.00711697736093195,0.992222445065911,0.661713497087132
199,0.00805780805458149,0.974337108466094,0.386812372243226
200,0.00759008189666825,0.990058480707988,0.517636043456385
201,0.00755076963461803,0.990238293682669,0.529902697611176
202,0.0107417407291325,0.664943296860634,0.0364184929064883
203,0.00860995873835951,0.942335856882723,0.256886769209888
204,0.00901878515771883,0.906853872505943,0.184375107391332
205,0.00959533488380166,0.837133841260317,0.111039673439961
206,0.00785357383992703,0.982775258884947,0.443007467192504
207,0.00599820894804384,0.997339654450708,0.937891535202235
208,0.00784896101390023,0.982908189179468,0.444173700235776
209,0.00560051132356276,0.999158710113043,0.978719107999482
210,0.00793541862317467,0.98041669364122,0.420452425664917
211,0.00672491664538549,0.994015717694895,0.778743376893361
212,0.00701188914097481,0.992703115076971,0.695971506753995
213,0.00794465446537688,0.980150539397171,0.41792753644627
214,0.00866871356971459,0.937236533772763,0.245693143396758
215,0.00929164181216379,0.875503674857272,0.145504093055177
216,0.00697953797744929,0.992851088219307,0.70557205973277
217,0.00599033017569056,0.99737569169252,0.939198741180127
218,0.00911642402979652,0.897641411211944,0.16986090768349
219,0.00760605805498619,0.989908054702472,0.512902676149417
220,0.00813510287164858,0.970281578503551,0.36682506619839
221,0.00903190330975538,0.90571535003388,0.18230881907137
222,0.00748342943211236,0.99054630552164,0.549821752598418
223,0.00625861183769643,0.996148580323652,0.891401213706851
224,0.00774449989589651,0.985918501534978,0.473602401642822
225,0.00675464781390467,0.993879728322283,0.769837954651721
226,0.00856367942356652,0.946352431758256,0.267244369966631
227,0.00919885306847721,0.887226986935889,0.157163149115351
228,0.00691794406832965,0.993132816704097,0.723005389219417
229,0.00694826433233475,0.992994132828391,0.714464584007788
230,0.00733933043014123,0.991205409547757,0.593778586190154
231,0.00927121633157933,0.87808431420784,0.148133430307046
232,0.00881313111709432,0.924702556228232,0.219877283437148
233,0.00689270777739651,0.993248246656635,0.729380465003047
234,0.00998095431857406,0.785708068592987,0.0775322351437182
235,0.00696358850406856,0.992924040578282,0.71037920726702
236,0.00758894192822024,0.990063694885626,0.517958936805725
237,0.00776083411548576,0.985447789522826,0.468690698079335
238,0.00721864666861123,0.991757413045513,0.629947788386812
239,0.00801625451858413,0.976517353101911,0.398024395165248
240,0.0087420218699707,0.930874117252685,0.232457079466198
241,0.00629027201629098,0.99600376772333,0.884786272823184
242,0.010134287406894,0.761812666946072,0.0667772114589607
243,0.0101598954674385,0.757821911272823,0.0652877434912391
244,0.00618234978386305,0.996497400412854,0.906549181412838
245,0.00636473660423649,0.995663169183114,0.868697927110779
246,0.00637334132239197,0.995623811489429,0.867157233279138
247,0.00687801029415964,0.993315472454473,0.733808970109244
248,0.00855623857241867,0.946998222127166,0.269015307853263
249,0.00938681792611185,0.863478732586127,0.133982046993264
250,0.00851107864994906,0.950554757327887,0.277749980999562
251,0.0103103873438745,0.734369283588613,0.0567582771210738
252,0.00680230635810272,0.993661739731591,0.756492752781874
253,0.00715934457990456,0.992028658820217,0.649632129861729
254,0.00848162148167804,0.952100325751072,0.284214162072742
255,0.01007777215485,0.770619993933115,0.0703032847659122
256,0.00722516083571277,0.991727617462583,0.627873692782788
257,0.00948922481875906,0.850540223950211,0.122490986080838
258,0.00711527859138795,0.992230215181113,0.662319969114952
259,0.00636005884762801,0.995684565085734,0.869531519203893
260,0.00818027466929657,0.967911489721733,0.354488796382019
261,0.0103346597909009,0.730586669692274,0.0550198623106227
262,0.00838067497440606,0.957396820398317,0.305456868154766
263,0.0094571086867313,0.854597908358476,0.126098935856576
264,0.00699873147497655,0.992763297802147,0.700060076443768
265,0.00966220318808004,0.828685424264057,0.104275345016885
266,0.00892500147198746,0.9149933446984,0.200422984329568
267,0.00915992989992983,0.89214470037655,0.163830042447523
268,0.0073895084053064,0.9909758971639,0.577674061213886
269,0.00606956935023767,0.997013254352526,0.926182010830652
270,0.0077527042880251,0.985682071143784,0.471053699530196
271,0.00691152683762753,0.993162168903171,0.724450945541536
272,0.00954365945103511,0.843662728289612,0.117049427250411
273,0.00788626670709073,0.981833130906224,0.433635466707174
274,0.00838139176957039,0.957359211353155,0.305322115194817
275,0.00722716374065347,0.991718456242226,0.627124504289544
276,0.00580955321318374,0.998202559486103,0.961682920235658
277,0.0086078568270257,0.942518281456028,0.257308543888053
278,0.00821486344428404,0.966096674464358,0.346133774460935
279,0.00824174272373508,0.964686363562262,0.339287699604762
280,0.00776315362731091,0.985380946900045,0.467916009948493
281,0.00615433406711898,0.996625543366296,0.91211379717261
282,0.00914186708899964,0.894426830311049,0.166129034198317
283,0.00817222420992562,0.96833388387997,0.35644022626725
284,0.00669445521988665,0.994155047238563,0.786359184354785
285,0.00883194816583319,0.923069427355553,0.216750343806548
286,0.00572503556823615,0.998589140373554,0.968544948588128
287,0.0105160877072191,0.702312974967355,0.0460822440718945
288,0.00708092153433138,0.99238736321352,0.673125595548507
289,0.00769213059326705,0.987427655962649,0.489067412384499
290,0.00968665626741196,0.825595921497863,0.102525681282506
291,0.00583645072464007,0.998079531166331,0.95888401779986
292,0.00816233628796201,0.968852686631724,0.359263514921637
293,0.0069317598432858,0.99306962381051,0.719136048303656
294,0.00845327451960381,0.953587643509252,0.289547117669667
295,0.00617027260421298,0.996552641029532,0.908816563710039
296,0.00745109977800032,0.990694180280637,0.560022668726605
297,0.00668399244369531,0.994202903627696,0.789159448661542
298,0.00720351199188023,0.991826638551804,0.634621199826751
299,0.00780765503325559,0.984098525892948,0.455391064318151
300,0.00824868992811282,0.964321855350988,0.337387035528899
301,0.00772041928731461,0.986612445415031,0.481354592053362
302,0.00718936140456371,0.991891362865953,0.639078814891061
303,0.00805214474627346,0.974634252794807,0.388090921785174
304,0.00669360394192495,0.99415894095555,0.786672958511243
305,0.00781492350939999,0.98388906629725,0.453485346770085
306,0.0072245763953706,0.991730290673204,0.628092303247238
307,0.00926289396182111,0.87913579668333,0.149178104351764
308,0.00929383357727961,0.875226758224554,0.145270328767029
309,0.00755327250795448,0.990226845623555,0.529045577444314
310,0.00692113072207607,0.993118241056206,0.722292479262954
311,0.00661478910028298,0.994519437410997,0.807554773289607
312,0.00817407191657959,0.968236937797665,0.356011376633177
313,0.00838715850797864,0.957056640219821,0.304107545407632
314,0.0102604671877721,0.742148831978426,0.0593026927374248
315,0.00674064204695734,0.993943790232897,0.773506965288834
316,0.00778112248122518,0.984863128749271,0.463151197303058
317,0.00766099215620265,0.988324989091162,0.498508238380824
318,0.00940760246068031,0.860852728876261,0.131628819389284
319,0.00540435451764,1,0.98906286132061
320,0.00733213092235912,0.991238339856089,0.59619710516605
321,0.00820406668090131,0.966663162607531,0.349248848783814
322,0.00666432052055526,0.994292882347643,0.794702056594038
323,0.00698221194208806,0.992838857594285,0.704848766356984
324,0.00715911707091141,0.992029699438759,0.649713145611014
325,0.00870660862427029,0.933947627601264,0.239051583827228
326,0.00941188785008207,0.86031129512752,0.131193231772001
327,0.00775944926395209,0.985487697536085,0.469189577634288
328,0.00810464265891845,0.971879774994336,0.374559985193229
329,0.0064085422724087,0.995462803518785,0.858279304295693
330,0.0078715358467311,0.982257638051038,0.438299472124577
331,0.00661067166438577,0.994538270425383,0.808541038029922
332,0.0080469159581861,0.974908598573227,0.389491838360825
333,0.00992154721083249,0.794966061865806,0.0817142256873837
334,0.0100063072412148,0.781757073566014,0.0757161570973065
335,0.00519200528848726,1,0.994838922546781
336,0.00639301497708258,0.995533824849427,0.861696566884573
337,0.00749256538285361,0.990504517987836,0.547632156276056
338,0.00629132647087715,0.995998944683242,0.884582576120483
339,0.00591893516853599,0.997702250072637,0.94908650861398
340,0.00805781848384737,0.974336561259932,0.386810017730212
341,0.00942637749781529,0.858480613349355,0.129320708556122
342,0.00786400539604124,0.982474647108451,0.440036181415549
343,0.00696388387193916,0.992922689575499,0.710286016293857
344,0.00774405152829085,0.985931422385998,0.473808862207642
345,0.00819322168173536,0.96723218160169,0.351491795950356
346,0.0092986835099486,0.87461399775405,0.144605511236744
347,0.00813006300212276,0.970546012040557,0.367939141700774
348,0.00730340731961763,0.991369720656459,0.604188961965577
349,0.00621683614158282,0.996339660963529,0.900179758007396
350,0.00895743620680196,0.912178338868404,0.194372897244687
351,0.00615508133376813,0.99662212539358,0.911941838805966
352,0.0085210915147895,0.950029399032051,0.275471515600102
353,0.00737849115537544,0.991026289697415,0.581259777723347
354,0.00835584959587493,0.958699366549337,0.311107850339334
355,0.00585218762233538,0.998007551121447,0.957257505983836
356,0.00703617121030896,0.992592049702182,0.688039151170236
357,0.00741340359736061,0.990866601352879,0.570739571460345
358,0.00857938863617621,0.944989031522865,0.263213693182082
359,0.00692977361498011,0.993078708752495,0.719679246063718
360,0.00745608318056884,0.990671386363596,0.558328126396583
361,0.00671723421804683,0.994050856861163,0.780791079364516
362,0.00910563644638321,0.899004358934951,0.171419197250617
363,0.00804071719458417,0.975233837346954,0.391671056890725
364,0.0097599588427822,0.816334572188788,0.0958989144287951
365,0.00651232561802357,0.99498810195942,0.832759943279192
366,0.00718504282584521,0.991911115900891,0.640381091949666
367,0.00795109082304459,0.979936383377916,0.415838688362034
368,0.00711378081609,0.992237065955342,0.662798449948278
369,0.0112630826129917,0.578612835739754,0.021025360855432
370,0.00655406413213822,0.994797191388766,0.82314842402465
371,0.00792189248174704,0.980806483751073,0.423640361597054
372,0.00599237540530627,0.997366336880511,0.938859168974166
373,0.00843435705963133,0.954580211040229,0.293378671320924
374,0.00781920835522776,0.983765587584947,0.452179073695802
375,0.00871771867437001,0.932983387998839,0.237257356272127
376,0.00691404381865737,0.993150656315938,0.723845710202978
377,0.00618562087016369,0.996482438573278,0.906015955162923
378,0.00574457584492212,0.998499763800094,0.967166936083537
379,0.00746120952689223,0.99064793862659,0.556405573916704
380,0.00724000376308089,0.991659726408142,0.623063478019731
381,0.00689574087591683,0.993234373365224,0.728373306752757
382,0.00875015173854088,0.930168527163756,0.231328004639587
383,0.00556915793973303,0.999302119444349,0.980913533558504
384,0.00680354010991709,0.993656096591965,0.756072479666024
385,0.00771518029081393,0.986763420401685,0.482640991373633
386,0.00632931196235462,0.995825200312883,0.876215889100699
387,0.00691549766348756,0.993144006478203,0.723529729737678
388,0.00705112370944335,0.992523657470139,0.683143432952042
389,0.0101402937631347,0.760876637440774,0.0664157323006331
390,0.00706012360287169,0.992482492257944,0.680255945560063
391,0.0111127234481561,0.60325092876032,0.0248723322809751
392,0.00713895480823925,0.992121920955363,0.655362918448057
393,0.00692085182355744,0.993119516728723,0.722382166988623
394,0.00859100955079688,0.943980454064342,0.260777461619568
395,0.00701320405482623,0.992697100704896,0.695521953989847
396,0.00980731578454993,0.810351301100354,0.0917098962609324
397,0.00786269650144568,0.982512366229674,0.44037213882243
398,0.00718997936553083,0.991888536333112,0.63889162418821
399,0.00694960165204315,0.992988015972674,0.714157913724149
400,0.0107970589498349,0.65574418364262,0.0345902126933363
401,0.00920074537049485,0.886987905704498,0.156821410226258
402,0.00946220976560851,0.853953417041542,0.125471967319712
403,0.0070455607309237,0.992549102348239,0.685385392051171
404,0.00942356353046436,0.858836141575337,0.129575905342616
405,0.00809797360795687,0.972229688960404,0.376674311853564
406,0.00772451180377754,0.986494509161726,0.480091798302383
407,0.00872671234556589,0.932202828607981,0.235489116433286
408,0.00722654103912695,0.991721304458227,0.627357426386304
409,0.00878793790887889,0.926889071037382,0.22457262811864
410,0.00753105076448519,0.990328487136595,0.535449309176701
411,0.00875419007812324,0.929818040269602,0.230732128934396
412,0.00675945504000109,0.993857740230546,0.768613204445256
413,0.00765821594442148,0.988404992682796,0.499151250729389
414,0.00732100659144576,0.991289222174443,0.599013252195529
415,0.00671183586823949,0.994075548733027,0.781949663873136
416,0.00890468353576389,0.91675673537355,0.203166488113527
417,0.00937068551553807,0.865516967788186,0.135925307543563
418,0.00869143452164063,0.935264585720754,0.241341583377957
419,0.00651862280568246,0.99495929883322,0.831498809981154
420,0.00979175321022346,0.812317540843746,0.0930093508079591
421,0.00621380714393484,0.996353515497687,0.900707243742433
422,0.00765454440348721,0.988510797457332,0.499985464433236
423,0.00879692356774104,0.92610920703578,0.222577968220846
424,0.00698744659694869,0.992814914457645,0.703330112328988
425,0.0112562435361417,0.579731011220321,0.0211846154382936
426,0.00754315008071204,0.990273145267954,0.532272098073141
427,0.00672503117636231,0.994015193834029,0.778710709178694
428,0.00729696956661748,0.99139916672384,0.606323151233549
429,0.00505163788475612,1,0.997280223496201
430,0.0059051715925088,0.997765204210065,0.95066109362164
431,0.00791829020386538,0.98091029253488,0.424640474890722
432,0.00977454585957019,0.814491588403176,0.0945727502080839
433,0.00695258635917055,0.99297436402188,0.713338797006346
434,0.00970161232270799,0.823706311867059,0.101322561554481
435,0.00757455500485594,0.990129500192971,0.522327806121011
436,0.00904635940772814,0.904460707432205,0.180293041049572
437,0.00887274769544123,0.919528442224501,0.208931800221
438,0.00690882795370948,0.993174513508145,0.725099921398926
439,0.00868486159718874,0.935835048860287,0.242660690719127
440,0.00951888313063176,0.846793070664214,0.119158157799951
441,0.00649728702567497,0.995056887978952,0.836135151746982
442,0.00617011684973674,0.996553353445308,0.908844178889315
443,0.00644008879971575,0.995318510755659,0.850886560927805
444,0.00598043201834768,0.997420965533883,0.940770774151714
445,0.00587889548752625,0.997885390237364,0.954349192684326
446,0.00803848594463975,0.975350907305158,0.392373435279423
447,0.00993193718377256,0.793346890301312,0.0809748981632063
448,0.00576821109753215,0.998391656943416,0.965408771855914
449,0.00786361744557785,0.98248582688611,0.440135757677931
450,0.00793517997670195,0.980423570845286,0.420503268064406
451,0.00811012439809086,0.971592157294934,0.373040012520582
452,0.00590230519761198,0.997778315004665,0.951038770881005
453,0.00613229056124749,0.996726369626512,0.916305028049101
454,0.00539819203615067,1,0.989281141356137
455,0.00666998097491046,0.994266991618324,0.793195910666972
456,0.00802639527084568,0.975985284766672,0.395621733056441
457,0.00889851044314151,0.917292497167827,0.204152418644529
458,0.00781065440563101,0.984012091362158,0.454623015220437
459,0.00954490617139334,0.843505212504253,0.116913673034581
460,0.00708151261133512,0.99238465964703,0.672987544573284
461,0.00904403315779513,0.904662602319304,0.180528036388352
462,0.00859559772557512,0.943582247054985,0.259952953602923
463,0.00949359507374395,0.849988067934131,0.121880407974062
464,0.00908971115736333,0.900698215503058,0.174084251968765
465,0.0068612158351745,0.993392289749403,0.73871010017417
466,0.00783752044012804,0.983237878361804,0.44729079339715
467,0.00909111240646961,0.90057660130069,0.173824267807206
468,0.00919159903799776,0.88814349102636,0.158411421020908
469,0.00646132706623823,0.995221367633353,0.845446971023312
470,0.00760606579868922,0.989907831548007,0.512900699230851
471,0.00778351631417227,0.98479414437465,0.462339130192946
472,0.00677755490282973,0.993774952061999,0.764143018393714
473,0.00562849281353941,0.999030723711694,0.976250127387106
474,0.00793416667945118,0.980452771578459,0.420719145814615
475,0.00599372528154928,0.997360162591624,0.938635047217815
476,0.00624422602078289,0.996214380570128,0.894995650303608
477,0.00770891000066263,0.98694411473347,0.48468872435869
478,0.00699835609084101,0.992765014796655,0.700185316138347
479,0.0114113075956613,0.554378345491303,0.0182105307064904
480,0.00709560902412686,0.992320183125349,0.668479274475151
481,0.00637877417307107,0.995598961811729,0.865950794926828
482,0.00765233748537856,0.988574395406282,0.500478877614254
483,0.00697813291739055,0.992857514917126,0.705898550042714
484,0.00566087801759565,0.998882594869106,0.9739789299013
485,0.00800382982686656,0.977169255926032,0.401670893685445
486,0.00614554883633092,0.996665726718738,0.913817846312328
487,0.00636522111550128,0.995660953044758,0.868611739770323
488,0.0110377348918531,0.615721109665056,0.0268913984035827
489,0.00612725990307763,0.996749379689096,0.917072057759333
490,0.00611191294396798,0.996819576167902,0.919670030461711
491,0.00776016558760276,0.985467054851253,0.468931528872124
492,0.00734503155533523,0.991179332791378,0.592297375607399
493,0.00770016567227599,0.987196104758906,0.486495558211214
494,0.0069352059900818,0.993053861250071,0.718197680778334
495,0.00883529278059994,0.922779148735384,0.216140836079513
496,0.00803802973257364,0.975374843990354,0.392501724665451
497,0.00951154558321429,0.847720126628645,0.119721801308733
498,0.00586843035205042,0.997933257417786,0.955540203390706
499,0.00845280810608972,0.953612115447386,0.28967829972973
500,0.00768147415243537,0.98773474836329,0.492448807304401
501,0.00797699409213383,0.978577282109482,0.408300385069705
502,0.0108298103027129,0.650297815351256,0.0333144960755289
503,0.0103249951988396,0.732092798027572,0.0556794995179475
504,0.00767208747043649,0.988005249439082,0.494809580159977
505,0.00619422464216482,0.996443085207272,0.904578247660177
506,0.0123115360247512,0.414141988908843,0.00744320283345885
507,0.00765181658970916,0.988589406337617,0.500595337209292
508,0.00979298387167353,0.81216205400699,0.0929068259702921
509,0.00883099785315227,0.92315190485236,0.216876318491703
510,0.00860673035704014,0.942616047619211,0.257534584115335
511,0.00734855039663998,0.991163237728682,0.591343020347014
512,0.00563165973631988,0.999016238312583,0.976000654558099
513,0.00690903017116908,0.993173588572233,0.725051296021469
514,0.00766986198084312,0.98806938257252,0.495515906353207
515,0.00855935387111022,0.946727845815196,0.26833001059817
516,0.00795920759868842,0.979510509715595,0.413312856384336
517,0.00854320893481331,0.948129062444856,0.27153464827697
518,0.0112750848508876,0.576650493683716,0.0207904309597824
519,0.00786879322393314,0.982336673690834,0.438907320297471
520,0.00688971207886655,0.993261948881738,0.730248701141407
521,0.00933616945433082,0.86987786913441,0.140036913735332
522,0.00694795555220684,0.992995545178392,0.714535392572722
523,0.00669165533316665,0.994167853826981,0.787280330477494
524,0.00664601575511486,0.994376607733898,0.799451450271765
525,0.0105461768025776,0.697464492931233,0.0443192012999966
526,0.00608930019989739,0.996923006104644,0.923210244956648
527,0.0079283405330461,0.980620666780458,0.422211585989905
528,0.00788668282491456,0.981821139414554,0.433532385351904
529,0.00564524387595844,0.998954104911209,0.974983244039522
530,0.00634162145731757,0.995768897093718,0.873540547296781
531,0.00564768550086504,0.998942937000368,0.97482639766632
532,0.00950224628067741,0.848895038815425,0.12071948254739
533,0.00719860582947171,0.991849079174931,0.635994926589176
534,0.00723233018451543,0.991694825100417,0.625418237939641
535,0.00729913114287311,0.991389279746183,0.605760552706825
536,0.00836618593650572,0.958157036019013,0.30873092397421
537,0.0074093437652722,0.990885170889366,0.571884848232594
538,0.00853438381431096,0.948894993345991,0.273127121938205
539,0.0075292821092517,0.990336576906609,0.53588087388224
540,0.00962441018212791,0.83346034830724,0.107981033134462
541,0.00739117321384764,0.990968282385191,0.577202025246307
542,0.0062372593669681,0.996246245812185,0.896144976830061
543,0.00813462046934306,0.970306889346869,0.36693170240953
544,0.00486787979049921,1,0.999097518609669
545,0.00654429267123223,0.994841885724855,0.825260997632773
546,0.00757995400673113,0.99010480533857,0.520716254776419
547,0.00641252858464306,0.995444570259657,0.857472346113917
548,0.00868857048749451,0.935513154820046,0.24195011068066
549,0.00708638775128976,0.992362360919572,0.671791137443834
550,0.00678229149331464,0.993753287055192,0.762706914496484
551,0.00645452869603675,0.995252463151778,0.847425753010078
552,0.00753372215957457,0.990316268264607,0.534743940497652
553,0.00732386100140658,0.99127616619854,0.59833195395136
554,0.00822112687998629,0.965768042453536,0.344276568556757
555,0.00597794329386828,0.997432348876598,0.941150014766664
556,0.00780874104574756,0.984067229685466,0.45511410219312
557,0.00747291372772641,0.990594404002569,0.553108966594969
558,0.0107321450773458,0.666539000519678,0.0366939077543531
559,0.00687521401937722,0.99332826252201,0.734604618844646
560,0.00767601343363462,0.987892112841002,0.493636526389866
561,0.00773870581417047,0.986085472711833,0.4752090668415
562,0.00727875672886543,0.991482471635915,0.612438718841651
563,0.0054523043308658,0.999836603951647,0.98729792422906
564,0.00619610248185229,0.996434496031209,0.904254408477287
565,0.00716562246052176,0.991999944003781,0.647353843606577
566,0.0097420485737641,0.818597429349786,0.0974830700263605
567,0.00647414092238502,0.995162757482964,0.842822812833714
568,0.00993634583987875,0.792659846105341,0.0806528686854892
569,0.00804823991936257,0.974839132541426,0.389135947238256
570,0.00864272477530751,0.939492097389635,0.250676804785552
571,0.00768037561420288,0.987766405531789,0.492687741934153
572,0.00741616348619205,0.990853977713468,0.569988434849293
573,0.00655202487939314,0.994806518862767,0.823720265390552
574,0.00677470733751916,0.9937879767307,0.765079183106225
575,0.00901289722907213,0.907364884961011,0.185143795172882
576,0.00739571238383384,0.990947520373156,0.576010060733943
577,0.0115612547970613,0.52986227590128,0.0158455594234295
578,0.00704210550486377,0.992564906436929,0.686253710506721
579,0.00676629661191375,0.993826447108935,0.766972654245278
580,0.00577197877861502,0.998374423695879,0.965119171973629
581,0.00595778413841911,0.997524556180867,0.944037012113931
582,0.00812784106906304,0.970662593157382,0.368520880921126
583,0.00557342319131309,0.999282610325963,0.980638710391664
584,0.00827697151618798,0.96283796765736,0.329200493304386
585,0.00982412393746396,0.808227689827614,0.0901034676763877
586,0.00735749406167758,0.99112232970327,0.588582416004208
587,0.00661225176606636,0.994531043093027,0.808234969970791
588,0.00864620756862643,0.939189826273392,0.24966442192089
589,0.00609595611944628,0.996892562150751,0.922136396301842
590,0.0103829152904856,0.723066541082825,0.0522050913542722
591,0.00779313660017988,0.984516911406196,0.459182514899997
592,0.00755120533968608,0.990236300782229,0.529767185241644
593,0.0120122974119651,0.459403515641547,0.0105363391810307
594,0.00878344795305958,0.927278753637843,0.225484971179752
595,0.00719770238472873,0.991853211501035,0.6362521957458
596,0.00670738689733436,0.994095898177475,0.782851282268415
597,0.0071992182125003,0.991846278155395,0.635820541529636
598,0.00736165442235724,0.991103300352361,0.587002372573864
599,0.00662221476023463,0.994485472690188,0.805232847367066
600,0.0120221660878684,0.457910822790002,0.0104024360833577
601,0.00687138277298242,0.993345786515162,0.735768805646259
602,0.00827255409651118,0.963069742290332,0.330398448817558
603,0.00904824249786246,0.904297274318389,0.180102813250836
604,0.00699699558257199,0.992771237716074,0.700639223546658
605,0.0108686937256666,0.643831717824729,0.0320220350223952
606,0.0114752984920721,0.543915961032725,0.0172910575842757
607,0.00770488865716557,0.987059999957046,0.485612872869073
608,0.00513407723296276,1,0.995974137885051
609,0.00768445178974632,0.987648940183571,0.491483275935872
610,0.00757534065695329,0.990125906646497,0.522091705415183
611,0.00849109449362136,0.951603292635148,0.282352913362848
612,0.0116653452785818,0.512843688926714,0.014312872555778
613,0.00964116880428708,0.831342994954088,0.106177688876526
614,0.00752895754992707,0.990338061430129,0.535960068711573
615,0.0061361813640757,0.99670857322422,0.91563314810191
616,0.00553683070678725,0.999449983129013,0.982877075897467
617,0.00703476215801761,0.99259849466034,0.68846801040117
618,0.00892151587264363,0.91529585934913,0.201038664853517
619,0.00842204334335059,0.955226291168518,0.296268037187151
620,0.00667624925896916,0.994238320696226,0.791148079756642
621,0.00654276450954984,0.994848875485392,0.825743021500435
622,0.00686899718416262,0.993356698118812,0.736556495927711
623,0.0106606030870417,0.67843603661906,0.0398398821042161
624,0.0124767933387767,0.390599752553881,0.00611101278499882
625,0.00818758499433847,0.967527929175654,0.352802569375604
626,0.00769939069938719,0.987218437570453,0.486640393993138
627,0.00794830250987589,0.980045411732077,0.4165853939965
628,0.00893433192793164,0.914183555809125,0.198629275695997
629,0.00815817687469295,0.969070924099375,0.360561322712214
630,0.0092999217623209,0.874457551848914,0.144435774471266
631,0.00691836425137402,0.993130894800874,0.722915330946373
632,0.0102937690423481,0.736959076789898,0.0574971743331654
633,0.0083546609927738,0.958761730568984,0.311466789594278
634,0.00820471566325191,0.96662911158745,0.349106591813098
635,0.00626082290014165,0.996138466997816,0.890885175899758
636,0.00878490149127893,0.927152601271098,0.225167102603594
637,0.0093093918662073,0.873261059916097,0.143293404160139
638,0.00625349698785451,0.996171975476135,0.892656331156885
639,0.00925723089917106,0.879851291344964,0.149981977289232
640,0.00734715776074599,0.991169607598786,0.591720721208213
641,0.00653260126245548,0.994895361838432,0.828043348270599
642,0.00744115707340124,0.990739657879664,0.562823223877525
643,0.00696166968509634,0.992932817192226,0.710975011631141
644,0.0059123718495339,0.99773227047472,0.949771642570721
645,0.00798131417345613,0.978350614657407,0.40736710370912
646,0.00799422839069368,0.977673027246802,0.404127939713137
647,0.00669244206163243,0.994164255357234,0.787035111003277
648,0.00613061850833715,0.996734017540724,0.916593765070918
649,0.0083223411665264,0.960457497875306,0.317938000170865
650,0.00793571164973963,0.980408249336719,0.420389997867401
651,0.00784785265824541,0.98294012926192,0.444462862835709
652,0.00721433378717721,0.991777140021262,0.631254458321645
653,0.00743827547141279,0.990752838230993,0.563851269830781
654,0.0068997229855977,0.993216159328435,0.72715972456366
655,0.00620906671985669,0.996375198039222,0.901721702298695
656,0.00790505335527584,0.981291745937051,0.428469410244312
657,0.00987474854239847,0.801831568715028,0.0860494329272961
658,0.007493676885719,0.990499434010823,0.547304755019018
659,0.00706742221657554,0.992449108642433,0.677188638905862
660,0.00729144422177349,0.991424439466763,0.608216241158604
661,0.00777862864692256,0.984934994916867,0.463939498555905
662,0.00830054211029797,0.96160125794932,0.322946487903264
663,0.00677373439353303,0.993792426944024,0.765341490465451
664,0.00892298945428352,0.915167967416885,0.200796821634357
665,0.00856700662961626,0.946063664038059,0.266404085160349
666,0.00800612283022397,0.977048945869381,0.401183530078503
667,0.0056316700114119,0.999016191314655,0.975999845142634
668,0.00942132513744925,0.859118949368914,0.129902954904378
669,0.00681634499694718,0.993597527466016,0.75222252247968
670,0.00697880056106369,0.992854461137246,0.705743411343539
671,0.00844126964340873,0.954217519314036,0.292033420220426
672,0.00496823167358633,1,0.998265536535352
673,0.00900284815969617,0.908237042203583,0.186762486163311
674,0.0087255049720024,0.932307616380708,0.235728012183803
675,0.00728880757075101,0.991436499420549,0.609088372698632
676,0.00880949256408503,0.92501834570493,0.220516883980835
677,0.0133267916902788,0.283662303938388,0.00253023587637949
678,0.00769000746573847,0.98748883927328,0.489762376838387
679,0.00712145732769481,0.992201953847444,0.660302079980667
680,0.0101902708143922,0.753088222519953,0.0634720431988578
681,0.0103611222342083,0.726462767158789,0.0534363916079518
682,0.0049373613836067,1,0.998521471223391
683,0.00830843535956355,0.961187112342758,0.320828645786158
684,0.00903220445250404,0.905689213899333,0.182256346514401
685,0.00731400517889215,0.991321246401811,0.601046645370136
686,0.00851061568102819,0.950579048533967,0.277859671998407
687,0.00743221673672436,0.990780550681265,0.565334804665691
688,0.0088088838837572,0.925071172980418,0.220623880434539
689,0.00775299259455317,0.98567376285913,0.470984429630577
690,0.00795440675495617,0.979762401968406,0.414862270383866
691,0.00727655204353675,0.991492555793033,0.613081232348763
692,0.00693788809371511,0.993041593397559,0.71721065673764
693,0.00492156243550776,1,0.998652454730696
694,0.00696379790842668,0.992923082769736,0.710313138483445
695,0.00791858897849398,0.98090168258533,0.42455172432475
696,0.00827583466286485,0.962897616452582,0.32944476318125
697,0.010976854747802,0.625845139880499,0.0286652643171532
698,0.00855794525444393,0.946850099447005,0.268639875311145
699,0.00838893638418237,0.956963358024616,0.303741397503852
700,0.00599637733021519,0.997348032209531,0.93819472403411
701,0.00613212342447062,0.996727134104551,0.916333889919972
702,0.00842290322330281,0.955181174703498,0.296090597840041
703,0.0083433117425125,0.959357206775974,0.313899752011756
704,0.00566985530352987,0.998841533062834,0.973162758078255
705,0.00611954239187191,0.996784679327801,0.918177318506809
706,0.00648262159205503,0.995123967182912,0.840586410277832
707,0.00594854855698749,0.997566799422124,0.945329299185927
708,0.00715550989876785,0.992046198523765,0.650993306714593
709,0.00694260149549205,0.993020034455128,0.715823257600111
710,0.00775468290829592,0.985625052176709,0.470540263715803
711,0.00632647033106307,0.99583819783958,0.876873647043565
712,0.0072995146814581,0.991387525453495,0.605660728218886
713,0.00994337718085734,0.791564083157887,0.0801392656716805
714,0.00702401191442126,0.99264766591579,0.692490017169201
715,0.0102818204196623,0.738821148057968,0.0580284442693171
716,0.00957672462501241,0.839485138012293,0.113256193369698
717,0.00924289688519156,0.88166230971362,0.151864969953854
718,0.00832235386189811,0.960456831770355,0.3179353857844
719,0.00972501389611729,0.820749660690332,0.0990032400957845
720,0.00701538452816633,0.992687127292605,0.694892496410844
721,0.00777043395647051,0.985171145729618,0.46593889341931
722,0.01176200499445,0.497261654472225,0.0132045794794093
723,0.0062469145478841,0.996202083336889,0.894339706974685
724,0.00928127974405346,0.876812861224184,0.14660386177011
725,0.00797882582929418,0.978481173919837,0.407873657320189
726,0.0118391104863072,0.485599014251966,0.0123888201838719
727,0.00657257931033829,0.994712503581571,0.818520439126347
728,0.00944558551953368,0.856053792766697,0.127462677134703
729,0.00984159244375477,0.806020646789223,0.088689979658316
730,0.00636958196935858,0.995641006644746,0.867833317509216
731,0.00827329030927458,0.963031114436175,0.330174853178023
732,0.0102570020368538,0.742688840491052,0.0595164052338378
733,0.00604556262051535,0.997123060333119,0.930181815588824
734,0.00625491511653012,0.996165489002899,0.89229145410078
735,0.00830598268862092,0.961315799890947,0.321468322185657
736,0.00777353939892956,0.985081654520042,0.465126374149495
737,0.00983043814641208,0.807429926660581,0.0894720499014936
738,0.00613072647254173,0.996733523716055,0.916575121364908
739,0.00952147985423781,0.846464989907798,0.118978689249375
740,0.0090511588951708,0.904044160628004,0.179808201840529
741,0.00807287713650628,0.973546458904159,0.382788122104932
742,0.00840094535988274,0.956333267125636,0.301357189248321
743,0.00986363839605369,0.80323527036745,0.0870380443554968
744,0.00590161761767175,0.997781459972366,0.95114780950353
745,0.00749202317663625,0.99050699802098,0.547791867062834
746,0.00912861834826238,0.896100730787989,0.168225514197769
747,0.00791042373594715,0.981136984781919,0.426697770329141
748,0.00667847169409528,0.994228155352127,0.790514096715665
749,0.00683501929466986,0.993512111851435,0.74696856554628
750,0.00512725063165192,1,0.9961079630497
751,0.0087656339879259,0.928824825033015,0.228744231214011
752,0.00694599232144141,0.993004524930395,0.714985594967782
753,0.0088017132689593,0.925693509576545,0.221777286062744
754,0.00620686802204725,0.996385254809627,0.902225742244969
755,0.00755813993639193,0.990204582168319,0.527378272922744
756,0.00746659080592773,0.990623324835867,0.554815962567442
757,0.00778473568228635,0.984759005186311,0.461877750997534
758,0.00631501046804942,0.995890614870563,0.879144908179437
759,0.00888745505897885,0.918251992321671,0.206230376872722
760,0.008774612368615,0.928045592702974,0.227252167412531
761,0.00682168256316493,0.993573113616263,0.750489071721703
762,0.00643200256482541,0.995355496924192,0.852772868958382
763,0.00649690329640262,0.995058643143838,0.836228119060153
764,0.00849114219016135,0.951600790077352,0.282344770670492
765,0.008645278789908,0.939270434840785,0.249934400519531
766,0.00757206723878049,0.990140879151978,0.523172733712391
767,0.00869791086252844,0.93470250505444,0.24029083852086
768,0.00750510977910694,0.990447140338008,0.544067485870736
769,0.00686759012589826,0.993363133956357,0.73692321222245
770,0.00547662250358717,0.99972537344117,0.98621699268332
771,0.00605045099502588,0.997100701071244,0.92927428049216
772,0.00842425113753625,0.955110451894802,0.295812450848797
773,0.00970772568529985,0.822933924455971,0.100758469209158
774,0.0083960885556497,0.956588095532465,0.302376255955066
775,0.00742390176420726,0.990818583088069,0.567652707300861
776,0.00725093564277834,0.991609724355227,0.619428605973731
777,0.00901753642898693,0.90696224948761,0.184538132892537
778,0.0062444887510209,0.996213178850788,0.894931549723461
779,0.00913888612865494,0.894803457119716,0.166520262861844
780,0.00806857193600438,0.97377234558444,0.383960278153813
781,0.00731371592870858,0.991322569422498,0.601123609734588
782,0.00713325391021586,0.99214799667267,0.657029642825606
783,0.00837402629577434,0.957745665462261,0.306715718489726
784,0.00785344965012585,0.982778837729402,0.443038457296979
785,0.0081053759317702,0.971841301392433,0.374313912778519
786,0.0100799847637923,0.770275181342816,0.0701812105674413
787,0.00692623142117963,0.993094910628728,0.720658267830575
788,0.00623213973980505,0.996269662815975,0.89702773091745
789,0.00746526797390601,0.990629375425388,0.555143379341226
790,0.00627954778134085,0.996052820016101,0.887205433679408
791,0.00629811682679937,0.995967885821863,0.88307251766172
792,0.00772233507316047,0.986557237181456,0.48089390228109
793,0.0075256373007017,0.990353248139282,0.536796544475072
794,0.00692667715786205,0.993092871844018,0.720535071320457
795,0.00656612544390345,0.994742023351264,0.819975727933792
796,0.0104719991677663,0.709183725239157,0.0480461399190485
797,0.00822174050707826,0.96573584646483,0.344109686773499
798,0.00706989977100949,0.992437776391134,0.676302676450349
799,0.00566035362494107,0.998884993423608,0.974012616109933
800,0.0068783786529847,0.9933137875935,0.733703939901428
801,0.00691628137080982,0.993140421827065,0.723361756924492
802,0.00780296080738517,0.984233801930648,0.456580567565142
803,0.00839074685515607,0.956868365636268,0.303396549106368
804,0.00832074288388424,0.960541357096271,0.318235243357352
805,0.0100014789725861,0.782509510104042,0.0760485842097747
806,0.00767537093083735,0.987910628190503,0.49377627224799
807,0.00504664197091376,1,0.997346105670916
808,0.00882887323172605,0.923336300431222,0.217157961071684
809,0.00613938412337197,0.996693923910082,0.91505707216165
810,0.00864838633359446,0.939000731584557,0.249231707524687
811,0.00713056480575977,0.992160296546711,0.657758917997453
812,0.0104288407613193,0.715909523746135,0.0502770547345729
813,0.0078282546963029,0.983504894297042,0.44950279246968
814,0.00823542577943586,0.965017803079804,0.340785683380607
815,0.00828865096718525,0.962225166369217,0.326085555286591
816,0.0117699821135816,0.496055070243463,0.0131199336432873
817,0.0063375000745925,0.995787748160763,0.874408429551801
818,0.00576950893264226,0.998385720688934,0.965308977376004
819,0.00822178964147052,0.965733268465327,0.344096324203451
820,0.00591677241324293,0.997712142443172,0.949291825839314
821,0.00836216945160754,0.958367774273747,0.309488590271966
822,0.00812195490759632,0.970971430219147,0.370122314065021
823,0.00620408877904233,0.996397966974382,0.902779378723506
824,0.00925671738201773,0.879916171217316,0.150064706765832
825,0.00843440188226167,0.954577859271673,0.293368876056785
826,0.00627299710576377,0.99608278258758,0.888546708775358
827,0.00782472267138337,0.983606678563365,0.450382332262925
828,0.00726027967594172,0.991566985059368,0.616929542632964
829,0.00695389919725395,0.992968359144298,0.712915870937756
830,0.00934762910576668,0.868430009569154,0.138610484652517
831,0.00883336927497694,0.922946089503476,0.216503921197634
832,0.00864154943068976,0.939594105374906,0.25100794251335
833,0.00933444753723265,0.870095423233252,0.140229347575935
834,0.0100404849399261,0.776430826980724,0.0728141699581496
835,0.0060842148190389,0.996946266466981,0.924020690965788
836,0.00751808027137898,0.990387813739209,0.539342307575491
837,0.00766456015126614,0.988222168253809,0.497335492031407
838,0.0104523428021442,0.712246969817377,0.0490891187484952
839,0.0076136451508188,0.989689413271442,0.510457008898927
840,0.00721450582496017,0.991776353126184,0.631205974105061
841,0.0111783311183644,0.592469536770131,0.0231328426096858
842,0.00791453853020579,0.981018406537364,0.425672690448371
843,0.00774300372102026,0.985961617613017,0.474088355862543
844,0.0065209681101706,0.994948571488759,0.831038982565597
845,0.00948014479338785,0.851687431756667,0.123471412055239
846,0.00689181778655994,0.99325231744502,0.729652834178265
847,0.00810191932469948,0.972022663792604,0.375456611256695
848,0.00694301158828199,0.993018158704393,0.715718525187266
849,0.00759980560566264,0.990014004787549,0.514678829627193
850,0.00805077996315698,0.974705860685624,0.388453163593665
851,0.00900569657248184,0.90798982887985,0.186305708739711
852,0.00836965160281784,0.957975198295576,0.308050183428391
853,0.00818870720137436,0.967469048846663,0.35256112811896
854,0.00827521103018542,0.962930337417752,0.329591509827054
855,0.0099266957312968,0.794163717337759,0.0813481229269698
856,0.010135143283334,0.761679287311452,0.0667128940309394
857,0.00903017032043613,0.90586575592019,0.182605239422084
858,0.00838391425251838,0.957226860885636,0.304795000000209
859,0.00926561319055141,0.878792238124912,0.148836770361721
860,0.00923128489934732,0.883129415835503,0.153182512486346
861,0.00796671208269414,0.979116761972946,0.411251141793367
862,0.00699138957736174,0.992796879396821,0.702353310166624
863,0.00872264336949932,0.932555974438061,0.236294220272444
864,0.00691621089754762,0.993140744169414,0.723376861532768
865,0.00931418308532323,0.872655717557731,0.142780870342999
866,0.00621453303120527,0.996350195313536,0.900580833878547
867,0.00810910520572352,0.971645632616309,0.373283562977775
868,0.00712203416645021,0.992199315406227,0.660142298426633
869,0.00785884697813464,0.982623300018317,0.441469322981628
870,0.00577864291202626,0.998343942172053,0.964607316008799
871,0.00677626787656888,0.993780838877166,0.76456614075899
872,0.0079952001253139,0.977622041954159,0.403917418155603
873,0.00845791174611197,0.953344335978934,0.288556798549606
874,0.00824614632806325,0.964455313797559,0.338242032143592
875,0.00792435358864989,0.9807355607066,0.423108650420743
876,0.0061453097059318,0.996666820493203,0.913865916120918
877,0.00773320088712892,0.986244111162254,0.477476082152085
878,0.00620627802328558,0.996387953444273,0.902360996368049
879,0.00682706800970752,0.993548480763501,0.749005112137642
880,0.00841621362265406,0.955532166877332,0.297379206754662
881,0.00944776006784222,0.855779051376328,0.127212749644041
882,0.00766992772673885,0.988067487937597,0.495495457450085
883,0.0111612255341788,0.59526626580781,0.0236244735986383
884,0.00685059182710633,0.99344088360776,0.741953788996798
885,0.00933943600007016,0.869465160290645,0.139671859028114
886,0.00780057781561798,0.984302473889143,0.457236268937587
887,0.00718858894984804,0.991894896048044,0.639312804331886
888,0.00871438372626177,0.933272827651148,0.237904187366298
889,0.00644513814978266,0.995295415196961,0.849448176089075
890,0.00827533263578941,0.962923956974802,0.329554576912892
891,0.00815922459502157,0.969015951963515,0.360194120431884
892,0.00901347274225213,0.907314936257369,0.185068660099729
893,0.00644021488557123,0.995317934043164,0.85085020294881
894,0.00763997562752328,0.988930633728731,0.50371802434762
895,0.00657588838614213,0.994697367979275,0.817706748608701
896,0.0106674634606169,0.677295194552295,0.0394996830894821
897,0.00579686103668493,0.998260613077843,0.962912634421024
898,0.00879404317213742,0.926359196143546,0.223271073216588
899,0.00704750730440621,0.992540198786092,0.684522949513098
900,0.00761817627466807,0.989558837432619,0.509209308713225
901,0.00587499073037329,0.997903250466271,0.954781440884032
902,0.00835561709311855,0.958711565580665,0.311178062478331
903,0.00596689505973068,0.997482883130839,0.942767412299201
904,0.00794234114181869,0.980217203689326,0.418695855913125
905,0.00604065957442544,0.997145486702309,0.9310519079288
906,0.00584477618660823,0.998041450781127,0.957881738381691
907,0.00618937656129067,0.996465260167399,0.905403732521446
908,0.00971768272545496,0.821675910989253,0.0996366453429136
909,0.00747286771699192,0.990594614454133,0.553123208665224
910,0.00669185095006252,0.994166959081828,0.787219357633063
911,0.010569067944056,0.693657823094857,0.0432950974010028
912,0.00913901579639867,0.894787074362866,0.166503244944054
913,0.00723410459771328,0.991686708993666,0.624900208486683
914,0.00931776328310462,0.872203380623024,0.142391177053491
915,0.00852655941357402,0.949574071926922,0.274491157383424
916,0.00857383460463134,0.945471065097927,0.264742513570344
917,0.00580747896133159,0.998212047044852,0.961860136740748
918,0.0068764346880848,0.993322679224078,0.734257291207308
919,0.00683437462345033,0.993515060556079,0.747140157188987
920,0.005934150266718,0.997632656721314,0.947378055267676
921,0.0102680327024182,0.740969823500127,0.0588360911204171
922,0.00846020226005792,0.953224156537545,0.288060743874078
923,0.00541034605095703,1,0.988850636406416
924,0.00732024241060474,0.991292717512108,0.599195648933336
925,0.00798770966565229,0.978015053862894,0.405685941309342
926,0.00808472846354631,0.9729246395671,0.379805766239766
927,0.00689376779650809,0.993243398164593,0.729028479405963
928,0.00966549669500564,0.828269309032964,0.104006773003403
929,0.00710684417435328,0.992268793923155,0.664618080908091
930,0.00749196134674563,0.990507280828836,0.547810079507033
931,0.00697141026334487,0.992888264112381,0.708011228078912
932,0.00791845775478185,0.980905464129789,0.424590704136306
933,0.00746298754667416,0.990639806023444,0.555839747800027
934,0.00718479216809733,0.991912262401065,0.640456500864323
935,0.00780911903196447,0.98405633705287,0.455017087455544
936,0.00589114019084589,0.997829383373012,0.952764237332189
937,0.00604771061393096,0.997113235482919,0.929784803639373
938,0.0070894312017664,0.992348440278658,0.671003061830577
939,0.00918928944812141,0.888435294124649,0.158753097583241
940,0.00568002376755869,0.99879502284771,0.972168161849602
941,0.00968881043303977,0.825323755339335,0.102369148315941
942,0.00855633645399473,0.946989726999679,0.268993776057426
943,0.00950865540248245,0.848085283967098,0.120031876078433
944,0.00655990779979013,0.994770462647942,0.821596962771064
945,0.00667776108517057,0.994231405653634,0.790699057683673
946,0.00803023067025525,0.975784047765098,0.394637097797076
947,0.0066477385098109,0.99436872791141,0.798901788974807
948,0.00674777855391683,0.993911148088225,0.7715523079288
949,0.00743250784598455,0.990779219157224,0.565253614752581
950,0.00565293098415595,0.998918944334849,0.974489435576995
951,0.00812273091090925,0.97093071462131,0.369926786041293
952,0.00771143815880447,0.986871259437293,0.484007001467759
953,0.00916844806865964,0.891068479852483,0.162233145749861
954,0.00809531465650356,0.972369199702482,0.37738148263857
955,0.00787250347271726,0.98222975345132,0.438079608473051
956,0.00872954934027489,0.931956606257431,0.234962217804363
957,0.011278037114147,0.576167804504861,0.0207338057673539
958,0.0107953257522054,0.656032404793266,0.0346664016324569
959,0.00692364201235988,0.993106754498255,0.721459241871755
960,0.00615881896326222,0.996605029601007,0.91108174868465
961,0.0071422850686114,0.992106688455559,0.654443841675957
962,0.00818426440129488,0.967702155146976,0.353516990272643
963,0.00745451584513942,0.990678555303545,0.558854643558233
964,0.0107849522376796,0.657757462710526,0.0351224067949621
965,0.0104585909762008,0.71127325546597,0.0487444945804792
966,0.00629131431898941,0.995999000265571,0.884584923589494
967,0.013701984350575,0.244957762742973,0.00187752083301671
968,0.00711330279227242,0.992239252420331,0.662948836413705
969,0.00660649208950333,0.994557387661413,0.809350627936681
970,0.00727199249818594,0.991513411001306,0.614357942870271
971,0.00735849666719812,0.991117743819078,0.588283182122773
972,0.00844886622191787,0.953818939526598,0.290797188363284
973,0.00751972293386033,0.990380300255839,0.538738307922146
974,0.00827821543740202,0.962772701188714,0.328933218295727
975,0.00762731369295287,0.98929551952366,0.506967522843682
976,0.00734075501530631,0.991198893542753,0.593409455226239
977,0.00637452189121764,0.995618411607018,0.866944919096759
978,0.00745765539216607,0.990664195120218,0.557746160045696
979,0.00851830327602742,0.9501756932633,0.276085039279387
980,0.00774632473789222,0.985865914079362,0.472762113663965
981,0.00763046789710391,0.989204623122117,0.506176341819478
982,0.00829122932226758,0.962089884384121,0.325363365671241
983,0.00703806951860608,0.992583366903382,0.687432153554472
984,0.00880374263779594,0.925517380955824,0.221462991686015
985,0.00942547300101638,0.858594891200595,0.129401012320988
986,0.007793750037789,0.984499233643892,0.459030064516845
987,0.0094346415003318,0.8574365052316,0.128587007214397
988,0.0118737785616637,0.480355272460389,0.012042424196827
989,0.00662316683156746,0.994481117947685,0.805008924748747
990,0.0070808038505558,0.992387901495182,0.673153081578049
991,0.00655737974301016,0.994782025895287,0.822233994884313
992,0.00797820874041538,0.978513551542716,0.407999278447959
993,0.0103400283791876,0.729750029833298,0.0547034870284566
994,0.00785015749025566,0.982873709675279,0.443861547532636
995,0.0104451987388354,0.713360299393041,0.0494831565668619
996,0.0067500931778127,0.993900561075769,0.771007303555434
997,0.00890958164931825,0.916331628823724,0.202424132931632
998,0.00693188169103499,0.993069066482972,0.719102869806731
999,0.00936314555554247,0.866469597391485,0.136602946936015
1000,0.00734161343179118,0.991194967174399,0.593187026892528
