"regime","level","method","budget","recall","precision","hv_selected","from_stage2_only","markers_in_gate"
"E4nd",1,"DIFS",100,0.316666666666667,0.304,0,2.4,1
"E4",2,"DIFS",100,0.336666666666667,0.808,0,14.6,0.498333333333333
"E4nd",2,"DIFS",100,0.727083333333333,0.698,0,9,1
"E8",2,"DIFS",100,0.0291666666666667,0.07,8.6,0.6,1
"E8md",2,"DIFS",100,0.31,0.744,2,9.6,1
"E4nd",3,"DIFS",100,0.791666666666667,0.76,0,12.4,1
"E4",4,"DIFS",100,0.401666666666667,0.964,0,34.8,0.775
"E4nd",4,"DIFS",100,0.933333333333333,0.896,0,3.4,1
"E8",4,"DIFS",100,0.270833333333333,0.65,3.4,0.6,1
"E8md",4,"DIFS",100,0.416666666666667,1,0,7.2,1
"E4nd",5,"DIFS",100,0.94375,0.906,0,1,1
"E4",6,"DIFS",100,0.38,0.912,0,29.6,0.891666666666667
"E8",6,"DIFS",100,0.306666666666667,0.736,2.4,0.2,1
"E8md",6,"DIFS",100,0.416666666666667,1,0,0,1
"E4",8,"DIFS",100,0.315833333333333,0.758,0,1.4,0.895833333333333
"E8",8,"DIFS",100,0.31,0.744,2.4,0.6,1
"E8md",8,"DIFS",100,0.416666666666667,1,0,0,1
"E4nd",1,"DIFS_stage1only",100,0.0708333333333333,0.068,0,NA,1
"E4",2,"DIFS_stage1only",100,0.0766666666666667,0.184,0,NA,0.498333333333333
"E4nd",2,"DIFS_stage1only",100,0.1625,0.156,0,NA,1
"E8",2,"DIFS_stage1only",100,0.0258333333333333,0.062,9.2,NA,1
"E8md",2,"DIFS_stage1only",100,0.0408333333333333,0.098,7.2,NA,1
"E4nd",3,"DIFS_stage1only",100,0.535416666666667,0.514,0,NA,1
"E4",4,"DIFS_stage1only",100,0.236666666666667,0.568,0,NA,0.775
"E4nd",4,"DIFS_stage1only",100,0.814583333333333,0.782,0,NA,1
"E8",4,"DIFS_stage1only",100,0.298333333333333,0.716,2.6,NA,1
"E8md",4,"DIFS_stage1only",100,0.39,0.936,0.8,NA,1
"E4nd",5,"DIFS_stage1only",100,0.85625,0.822,0,NA,1
"E4",6,"DIFS_stage1only",100,0.2,0.48,0,NA,0.891666666666667
"E8",6,"DIFS_stage1only",100,0.416666666666667,1,0,NA,1
"E8md",6,"DIFS_stage1only",100,0.416666666666667,1,0,NA,1
"E4",8,"DIFS_stage1only",100,0.191666666666667,0.46,0,NA,0.895833333333333
"E8",8,"DIFS_stage1only",100,0.416666666666667,1,0,NA,1
"E8md",8,"DIFS_stage1only",100,0.416666666666667,1,0,NA,1
"E4nd",1,"FEAST",100,0,0,0,NA,1
"E4",2,"FEAST",100,0.416666666666667,1,0,NA,0.498333333333333
"E4nd",2,"FEAST",100,0.00625,0.006,0,NA,1
"E8",2,"FEAST",100,0.0416666666666667,0.1,9.4,NA,1
"E8md",2,"FEAST",100,0.416666666666667,1,0,NA,1
"E4nd",3,"FEAST",100,0.00416666666666667,0.004,0,NA,1
"E4",4,"FEAST",100,0.416666666666667,1,0,NA,0.775
"E4nd",4,"FEAST",100,0.0078125,0.0075,0,NA,1
"E8",4,"FEAST",100,0.104166666666667,0.25,7.4,NA,1
"E8md",4,"FEAST",100,0.416666666666667,1,0,NA,1
"E4nd",5,"FEAST",100,0,0,0,NA,1
"E4",6,"FEAST",100,0.416666666666667,1,0,NA,0.891666666666667
"E8",6,"FEAST",100,0.363333333333333,0.872,2.4,NA,1
"E8md",6,"FEAST",100,0.416666666666667,1,0,NA,1
"E4",8,"FEAST",100,0.416666666666667,1,0,NA,0.895833333333333
"E8",8,"FEAST",100,0.416666666666667,1,0,NA,1
"E8md",8,"FEAST",100,0.416666666666667,1,0,NA,1
"E4nd",1,"GateOnly",100,0.0755310804427504,0.0725098372250404,0,NA,1
"E4",2,"GateOnly",100,0.0335011557002486,0.0804027736805966,0,NA,0.498333333333333
"E4nd",2,"GateOnly",100,0.0771663488220441,0.0740796948691623,0,NA,1
"E8",2,"GateOnly",100,0.0333333333333333,0.08,8,NA,1
"E8md",2,"GateOnly",100,0.0333333333333333,0.08,8,NA,1
"E4nd",3,"GateOnly",100,0.0774027520839175,0.0743066420005608,0,NA,1
"E4",4,"GateOnly",100,0.054704258619822,0.131290220687573,0,NA,0.775
"E4nd",4,"GateOnly",100,0.0788358939760257,0.0756824582169847,0,NA,1
"E8",4,"GateOnly",100,0.0333333333333333,0.08,8,NA,1
"E8md",4,"GateOnly",100,0.0333333333333333,0.08,8,NA,1
"E4nd",5,"GateOnly",100,0.0805045178864775,0.0772843371710184,0,NA,1
"E4",6,"GateOnly",100,0.0859948912546501,0.20638773901116,0,NA,0.891666666666667
"E8",6,"GateOnly",100,0.0333333333333333,0.08,8,NA,1
"E8md",6,"GateOnly",100,0.0333333333333333,0.08,8,NA,1
"E4",8,"GateOnly",100,0.193737300262449,0.464969520629878,0,NA,0.895833333333333
"E8",8,"GateOnly",100,0.0333333333333333,0.08,8,NA,1
"E8md",8,"GateOnly",100,0.0333333333333333,0.08,8,NA,1
"E4nd",1,"Seurat",100,0.0333333333333333,0.032,0,NA,1
"E4",2,"Seurat",100,0.416666666666667,1,0,NA,0.498333333333333
"E4nd",2,"Seurat",100,0.835416666666667,0.802,0,NA,1
"E8",2,"Seurat",100,0.123333333333333,0.296,22.8,NA,1
"E8md",2,"Seurat",100,0.310833333333333,0.746,24.4,NA,1
"E4nd",3,"Seurat",100,0.889583333333333,0.854,0,NA,1
"E4",4,"Seurat",100,0.416666666666667,1,0,NA,0.775
"E4nd",4,"Seurat",100,0.747916666666667,0.718,0,NA,1
"E8",4,"Seurat",100,0.255833333333333,0.614,38.4,NA,1
"E8md",4,"Seurat",100,0.325,0.78,22,NA,1
"E4nd",5,"Seurat",100,0.689583333333333,0.662,0,NA,1
"E4",6,"Seurat",100,0.416666666666667,1,0,NA,0.891666666666667
"E8",6,"Seurat",100,0.341666666666667,0.82,18,NA,1
"E8md",6,"Seurat",100,0.379166666666667,0.91,9,NA,1
"E4",8,"Seurat",100,0.416666666666667,1,0,NA,0.895833333333333
"E8",8,"Seurat",100,0.36,0.864,13.6,NA,1
"E8md",8,"Seurat",100,0.373333333333333,0.896,10.4,NA,1
"E4nd",1,"DIFS",200,0.39375,0.189,0,2.8,1
"E4",2,"DIFS",200,0.465,0.558,0,34,0.498333333333333
"E4nd",2,"DIFS",200,0.883333333333333,0.424,0,10.8,1
"E8",2,"DIFS",200,0.0683333333333333,0.082,14.8,2,1
"E8md",2,"DIFS",200,0.540833333333333,0.649,5.4,20.8,1
"E4nd",3,"DIFS",200,0.960416666666667,0.461,0,22.4,1
"E4",4,"DIFS",200,0.628333333333333,0.754,0,70.2,0.775
"E4nd",4,"DIFS",200,0.985416666666667,0.473,0,6,1
"E8",4,"DIFS",200,0.328333333333333,0.394,11.8,1.4,1
"E8md",4,"DIFS",200,0.66,0.792,4.6,33.4,1
"E4nd",5,"DIFS",200,0.991666666666667,0.476,0,2,1
"E4",6,"DIFS",200,0.604166666666667,0.725,0,62.8,0.891666666666667
"E8",6,"DIFS",200,0.54,0.648,7,0.6,1
"E8md",6,"DIFS",200,0.815,0.978,0.4,10.4,1
"E4",8,"DIFS",200,0.575833333333333,0.691,0,2.8,0.895833333333333
"E8",8,"DIFS",200,0.6225,0.747,5.4,1,1
"E8md",8,"DIFS",200,0.831666666666667,0.998,0,0.8,1
"E4nd",1,"DIFS_stage1only",200,0.133333333333333,0.064,0,NA,1
"E4",2,"DIFS_stage1only",200,0.1125,0.135,0,NA,0.498333333333333
"E4nd",2,"DIFS_stage1only",200,0.214583333333333,0.103,0,NA,1
"E8",2,"DIFS_stage1only",200,0.0608333333333333,0.073,20.2,NA,1
"E8md",2,"DIFS_stage1only",200,0.0758333333333333,0.091,18.2,NA,1
"E4nd",3,"DIFS_stage1only",200,0.59375,0.285,0,NA,1
"E4",4,"DIFS_stage1only",200,0.27,0.324,0,NA,0.775
"E4nd",4,"DIFS_stage1only",200,0.858333333333333,0.412,0,NA,1
"E8",4,"DIFS_stage1only",200,0.359166666666667,0.431,12.4,NA,1
"E8md",4,"DIFS_stage1only",200,0.465833333333333,0.559,8.2,NA,1
"E4nd",5,"DIFS_stage1only",200,0.925,0.444,0,NA,1
"E4",6,"DIFS_stage1only",200,0.248333333333333,0.298,0,NA,0.891666666666667
"E8",6,"DIFS_stage1only",200,0.648333333333333,0.778,3.8,NA,1
"E8md",6,"DIFS_stage1only",200,0.760833333333333,0.913,1.2,NA,1
"E4",8,"DIFS_stage1only",200,0.359166666666667,0.431,0,NA,0.895833333333333
"E8",8,"DIFS_stage1only",200,0.72,0.864,3,NA,1
"E8md",8,"DIFS_stage1only",200,0.8175,0.981,0.8,NA,1
"E4nd",1,"FEAST",200,0.00694444444444444,0.00333333333333333,0,NA,1
"E4",2,"FEAST",200,0.833333333333333,1,0,NA,0.498333333333333
"E4nd",2,"FEAST",200,0.0125,0.006,0,NA,1
"E8",2,"FEAST",200,0.0891666666666667,0.107,17.4,NA,1
"E8md",2,"FEAST",200,0.833333333333333,1,0,NA,1
"E4nd",3,"FEAST",200,0.00625,0.003,0,NA,1
"E4",4,"FEAST",200,0.833333333333333,1,0,NA,0.775
"E4nd",4,"FEAST",200,0.0078125,0.00375,0,NA,1
"E8",4,"FEAST",200,0.1525,0.183,15.8,NA,1
"E8md",4,"FEAST",200,0.833333333333333,1,0,NA,1
"E4nd",5,"FEAST",200,0.00520833333333333,0.0025,0,NA,1
"E4",6,"FEAST",200,0.833333333333333,1,0,NA,0.891666666666667
"E8",6,"FEAST",200,0.498333333333333,0.598,9.8,NA,1
"E8md",6,"FEAST",200,0.833333333333333,1,0,NA,1
"E4",8,"FEAST",200,0.833333333333333,1,0,NA,0.895833333333333
"E8",8,"FEAST",200,0.739166666666667,0.887,4.2,NA,1
"E8md",8,"FEAST",200,0.833333333333333,1,0,NA,1
"E4nd",1,"GateOnly",200,0.151062160885501,0.0725098372250404,0,NA,1
"E4",2,"GateOnly",200,0.0670023114004971,0.0804027736805966,0,NA,0.498333333333333
"E4nd",2,"GateOnly",200,0.154332697644088,0.0740796948691623,0,NA,1
"E8",2,"GateOnly",200,0.0666666666666667,0.08,16,NA,1
"E8md",2,"GateOnly",200,0.0666666666666667,0.08,16,NA,1
"E4nd",3,"GateOnly",200,0.154805504167835,0.0743066420005608,0,NA,1
"E4",4,"GateOnly",200,0.109408517239644,0.131290220687573,0,NA,0.775
"E4nd",4,"GateOnly",200,0.157671787952051,0.0756824582169847,0,NA,1
"E8",4,"GateOnly",200,0.0666666666666667,0.08,16,NA,1
"E8md",4,"GateOnly",200,0.0666666666666667,0.08,16,NA,1
"E4nd",5,"GateOnly",200,0.161009035772955,0.0772843371710184,0,NA,1
"E4",6,"GateOnly",200,0.1719897825093,0.20638773901116,0,NA,0.891666666666667
"E8",6,"GateOnly",200,0.0666666666666667,0.08,16,NA,1
"E8md",6,"GateOnly",200,0.0666666666666667,0.08,16,NA,1
"E4",8,"GateOnly",200,0.387474600524899,0.464969520629878,0,NA,0.895833333333333
"E8",8,"GateOnly",200,0.0666666666666667,0.08,16,NA,1
"E8md",8,"GateOnly",200,0.0666666666666667,0.08,16,NA,1
"E4nd",1,"Seurat",200,0.0979166666666667,0.047,0,NA,1
"E4",2,"Seurat",200,0.833333333333333,1,0,NA,0.498333333333333
"E4nd",2,"Seurat",200,0.95,0.456,0,NA,1
"E8",2,"Seurat",200,0.188333333333333,0.226,34.8,NA,1
"E8md",2,"Seurat",200,0.54,0.648,57.8,NA,1
"E4nd",3,"Seurat",200,0.927083333333333,0.445,0,NA,1
"E4",4,"Seurat",200,0.833333333333333,1,0,NA,0.775
"E4nd",4,"Seurat",200,0.772916666666667,0.371,0,NA,1
"E8",4,"Seurat",200,0.484166666666667,0.581,74.8,NA,1
"E8md",4,"Seurat",200,0.583333333333333,0.7,60,NA,1
"E4nd",5,"Seurat",200,0.695833333333333,0.334,0,NA,1
"E4",6,"Seurat",200,0.8325,0.999,0,NA,0.891666666666667
"E8",6,"Seurat",200,0.554166666666667,0.665,66.8,NA,1
"E8md",6,"Seurat",200,0.593333333333333,0.712,57.6,NA,1
"E4",8,"Seurat",200,0.711666666666667,0.854,0,NA,0.895833333333333
"E8",8,"Seurat",200,0.514166666666667,0.617,76.6,NA,1
"E8md",8,"Seurat",200,0.505,0.606,78.8,NA,1
"E4nd",1,"DIFS",500,0.604166666666667,0.116,0,6,1
"E4",2,"DIFS",500,0.606666666666667,0.2912,0,52.2,0.498333333333333
"E4nd",2,"DIFS",500,0.920833333333333,0.1768,0,11,1
"E8",2,"DIFS",500,0.166666666666667,0.08,43.2,4.2,1
"E8md",2,"DIFS",500,0.905,0.4344,27.4,39.2,1
"E4nd",3,"DIFS",500,0.98125,0.1884,0,23.4,1
"E4",4,"DIFS",500,0.94,0.4512,0,134,0.775
"E4nd",4,"DIFS",500,0.99375,0.1908,0,6.2,1
"E8",4,"DIFS",500,0.4525,0.2172,39,4.8,1
"E8md",4,"DIFS",500,0.961666666666667,0.4616,26.2,91.8,1
"E4nd",5,"DIFS",500,0.997916666666667,0.1916,0,2,1
"E4",6,"DIFS",500,0.995833333333333,0.478,0,132.6,0.891666666666667
"E8",6,"DIFS",500,0.726666666666667,0.3488,29.8,1.4,1
"E8md",6,"DIFS",500,0.97,0.4656,26.4,34.2,1
"E4",8,"DIFS",500,1,0.482765432098765,0,31.8,0.895833333333333
"E8",8,"DIFS",500,0.78,0.3744,32.6,3,1
"E8md",8,"DIFS",500,0.984166666666667,0.4724,33.2,13,1
"E4nd",1,"DIFS_stage1only",500,0.352083333333333,0.0676,0,NA,1
"E4",2,"DIFS_stage1only",500,0.218333333333333,0.1048,0,NA,0.498333333333333
"E4nd",2,"DIFS_stage1only",500,0.4125,0.0792,0,NA,1
"E8",2,"DIFS_stage1only",500,0.154166666666667,0.074,46,NA,1
"E8md",2,"DIFS_stage1only",500,0.186666666666667,0.0896,46.4,NA,1
"E4nd",3,"DIFS_stage1only",500,0.725,0.1392,0,NA,1
"E4",4,"DIFS_stage1only",500,0.3825,0.1836,0,NA,0.775
"E4nd",4,"DIFS_stage1only",500,0.929166666666667,0.1784,0,NA,1
"E8",4,"DIFS_stage1only",500,0.460833333333333,0.2212,40.4,NA,1
"E8md",4,"DIFS_stage1only",500,0.560833333333333,0.2692,33.4,NA,1
"E4nd",5,"DIFS_stage1only",500,0.979166666666667,0.188,0,NA,1
"E4",6,"DIFS_stage1only",500,0.443333333333333,0.2128,0,NA,0.891666666666667
"E8",6,"DIFS_stage1only",500,0.7525,0.3612,31.2,NA,1
"E8md",6,"DIFS_stage1only",500,0.83,0.3984,29,NA,1
"E4",8,"DIFS_stage1only",500,0.8675,0.461612377772736,0,NA,0.895833333333333
"E8",8,"DIFS_stage1only",500,0.8,0.384,36.8,NA,1
"E8md",8,"DIFS_stage1only",500,0.93,0.4464,32.6,NA,1
"E4nd",1,"FEAST",500,0.0520833333333333,0.01,0,NA,1
"E4",2,"FEAST",500,1,0.48,0,NA,0.498333333333333
"E4nd",2,"FEAST",500,0.0479166666666667,0.0092,0,NA,1
"E8",2,"FEAST",500,0.185833333333333,0.0892,45,NA,1
"E8md",2,"FEAST",500,0.999166666666667,0.4796,25.6,NA,1
"E4nd",3,"FEAST",500,0.0291666666666667,0.0056,0,NA,1
"E4",4,"FEAST",500,1,0.48,0,NA,0.775
"E4nd",4,"FEAST",500,0.0286458333333333,0.0055,0,NA,1
"E8",4,"FEAST",500,0.294166666666667,0.1412,41,NA,1
"E8md",4,"FEAST",500,1,0.48,24.4,NA,1
"E4nd",5,"FEAST",500,0.0390625,0.0075,0,NA,1
"E4",6,"FEAST",500,1,0.48,0,NA,0.891666666666667
"E8",6,"FEAST",500,0.625,0.3,32.4,NA,1
"E8md",6,"FEAST",500,1,0.48,21.2,NA,1
"E4",8,"FEAST",500,1,0.48,0,NA,0.895833333333333
"E8",8,"FEAST",500,0.851666666666667,0.4088,29.2,NA,1
"E8md",8,"FEAST",500,1,0.48,18.6,NA,1
"E4nd",1,"GateOnly",500,0.377655402213752,0.0725098372250404,0,NA,1
"E4",2,"GateOnly",500,0.167505778501243,0.0804027736805966,0,NA,0.498333333333333
"E4nd",2,"GateOnly",500,0.38583174411022,0.0740796948691623,0,NA,1
"E8",2,"GateOnly",500,0.166666666666667,0.08,40,NA,1
"E8md",2,"GateOnly",500,0.166666666666667,0.08,40,NA,1
"E4nd",3,"GateOnly",500,0.387013760419588,0.0743066420005608,0,NA,1
"E4",4,"GateOnly",500,0.27352129309911,0.131290220687573,0,NA,0.775
"E4nd",4,"GateOnly",500,0.394179469880128,0.0756824582169847,0,NA,1
"E8",4,"GateOnly",500,0.166666666666667,0.08,40,NA,1
"E8md",4,"GateOnly",500,0.166666666666667,0.08,40,NA,1
"E4nd",5,"GateOnly",500,0.402522589432387,0.0772843371710184,0,NA,1
"E4",6,"GateOnly",500,0.42997445627325,0.20638773901116,0,NA,0.891666666666667
"E8",6,"GateOnly",500,0.166666666666667,0.08,40,NA,1
"E8md",6,"GateOnly",500,0.166666666666667,0.08,40,NA,1
"E4",8,"GateOnly",500,0.874494047619048,0.464969520629878,0,NA,0.895833333333333
"E8",8,"GateOnly",500,0.166666666666667,0.08,40,NA,1
"E8md",8,"GateOnly",500,0.166666666666667,0.08,40,NA,1
"E4nd",1,"Seurat",500,0.2375,0.0456,0,NA,1
"E4",2,"Seurat",500,0.998333333333333,0.4792,0,NA,0.498333333333333
"E4nd",2,"Seurat",500,0.985416666666667,0.1892,0,NA,1
"E8",2,"Seurat",500,0.355833333333333,0.1708,65.6,NA,1
"E8md",2,"Seurat",500,0.8075,0.3876,122,NA,1
"E4nd",3,"Seurat",500,0.964583333333333,0.1852,0,NA,1
"E4",4,"Seurat",500,0.993333333333333,0.4768,0,NA,0.775
"E4nd",4,"Seurat",500,0.7875,0.1512,0,NA,1
"E8",4,"Seurat",500,0.768333333333333,0.3688,135,NA,1
"E8md",4,"Seurat",500,0.954166666666667,0.458,209,NA,1
"E4nd",5,"Seurat",500,0.73125,0.1404,0,NA,1
"E4",6,"Seurat",500,0.9025,0.4332,0,NA,0.891666666666667
"E8",6,"Seurat",500,0.8075,0.3876,170.8,NA,1
"E8md",6,"Seurat",500,0.878333333333333,0.4216,230.2,NA,1
"E4",8,"Seurat",500,0.729166666666667,0.35,0,NA,0.895833333333333
"E8",8,"Seurat",500,0.708333333333333,0.34,191,NA,1
"E8md",8,"Seurat",500,0.773333333333333,0.3712,230.6,NA,1
