"regime","level","r","index","method","budget","n_selected","recall","precision","hv_selected","from_stage2_only","markers_in_gate"
"E8",2,1,1,"DIFS_stage1only",100,100,0.0333333333333333,0.08,9,NA,1
"E8",2,1,1,"Seurat",100,100,0.116666666666667,0.28,21,NA,1
"E8",2,1,1,"FEAST",100,100,0.0458333333333333,0.11,12,NA,1
"E8",2,1,1,"DIFS",100,100,0.025,0.06,8,1,1
"E8",2,1,1,"GateOnly",100,100,0.0333333333333333,0.08,8,NA,1
"E8",2,1,1,"DIFS_stage1only",200,200,0.075,0.09,23,NA,1
"E8",2,1,1,"Seurat",200,200,0.183333333333333,0.22,36,NA,1
"E8",2,1,1,"FEAST",200,200,0.0916666666666667,0.11,19,NA,1
"E8",2,1,1,"DIFS",200,200,0.0666666666666667,0.08,20,2,1
"E8",2,1,1,"GateOnly",200,200,0.0666666666666667,0.08,16,NA,1
"E8",2,1,1,"DIFS_stage1only",500,500,0.179166666666667,0.086,52,NA,1
"E8",2,1,1,"Seurat",500,500,0.379166666666667,0.182,71,NA,1
"E8",2,1,1,"FEAST",500,500,0.15,0.072,44,NA,1
"E8",2,1,1,"DIFS",500,500,0.170833333333333,0.082,56,5,1
"E8",2,1,1,"GateOnly",500,500,0.166666666666667,0.08,40,NA,1
"E8",2,2,2,"DIFS_stage1only",100,100,0.0333333333333333,0.08,8,NA,1
"E8",2,2,2,"Seurat",100,100,0.129166666666667,0.31,24,NA,1
"E8",2,2,2,"FEAST",100,100,0.0375,0.09,5,NA,1
"E8",2,2,2,"DIFS",100,100,0.0416666666666667,0.1,11,0,1
"E8",2,2,2,"GateOnly",100,100,0.0333333333333333,0.08,8,NA,1
"E8",2,2,2,"DIFS_stage1only",200,200,0.0625,0.075,17,NA,1
"E8",2,2,2,"Seurat",200,200,0.1875,0.225,39,NA,1
"E8",2,2,2,"FEAST",200,200,0.0958333333333333,0.115,18,NA,1
"E8",2,2,2,"DIFS",200,200,0.0958333333333333,0.115,16,1,1
"E8",2,2,2,"GateOnly",200,200,0.0666666666666667,0.08,16,NA,1
"E8",2,2,2,"DIFS_stage1only",500,500,0.158333333333333,0.076,39,NA,1
"E8",2,2,2,"Seurat",500,500,0.354166666666667,0.17,68,NA,1
"E8",2,2,2,"FEAST",500,500,0.191666666666667,0.092,49,NA,1
"E8",2,2,2,"DIFS",500,500,0.170833333333333,0.082,38,4,1
"E8",2,2,2,"GateOnly",500,500,0.166666666666667,0.08,40,NA,1
"E8",2,3,3,"DIFS_stage1only",100,100,0.0166666666666667,0.04,8,NA,1
"E8",2,3,3,"Seurat",100,100,0.0875,0.21,20,NA,1
"E8",2,3,3,"FEAST",100,100,0.0375,0.09,12,NA,1
"E8",2,3,3,"DIFS",100,100,0.0375,0.09,7,1,1
"E8",2,3,3,"GateOnly",100,100,0.0333333333333333,0.08,8,NA,1
"E8",2,3,3,"DIFS_stage1only",200,200,0.0458333333333333,0.055,20,NA,1
"E8",2,3,3,"Seurat",200,200,0.170833333333333,0.205,26,NA,1
"E8",2,3,3,"FEAST",200,200,0.0916666666666667,0.11,19,NA,1
"E8",2,3,3,"DIFS",200,200,0.0666666666666667,0.08,10,2,1
"E8",2,3,3,"GateOnly",200,200,0.0666666666666667,0.08,16,NA,1
"E8",2,3,3,"DIFS_stage1only",500,500,0.133333333333333,0.064,50,NA,1
"E8",2,3,3,"Seurat",500,500,0.329166666666667,0.158,60,NA,1
"E8",2,3,3,"FEAST",500,500,0.204166666666667,0.098,46,NA,1
"E8",2,3,3,"DIFS",500,500,0.166666666666667,0.08,39,6,1
"E8",2,3,3,"GateOnly",500,500,0.166666666666667,0.08,40,NA,1
"E8",2,4,4,"DIFS_stage1only",100,100,0.0166666666666667,0.04,14,NA,1
"E8",2,4,4,"Seurat",100,100,0.120833333333333,0.29,26,NA,1
"E8",2,4,4,"FEAST",100,100,0.0541666666666667,0.13,8,NA,1
"E8",2,4,4,"DIFS",100,100,0.0166666666666667,0.04,10,1,1
"E8",2,4,4,"GateOnly",100,100,0.0333333333333333,0.08,8,NA,1
"E8",2,4,4,"DIFS_stage1only",200,200,0.05,0.06,26,NA,1
"E8",2,4,4,"Seurat",200,200,0.183333333333333,0.22,33,NA,1
"E8",2,4,4,"FEAST",200,200,0.0916666666666667,0.11,14,NA,1
"E8",2,4,4,"DIFS",200,200,0.0416666666666667,0.05,17,3,1
"E8",2,4,4,"GateOnly",200,200,0.0666666666666667,0.08,16,NA,1
"E8",2,4,4,"DIFS_stage1only",500,500,0.120833333333333,0.058,51,NA,1
"E8",2,4,4,"Seurat",500,500,0.366666666666667,0.176,61,NA,1
"E8",2,4,4,"FEAST",500,500,0.2,0.096,39,NA,1
"E8",2,4,4,"DIFS",500,500,0.141666666666667,0.068,48,5,1
"E8",2,4,4,"GateOnly",500,500,0.166666666666667,0.08,40,NA,1
"E8",2,5,5,"DIFS_stage1only",100,100,0.0291666666666667,0.07,7,NA,1
"E8",2,5,5,"Seurat",100,100,0.1625,0.39,23,NA,1
"E8",2,5,5,"FEAST",100,100,0.0333333333333333,0.08,10,NA,1
"E8",2,5,5,"DIFS",100,100,0.025,0.06,7,0,1
"E8",2,5,5,"GateOnly",100,100,0.0333333333333333,0.08,8,NA,1
"E8",2,5,5,"DIFS_stage1only",200,200,0.0708333333333333,0.085,15,NA,1
"E8",2,5,5,"Seurat",200,200,0.216666666666667,0.26,40,NA,1
"E8",2,5,5,"FEAST",200,200,0.075,0.09,17,NA,1
"E8",2,5,5,"DIFS",200,200,0.0708333333333333,0.085,11,2,1
"E8",2,5,5,"GateOnly",200,200,0.0666666666666667,0.08,16,NA,1
"E8",2,5,5,"DIFS_stage1only",500,500,0.179166666666667,0.086,38,NA,1
"E8",2,5,5,"Seurat",500,500,0.35,0.168,68,NA,1
"E8",2,5,5,"FEAST",500,500,0.183333333333333,0.088,47,NA,1
"E8",2,5,5,"DIFS",500,500,0.183333333333333,0.088,35,1,1
"E8",2,5,5,"GateOnly",500,500,0.166666666666667,0.08,40,NA,1
"E8",4,1,6,"DIFS_stage1only",100,100,0.3125,0.75,3,NA,1
"E8",4,1,6,"Seurat",100,100,0.245833333333333,0.59,40,NA,1
"E8",4,1,6,"FEAST",100,100,0.0625,0.15,10,NA,1
"E8",4,1,6,"DIFS",100,100,0.275,0.66,4,1,1
"E8",4,1,6,"GateOnly",100,100,0.0333333333333333,0.08,8,NA,1
"E8",4,1,6,"DIFS_stage1only",200,200,0.391666666666667,0.47,12,NA,1
"E8",4,1,6,"Seurat",200,200,0.458333333333333,0.55,80,NA,1
"E8",4,1,6,"FEAST",200,200,0.116666666666667,0.14,20,NA,1
"E8",4,1,6,"DIFS",200,200,0.341666666666667,0.41,10,3,1
"E8",4,1,6,"GateOnly",200,200,0.0666666666666667,0.08,16,NA,1
"E8",4,1,6,"DIFS_stage1only",500,500,0.4875,0.234,43,NA,1
"E8",4,1,6,"Seurat",500,500,0.754166666666667,0.362,137,NA,1
"E8",4,1,6,"FEAST",500,500,0.245833333333333,0.118,43,NA,1
"E8",4,1,6,"DIFS",500,500,0.491666666666667,0.236,39,4,1
"E8",4,1,6,"GateOnly",500,500,0.166666666666667,0.08,40,NA,1
"E8",4,2,7,"DIFS_stage1only",100,100,0.329166666666667,0.79,3,NA,1
"E8",4,2,7,"Seurat",100,100,0.25,0.6,40,NA,1
"E8",4,2,7,"FEAST",100,100,0.129166666666667,0.31,6,NA,1
"E8",4,2,7,"DIFS",100,100,0.3,0.72,3,1,1
"E8",4,2,7,"GateOnly",100,100,0.0333333333333333,0.08,8,NA,1
"E8",4,2,7,"DIFS_stage1only",200,200,0.4,0.48,13,NA,1
"E8",4,2,7,"Seurat",200,200,0.4875,0.585,78,NA,1
"E8",4,2,7,"FEAST",200,200,0.1625,0.195,13,NA,1
"E8",4,2,7,"DIFS",200,200,0.354166666666667,0.425,9,1,1
"E8",4,2,7,"GateOnly",200,200,0.0666666666666667,0.08,16,NA,1
"E8",4,2,7,"DIFS_stage1only",500,500,0.495833333333333,0.238,40,NA,1
"E8",4,2,7,"Seurat",500,500,0.775,0.372,147,NA,1
"E8",4,2,7,"FEAST",500,500,0.320833333333333,0.154,36,NA,1
"E8",4,2,7,"DIFS",500,500,0.470833333333333,0.226,37,5,1
"E8",4,2,7,"GateOnly",500,500,0.166666666666667,0.08,40,NA,1
"E8",4,3,8,"DIFS_stage1only",100,100,0.291666666666667,0.7,2,NA,1
"E8",4,3,8,"Seurat",100,100,0.2375,0.57,43,NA,1
"E8",4,3,8,"FEAST",100,100,0.125,0.3,8,NA,1
"E8",4,3,8,"DIFS",100,100,0.254166666666667,0.61,1,1,1
"E8",4,3,8,"GateOnly",100,100,0.0333333333333333,0.08,8,NA,1
"E8",4,3,8,"DIFS_stage1only",200,200,0.35,0.42,16,NA,1
"E8",4,3,8,"Seurat",200,200,0.475,0.57,75,NA,1
"E8",4,3,8,"FEAST",200,200,0.170833333333333,0.205,17,NA,1
"E8",4,3,8,"DIFS",200,200,0.333333333333333,0.4,13,1,1
"E8",4,3,8,"GateOnly",200,200,0.0666666666666667,0.08,16,NA,1
"E8",4,3,8,"DIFS_stage1only",500,500,0.4375,0.21,42,NA,1
"E8",4,3,8,"Seurat",500,500,0.770833333333333,0.37,134,NA,1
"E8",4,3,8,"FEAST",500,500,0.320833333333333,0.154,45,NA,1
"E8",4,3,8,"DIFS",500,500,0.45,0.216,44,4,1
"E8",4,3,8,"GateOnly",500,500,0.166666666666667,0.08,40,NA,1
"E8",4,4,9,"DIFS_stage1only",100,100,0.304166666666667,0.73,2,NA,1
"E8",4,4,9,"Seurat",100,100,0.266666666666667,0.64,36,NA,1
"E8",4,4,9,"FEAST",100,100,0.075,0.18,6,NA,1
"E8",4,4,9,"DIFS",100,100,0.279166666666667,0.67,3,0,1
"E8",4,4,9,"GateOnly",100,100,0.0333333333333333,0.08,8,NA,1
"E8",4,4,9,"DIFS_stage1only",200,200,0.354166666666667,0.425,6,NA,1
"E8",4,4,9,"Seurat",200,200,0.491666666666667,0.59,68,NA,1
"E8",4,4,9,"FEAST",200,200,0.133333333333333,0.16,12,NA,1
"E8",4,4,9,"DIFS",200,200,0.325,0.39,13,2,1
"E8",4,4,9,"GateOnly",200,200,0.0666666666666667,0.08,16,NA,1
"E8",4,4,9,"DIFS_stage1only",500,500,0.429166666666667,0.206,35,NA,1
"E8",4,4,9,"Seurat",500,500,0.725,0.348,127,NA,1
"E8",4,4,9,"FEAST",500,500,0.283333333333333,0.136,40,NA,1
"E8",4,4,9,"DIFS",500,500,0.420833333333333,0.202,31,10,1
"E8",4,4,9,"GateOnly",500,500,0.166666666666667,0.08,40,NA,1
"E8",4,5,10,"DIFS_stage1only",100,100,0.254166666666667,0.61,3,NA,1
"E8",4,5,10,"Seurat",100,100,0.279166666666667,0.67,33,NA,1
"E8",4,5,10,"FEAST",100,100,0.129166666666667,0.31,7,NA,1
"E8",4,5,10,"DIFS",100,100,0.245833333333333,0.59,6,0,1
"E8",4,5,10,"GateOnly",100,100,0.0333333333333333,0.08,8,NA,1
"E8",4,5,10,"DIFS_stage1only",200,200,0.3,0.36,15,NA,1
"E8",4,5,10,"Seurat",200,200,0.508333333333333,0.61,73,NA,1
"E8",4,5,10,"FEAST",200,200,0.179166666666667,0.215,17,NA,1
"E8",4,5,10,"DIFS",200,200,0.2875,0.345,14,0,1
"E8",4,5,10,"GateOnly",200,200,0.0666666666666667,0.08,16,NA,1
"E8",4,5,10,"DIFS_stage1only",500,500,0.454166666666667,0.218,42,NA,1
"E8",4,5,10,"Seurat",500,500,0.816666666666667,0.392,130,NA,1
"E8",4,5,10,"FEAST",500,500,0.3,0.144,41,NA,1
"E8",4,5,10,"DIFS",500,500,0.429166666666667,0.206,44,1,1
"E8",4,5,10,"GateOnly",500,500,0.166666666666667,0.08,40,NA,1
"E8",6,1,11,"DIFS_stage1only",100,100,0.416666666666667,1,0,NA,1
"E8",6,1,11,"Seurat",100,100,0.3375,0.81,19,NA,1
"E8",6,1,11,"FEAST",100,100,0.383333333333333,0.92,0,NA,1
"E8",6,1,11,"DIFS",100,100,0.266666666666667,0.64,2,0,1
"E8",6,1,11,"GateOnly",100,100,0.0333333333333333,0.08,8,NA,1
"E8",6,1,11,"DIFS_stage1only",200,200,0.695833333333333,0.835,2,NA,1
"E8",6,1,11,"Seurat",200,200,0.533333333333333,0.64,71,NA,1
"E8",6,1,11,"FEAST",200,200,0.529166666666667,0.635,12,NA,1
"E8",6,1,11,"DIFS",200,200,0.5375,0.645,6,0,1
"E8",6,1,11,"GateOnly",200,200,0.0666666666666667,0.08,16,NA,1
"E8",6,1,11,"DIFS_stage1only",500,500,0.804166666666667,0.386,41,NA,1
"E8",6,1,11,"Seurat",500,500,0.766666666666667,0.368,182,NA,1
"E8",6,1,11,"FEAST",500,500,0.7,0.336,39,NA,1
"E8",6,1,11,"DIFS",500,500,0.7625,0.366,28,2,1
"E8",6,1,11,"GateOnly",500,500,0.166666666666667,0.08,40,NA,1
"E8",6,2,12,"DIFS_stage1only",100,100,0.416666666666667,1,0,NA,1
"E8",6,2,12,"Seurat",100,100,0.358333333333333,0.86,14,NA,1
"E8",6,2,12,"FEAST",100,100,0.4,0.96,0,NA,1
"E8",6,2,12,"DIFS",100,100,0.283333333333333,0.68,4,0,1
"E8",6,2,12,"GateOnly",100,100,0.0333333333333333,0.08,8,NA,1
"E8",6,2,12,"DIFS_stage1only",200,200,0.608333333333333,0.73,4,NA,1
"E8",6,2,12,"Seurat",200,200,0.583333333333333,0.7,60,NA,1
"E8",6,2,12,"FEAST",200,200,0.55,0.66,5,NA,1
"E8",6,2,12,"DIFS",200,200,0.433333333333333,0.52,7,0,1
"E8",6,2,12,"GateOnly",200,200,0.0666666666666667,0.08,16,NA,1
"E8",6,2,12,"DIFS_stage1only",500,500,0.729166666666667,0.35,25,NA,1
"E8",6,2,12,"Seurat",500,500,0.8125,0.39,166,NA,1
"E8",6,2,12,"FEAST",500,500,0.65,0.312,28,NA,1
"E8",6,2,12,"DIFS",500,500,0.6875,0.33,32,0,1
"E8",6,2,12,"GateOnly",500,500,0.166666666666667,0.08,40,NA,1
"E8",6,3,13,"DIFS_stage1only",100,100,0.416666666666667,1,0,NA,1
"E8",6,3,13,"Seurat",100,100,0.3375,0.81,19,NA,1
"E8",6,3,13,"FEAST",100,100,0.3625,0.87,2,NA,1
"E8",6,3,13,"DIFS",100,100,0.329166666666667,0.79,2,1,1
"E8",6,3,13,"GateOnly",100,100,0.0333333333333333,0.08,8,NA,1
"E8",6,3,13,"DIFS_stage1only",200,200,0.641666666666667,0.77,5,NA,1
"E8",6,3,13,"Seurat",200,200,0.566666666666667,0.68,64,NA,1
"E8",6,3,13,"FEAST",200,200,0.470833333333333,0.565,9,NA,1
"E8",6,3,13,"DIFS",200,200,0.5375,0.645,10,2,1
"E8",6,3,13,"GateOnly",200,200,0.0666666666666667,0.08,16,NA,1
"E8",6,3,13,"DIFS_stage1only",500,500,0.75,0.36,25,NA,1
"E8",6,3,13,"Seurat",500,500,0.841666666666667,0.404,164,NA,1
"E8",6,3,13,"FEAST",500,500,0.583333333333333,0.28,33,NA,1
"E8",6,3,13,"DIFS",500,500,0.725,0.348,31,2,1
"E8",6,3,13,"GateOnly",500,500,0.166666666666667,0.08,40,NA,1
"E8",6,4,14,"DIFS_stage1only",100,100,0.416666666666667,1,0,NA,1
"E8",6,4,14,"Seurat",100,100,0.3125,0.75,25,NA,1
"E8",6,4,14,"FEAST",100,100,0.2875,0.69,6,NA,1
"E8",6,4,14,"DIFS",100,100,0.3375,0.81,2,0,1
"E8",6,4,14,"GateOnly",100,100,0.0333333333333333,0.08,8,NA,1
"E8",6,4,14,"DIFS_stage1only",200,200,0.683333333333333,0.82,3,NA,1
"E8",6,4,14,"Seurat",200,200,0.5125,0.615,77,NA,1
"E8",6,4,14,"FEAST",200,200,0.4375,0.525,13,NA,1
"E8",6,4,14,"DIFS",200,200,0.604166666666667,0.725,6,1,1
"E8",6,4,14,"GateOnly",200,200,0.0666666666666667,0.08,16,NA,1
"E8",6,4,14,"DIFS_stage1only",500,500,0.766666666666667,0.368,29,NA,1
"E8",6,4,14,"Seurat",500,500,0.8125,0.39,170,NA,1
"E8",6,4,14,"FEAST",500,500,0.591666666666667,0.284,31,NA,1
"E8",6,4,14,"DIFS",500,500,0.7625,0.366,29,3,1
"E8",6,4,14,"GateOnly",500,500,0.166666666666667,0.08,40,NA,1
"E8",6,5,15,"DIFS_stage1only",100,100,0.416666666666667,1,0,NA,1
"E8",6,5,15,"Seurat",100,100,0.3625,0.87,13,NA,1
"E8",6,5,15,"FEAST",100,100,0.383333333333333,0.92,4,NA,1
"E8",6,5,15,"DIFS",100,100,0.316666666666667,0.76,2,0,1
"E8",6,5,15,"GateOnly",100,100,0.0333333333333333,0.08,8,NA,1
"E8",6,5,15,"DIFS_stage1only",200,200,0.6125,0.735,5,NA,1
"E8",6,5,15,"Seurat",200,200,0.575,0.69,62,NA,1
"E8",6,5,15,"FEAST",200,200,0.504166666666667,0.605,10,NA,1
"E8",6,5,15,"DIFS",200,200,0.5875,0.705,6,0,1
"E8",6,5,15,"GateOnly",200,200,0.0666666666666667,0.08,16,NA,1
"E8",6,5,15,"DIFS_stage1only",500,500,0.7125,0.342,36,NA,1
"E8",6,5,15,"Seurat",500,500,0.804166666666667,0.386,172,NA,1
"E8",6,5,15,"FEAST",500,500,0.6,0.288,31,NA,1
"E8",6,5,15,"DIFS",500,500,0.695833333333333,0.334,29,0,1
"E8",6,5,15,"GateOnly",500,500,0.166666666666667,0.08,40,NA,1
"E8",8,1,16,"DIFS_stage1only",100,100,0.416666666666667,1,0,NA,1
"E8",8,1,16,"Seurat",100,100,0.395833333333333,0.95,5,NA,1
"E8",8,1,16,"FEAST",100,100,0.416666666666667,1,0,NA,1
"E8",8,1,16,"DIFS",100,100,0.358333333333333,0.86,1,2,1
"E8",8,1,16,"GateOnly",100,100,0.0333333333333333,0.08,8,NA,1
"E8",8,1,16,"DIFS_stage1only",200,200,0.695833333333333,0.835,6,NA,1
"E8",8,1,16,"Seurat",200,200,0.558333333333333,0.67,66,NA,1
"E8",8,1,16,"FEAST",200,200,0.725,0.87,5,NA,1
"E8",8,1,16,"DIFS",200,200,0.675,0.81,5,3,1
"E8",8,1,16,"GateOnly",200,200,0.0666666666666667,0.08,16,NA,1
"E8",8,1,16,"DIFS_stage1only",500,500,0.75,0.36,44,NA,1
"E8",8,1,16,"Seurat",500,500,0.75,0.36,188,NA,1
"E8",8,1,16,"FEAST",500,500,0.8125,0.39,25,NA,1
"E8",8,1,16,"DIFS",500,500,0.745833333333333,0.358,39,4,1
"E8",8,1,16,"GateOnly",500,500,0.166666666666667,0.08,40,NA,1
"E8",8,2,17,"DIFS_stage1only",100,100,0.416666666666667,1,0,NA,1
"E8",8,2,17,"Seurat",100,100,0.3875,0.93,7,NA,1
"E8",8,2,17,"FEAST",100,100,0.416666666666667,1,0,NA,1
"E8",8,2,17,"DIFS",100,100,0.2875,0.69,4,0,1
"E8",8,2,17,"GateOnly",100,100,0.0333333333333333,0.08,8,NA,1
"E8",8,2,17,"DIFS_stage1only",200,200,0.658333333333333,0.79,4,NA,1
"E8",8,2,17,"Seurat",200,200,0.541666666666667,0.65,70,NA,1
"E8",8,2,17,"FEAST",200,200,0.695833333333333,0.835,6,NA,1
"E8",8,2,17,"DIFS",200,200,0.608333333333333,0.73,6,0,1
"E8",8,2,17,"GateOnly",200,200,0.0666666666666667,0.08,16,NA,1
"E8",8,2,17,"DIFS_stage1only",500,500,0.804166666666667,0.386,32,NA,1
"E8",8,2,17,"Seurat",500,500,0.7625,0.366,198,NA,1
"E8",8,2,17,"FEAST",500,500,0.8625,0.414,35,NA,1
"E8",8,2,17,"DIFS",500,500,0.745833333333333,0.358,34,2,1
"E8",8,2,17,"GateOnly",500,500,0.166666666666667,0.08,40,NA,1
"E8",8,3,18,"DIFS_stage1only",100,100,0.416666666666667,1,0,NA,1
"E8",8,3,18,"Seurat",100,100,0.333333333333333,0.8,20,NA,1
"E8",8,3,18,"FEAST",100,100,0.416666666666667,1,0,NA,1
"E8",8,3,18,"DIFS",100,100,0.333333333333333,0.8,2,1,1
"E8",8,3,18,"GateOnly",100,100,0.0333333333333333,0.08,8,NA,1
"E8",8,3,18,"DIFS_stage1only",200,200,0.758333333333333,0.91,0,NA,1
"E8",8,3,18,"Seurat",200,200,0.479166666666667,0.575,85,NA,1
"E8",8,3,18,"FEAST",200,200,0.766666666666667,0.92,2,NA,1
"E8",8,3,18,"DIFS",200,200,0.645833333333333,0.775,6,1,1
"E8",8,3,18,"GateOnly",200,200,0.0666666666666667,0.08,16,NA,1
"E8",8,3,18,"DIFS_stage1only",500,500,0.795833333333333,0.382,36,NA,1
"E8",8,3,18,"Seurat",500,500,0.683333333333333,0.328,194,NA,1
"E8",8,3,18,"FEAST",500,500,0.866666666666667,0.416,29,NA,1
"E8",8,3,18,"DIFS",500,500,0.791666666666667,0.38,35,1,1
"E8",8,3,18,"GateOnly",500,500,0.166666666666667,0.08,40,NA,1
"E8",8,4,19,"DIFS_stage1only",100,100,0.416666666666667,1,0,NA,1
"E8",8,4,19,"Seurat",100,100,0.341666666666667,0.82,18,NA,1
"E8",8,4,19,"FEAST",100,100,0.416666666666667,1,0,NA,1
"E8",8,4,19,"DIFS",100,100,0.3,0.72,2,0,1
"E8",8,4,19,"GateOnly",100,100,0.0333333333333333,0.08,8,NA,1
"E8",8,4,19,"DIFS_stage1only",200,200,0.745833333333333,0.895,4,NA,1
"E8",8,4,19,"Seurat",200,200,0.5,0.6,80,NA,1
"E8",8,4,19,"FEAST",200,200,0.804166666666667,0.965,1,NA,1
"E8",8,4,19,"DIFS",200,200,0.658333333333333,0.79,4,1,1
"E8",8,4,19,"GateOnly",200,200,0.0666666666666667,0.08,16,NA,1
"E8",8,4,19,"DIFS_stage1only",500,500,0.8375,0.402,39,NA,1
"E8",8,4,19,"Seurat",500,500,0.695833333333333,0.334,187,NA,1
"E8",8,4,19,"FEAST",500,500,0.9,0.432,24,NA,1
"E8",8,4,19,"DIFS",500,500,0.8125,0.39,24,4,1
"E8",8,4,19,"GateOnly",500,500,0.166666666666667,0.08,40,NA,1
"E8",8,5,20,"DIFS_stage1only",100,100,0.416666666666667,1,0,NA,1
"E8",8,5,20,"Seurat",100,100,0.341666666666667,0.82,18,NA,1
"E8",8,5,20,"FEAST",100,100,0.416666666666667,1,0,NA,1
"E8",8,5,20,"DIFS",100,100,0.270833333333333,0.65,3,0,1
"E8",8,5,20,"GateOnly",100,100,0.0333333333333333,0.08,8,NA,1
"E8",8,5,20,"DIFS_stage1only",200,200,0.741666666666667,0.89,1,NA,1
"E8",8,5,20,"Seurat",200,200,0.491666666666667,0.59,82,NA,1
"E8",8,5,20,"FEAST",200,200,0.704166666666667,0.845,7,NA,1
"E8",8,5,20,"DIFS",200,200,0.525,0.63,6,0,1
"E8",8,5,20,"GateOnly",200,200,0.0666666666666667,0.08,16,NA,1
"E8",8,5,20,"DIFS_stage1only",500,500,0.8125,0.39,33,NA,1
"E8",8,5,20,"Seurat",500,500,0.65,0.312,188,NA,1
"E8",8,5,20,"FEAST",500,500,0.816666666666667,0.392,33,NA,1
"E8",8,5,20,"DIFS",500,500,0.804166666666667,0.386,31,4,1
"E8",8,5,20,"GateOnly",500,500,0.166666666666667,0.08,40,NA,1
"E4nd",1,1,21,"DIFS_stage1only",100,100,0.0833333333333333,0.08,0,NA,1
"E4nd",1,1,21,"Seurat",100,100,0.0625,0.06,0,NA,1
"E4nd",1,1,21,"DIFS",100,100,0.239583333333333,0.23,0,5,1
"E4nd",1,1,21,"GateOnly",100,100,0.0751314800901578,0.0721262208865515,0,NA,1
"E4nd",1,1,21,"DIFS_stage1only",200,200,0.15625,0.075,0,NA,1
"E4nd",1,1,21,"Seurat",200,200,0.104166666666667,0.05,0,NA,1
"E4nd",1,1,21,"DIFS",200,200,0.3125,0.15,0,5,1
"E4nd",1,1,21,"GateOnly",200,200,0.150262960180316,0.0721262208865515,0,NA,1
"E4nd",1,1,21,"DIFS_stage1only",500,500,0.375,0.072,0,NA,1
"E4nd",1,1,21,"Seurat",500,500,0.229166666666667,0.044,0,NA,1
"E4nd",1,1,21,"DIFS",500,500,0.520833333333333,0.1,0,5,1
"E4nd",1,1,21,"GateOnly",500,500,0.375657400450789,0.0721262208865515,0,NA,1
"E4nd",1,2,22,"DIFS_stage1only",100,100,0.0625,0.06,0,NA,1
"E4nd",1,2,22,"Seurat",100,100,0.0208333333333333,0.02,0,NA,1
"E4nd",1,2,22,"FEAST",100,100,0,0,0,NA,1
"E4nd",1,2,22,"DIFS",100,100,0.552083333333333,0.53,0,7,1
"E4nd",1,2,22,"GateOnly",100,100,0.0754716981132075,0.0724528301886792,0,NA,1
"E4nd",1,2,22,"DIFS_stage1only",200,200,0.114583333333333,0.055,0,NA,1
"E4nd",1,2,22,"Seurat",200,200,0.0729166666666667,0.035,0,NA,1
"E4nd",1,2,22,"FEAST",200,200,0,0,0,NA,1
"E4nd",1,2,22,"DIFS",200,200,0.572916666666667,0.275,0,7,1
"E4nd",1,2,22,"GateOnly",200,200,0.150943396226415,0.0724528301886792,0,NA,1
"E4nd",1,2,22,"DIFS_stage1only",500,500,0.333333333333333,0.064,0,NA,1
"E4nd",1,2,22,"Seurat",500,500,0.239583333333333,0.046,0,NA,1
"E4nd",1,2,22,"FEAST",500,500,0.0208333333333333,0.004,0,NA,1
"E4nd",1,2,22,"DIFS",500,500,0.75,0.144,0,8,1
"E4nd",1,2,22,"GateOnly",500,500,0.377358490566038,0.0724528301886792,0,NA,1
"E4nd",1,3,23,"DIFS_stage1only",100,100,0.09375,0.09,0,NA,1
"E4nd",1,3,23,"Seurat",100,100,0.0104166666666667,0.01,0,NA,1
"E4nd",1,3,23,"DIFS",100,100,0.395833333333333,0.38,0,0,1
"E4nd",1,3,23,"GateOnly",100,100,0.0759878419452888,0.0729483282674772,0,NA,1
"E4nd",1,3,23,"DIFS_stage1only",200,200,0.125,0.06,0,NA,1
"E4nd",1,3,23,"Seurat",200,200,0.0520833333333333,0.025,0,NA,1
"E4nd",1,3,23,"DIFS",200,200,0.510416666666667,0.245,0,0,1
"E4nd",1,3,23,"GateOnly",200,200,0.151975683890578,0.0729483282674772,0,NA,1
"E4nd",1,3,23,"DIFS_stage1only",500,500,0.302083333333333,0.058,0,NA,1
"E4nd",1,3,23,"Seurat",500,500,0.21875,0.042,0,NA,1
"E4nd",1,3,23,"DIFS",500,500,0.645833333333333,0.124,0,0,1
"E4nd",1,3,23,"GateOnly",500,500,0.379939209726444,0.0729483282674772,0,NA,1
"E4nd",1,4,24,"DIFS_stage1only",100,100,0.0625,0.06,0,NA,1
"E4nd",1,4,24,"Seurat",100,100,0.0520833333333333,0.05,0,NA,1
"E4nd",1,4,24,"FEAST",100,100,0,0,0,NA,1
"E4nd",1,4,24,"DIFS",100,100,0.354166666666667,0.34,0,0,1
"E4nd",1,4,24,"GateOnly",100,100,0.0750187546886722,0.0720180045011253,0,NA,1
"E4nd",1,4,24,"DIFS_stage1only",200,200,0.104166666666667,0.05,0,NA,1
"E4nd",1,4,24,"Seurat",200,200,0.0833333333333333,0.04,0,NA,1
"E4nd",1,4,24,"FEAST",200,200,0.0104166666666667,0.005,0,NA,1
"E4nd",1,4,24,"DIFS",200,200,0.4375,0.21,0,0,1
"E4nd",1,4,24,"GateOnly",200,200,0.150037509377344,0.0720180045011253,0,NA,1
"E4nd",1,4,24,"DIFS_stage1only",500,500,0.385416666666667,0.074,0,NA,1
"E4nd",1,4,24,"Seurat",500,500,0.177083333333333,0.034,0,NA,1
"E4nd",1,4,24,"FEAST",500,500,0.0520833333333333,0.01,0,NA,1
"E4nd",1,4,24,"DIFS",500,500,0.625,0.12,0,0,1
"E4nd",1,4,24,"GateOnly",500,500,0.375093773443361,0.0720180045011253,0,NA,1
"E4nd",1,5,25,"DIFS_stage1only",100,100,0.0520833333333333,0.05,0,NA,1
"E4nd",1,5,25,"Seurat",100,100,0.0208333333333333,0.02,0,NA,1
"E4nd",1,5,25,"FEAST",100,100,0,0,0,NA,1
"E4nd",1,5,25,"DIFS",100,100,0.0416666666666667,0.04,0,0,1
"E4nd",1,5,25,"GateOnly",100,100,0.0760456273764259,0.0730038022813688,0,NA,1
"E4nd",1,5,25,"DIFS_stage1only",200,200,0.166666666666667,0.08,0,NA,1
"E4nd",1,5,25,"Seurat",200,200,0.177083333333333,0.085,0,NA,1
"E4nd",1,5,25,"FEAST",200,200,0.0104166666666667,0.005,0,NA,1
"E4nd",1,5,25,"DIFS",200,200,0.135416666666667,0.065,0,2,1
"E4nd",1,5,25,"GateOnly",200,200,0.152091254752852,0.0730038022813688,0,NA,1
"E4nd",1,5,25,"DIFS_stage1only",500,500,0.364583333333333,0.07,0,NA,1
"E4nd",1,5,25,"Seurat",500,500,0.322916666666667,0.062,0,NA,1
"E4nd",1,5,25,"FEAST",500,500,0.0833333333333333,0.016,0,NA,1
"E4nd",1,5,25,"DIFS",500,500,0.479166666666667,0.092,0,17,1
"E4nd",1,5,25,"GateOnly",500,500,0.380228136882129,0.0730038022813688,0,NA,1
"E4nd",2,1,26,"DIFS_stage1only",100,100,0.1875,0.18,0,NA,1
"E4nd",2,1,26,"Seurat",100,100,0.770833333333333,0.74,0,NA,1
"E4nd",2,1,26,"FEAST",100,100,0,0,0,NA,1
"E4nd",2,1,26,"DIFS",100,100,0.697916666666667,0.67,0,10,1
"E4nd",2,1,26,"GateOnly",100,100,0.0779423226812159,0.0748246297739673,0,NA,1
"E4nd",2,1,26,"DIFS_stage1only",200,200,0.260416666666667,0.125,0,NA,1
"E4nd",2,1,26,"Seurat",200,200,0.958333333333333,0.46,0,NA,1
"E4nd",2,1,26,"FEAST",200,200,0,0,0,NA,1
"E4nd",2,1,26,"DIFS",200,200,0.84375,0.405,0,13,1
"E4nd",2,1,26,"GateOnly",200,200,0.155884645362432,0.0748246297739673,0,NA,1
"E4nd",2,1,26,"DIFS_stage1only",500,500,0.541666666666667,0.104,0,NA,1
"E4nd",2,1,26,"Seurat",500,500,0.979166666666667,0.188,0,NA,1
"E4nd",2,1,26,"FEAST",500,500,0.0104166666666667,0.002,0,NA,1
"E4nd",2,1,26,"DIFS",500,500,0.885416666666667,0.17,0,13,1
"E4nd",2,1,26,"GateOnly",500,500,0.389711613406079,0.0748246297739673,0,NA,1
"E4nd",2,2,27,"DIFS_stage1only",100,100,0.125,0.12,0,NA,1
"E4nd",2,2,27,"Seurat",100,100,0.916666666666667,0.88,0,NA,1
"E4nd",2,2,27,"FEAST",100,100,0.0208333333333333,0.02,0,NA,1
"E4nd",2,2,27,"DIFS",100,100,0.697916666666667,0.67,0,8,1
"E4nd",2,2,27,"GateOnly",100,100,0.0771010023130301,0.0740169622205089,0,NA,1
"E4nd",2,2,27,"DIFS_stage1only",200,200,0.1875,0.09,0,NA,1
"E4nd",2,2,27,"Seurat",200,200,0.989583333333333,0.475,0,NA,1
"E4nd",2,2,27,"FEAST",200,200,0.0208333333333333,0.01,0,NA,1
"E4nd",2,2,27,"DIFS",200,200,0.9375,0.45,0,9,1
"E4nd",2,2,27,"GateOnly",200,200,0.15420200462606,0.0740169622205089,0,NA,1
"E4nd",2,2,27,"DIFS_stage1only",500,500,0.385416666666667,0.074,0,NA,1
"E4nd",2,2,27,"Seurat",500,500,1,0.192,0,NA,1
"E4nd",2,2,27,"FEAST",500,500,0.0416666666666667,0.008,0,NA,1
"E4nd",2,2,27,"DIFS",500,500,0.979166666666667,0.188,0,9,1
"E4nd",2,2,27,"GateOnly",500,500,0.38550501156515,0.0740169622205089,0,NA,1
"E4nd",2,3,28,"DIFS_stage1only",100,100,0.1875,0.18,0,NA,1
"E4nd",2,3,28,"Seurat",100,100,0.78125,0.75,0,NA,1
"E4nd",2,3,28,"FEAST",100,100,0,0,0,NA,1
"E4nd",2,3,28,"DIFS",100,100,0.760416666666667,0.73,0,18,1
"E4nd",2,3,28,"GateOnly",100,100,0.0760456273764259,0.0730038022813688,0,NA,1
"E4nd",2,3,28,"DIFS_stage1only",200,200,0.229166666666667,0.11,0,NA,1
"E4nd",2,3,28,"Seurat",200,200,0.895833333333333,0.43,0,NA,1
"E4nd",2,3,28,"FEAST",200,200,0.0104166666666667,0.005,0,NA,1
"E4nd",2,3,28,"DIFS",200,200,0.822916666666667,0.395,0,21,1
"E4nd",2,3,28,"GateOnly",200,200,0.152091254752852,0.0730038022813688,0,NA,1
"E4nd",2,3,28,"DIFS_stage1only",500,500,0.458333333333333,0.088,0,NA,1
"E4nd",2,3,28,"Seurat",500,500,0.979166666666667,0.188,0,NA,1
"E4nd",2,3,28,"FEAST",500,500,0.0729166666666667,0.014,0,NA,1
"E4nd",2,3,28,"DIFS",500,500,0.854166666666667,0.164,0,21,1
"E4nd",2,3,28,"GateOnly",500,500,0.380228136882129,0.0730038022813688,0,NA,1
"E4nd",2,4,29,"DIFS_stage1only",100,100,0.177083333333333,0.17,0,NA,1
"E4nd",2,4,29,"Seurat",100,100,0.822916666666667,0.79,0,NA,1
"E4nd",2,4,29,"FEAST",100,100,0.0104166666666667,0.01,0,NA,1
"E4nd",2,4,29,"DIFS",100,100,0.71875,0.69,0,9,1
"E4nd",2,4,29,"GateOnly",100,100,0.0777604976671851,0.0746500777604977,0,NA,1
"E4nd",2,4,29,"DIFS_stage1only",200,200,0.21875,0.105,0,NA,1
"E4nd",2,4,29,"Seurat",200,200,0.90625,0.435,0,NA,1
"E4nd",2,4,29,"FEAST",200,200,0.0208333333333333,0.01,0,NA,1
"E4nd",2,4,29,"DIFS",200,200,0.875,0.42,0,11,1
"E4nd",2,4,29,"GateOnly",200,200,0.15552099533437,0.0746500777604977,0,NA,1
"E4nd",2,4,29,"DIFS_stage1only",500,500,0.354166666666667,0.068,0,NA,1
"E4nd",2,4,29,"Seurat",500,500,0.96875,0.186,0,NA,1
"E4nd",2,4,29,"FEAST",500,500,0.0416666666666667,0.008,0,NA,1
"E4nd",2,4,29,"DIFS",500,500,0.916666666666667,0.176,0,12,1
"E4nd",2,4,29,"GateOnly",500,500,0.388802488335925,0.0746500777604977,0,NA,1
"E4nd",2,5,30,"DIFS_stage1only",100,100,0.135416666666667,0.13,0,NA,1
"E4nd",2,5,30,"Seurat",100,100,0.885416666666667,0.85,0,NA,1
"E4nd",2,5,30,"FEAST",100,100,0,0,0,NA,1
"E4nd",2,5,30,"DIFS",100,100,0.760416666666667,0.73,0,0,1
"E4nd",2,5,30,"GateOnly",100,100,0.0769822940723634,0.0739030023094688,0,NA,1
"E4nd",2,5,30,"DIFS_stage1only",200,200,0.177083333333333,0.085,0,NA,1
"E4nd",2,5,30,"Seurat",200,200,1,0.48,0,NA,1
"E4nd",2,5,30,"FEAST",200,200,0.0104166666666667,0.005,0,NA,1
"E4nd",2,5,30,"DIFS",200,200,0.9375,0.45,0,0,1
"E4nd",2,5,30,"GateOnly",200,200,0.153964588144727,0.0739030023094688,0,NA,1
"E4nd",2,5,30,"DIFS_stage1only",500,500,0.322916666666667,0.062,0,NA,1
"E4nd",2,5,30,"Seurat",500,500,1,0.192,0,NA,1
"E4nd",2,5,30,"FEAST",500,500,0.0729166666666667,0.014,0,NA,1
"E4nd",2,5,30,"DIFS",500,500,0.96875,0.186,0,0,1
"E4nd",2,5,30,"GateOnly",500,500,0.384911470361817,0.0739030023094688,0,NA,1
"E4nd",3,1,31,"DIFS_stage1only",100,100,0.53125,0.51,0,NA,1
"E4nd",3,1,31,"Seurat",100,100,0.9375,0.9,0,NA,1
"E4nd",3,1,31,"FEAST",100,100,0,0,0,NA,1
"E4nd",3,1,31,"DIFS",100,100,0.791666666666667,0.76,0,14,1
"E4nd",3,1,31,"GateOnly",100,100,0.0779423226812159,0.0748246297739673,0,NA,1
"E4nd",3,1,31,"DIFS_stage1only",200,200,0.59375,0.285,0,NA,1
"E4nd",3,1,31,"Seurat",200,200,0.958333333333333,0.46,0,NA,1
"E4nd",3,1,31,"FEAST",200,200,0,0,0,NA,1
"E4nd",3,1,31,"DIFS",200,200,0.96875,0.465,0,27,1
"E4nd",3,1,31,"GateOnly",200,200,0.155884645362432,0.0748246297739673,0,NA,1
"E4nd",3,1,31,"DIFS_stage1only",500,500,0.697916666666667,0.134,0,NA,1
"E4nd",3,1,31,"Seurat",500,500,0.979166666666667,0.188,0,NA,1
"E4nd",3,1,31,"FEAST",500,500,0.03125,0.006,0,NA,1
"E4nd",3,1,31,"DIFS",500,500,0.979166666666667,0.188,0,28,1
"E4nd",3,1,31,"GateOnly",500,500,0.389711613406079,0.0748246297739673,0,NA,1
"E4nd",3,2,32,"DIFS_stage1only",100,100,0.53125,0.51,0,NA,1
"E4nd",3,2,32,"Seurat",100,100,0.916666666666667,0.88,0,NA,1
"E4nd",3,2,32,"FEAST",100,100,0,0,0,NA,1
"E4nd",3,2,32,"DIFS",100,100,0.802083333333333,0.77,0,15,1
"E4nd",3,2,32,"GateOnly",100,100,0.0775193798449612,0.0744186046511628,0,NA,1
"E4nd",3,2,32,"DIFS_stage1only",200,200,0.583333333333333,0.28,0,NA,1
"E4nd",3,2,32,"Seurat",200,200,0.9375,0.45,0,NA,1
"E4nd",3,2,32,"FEAST",200,200,0,0,0,NA,1
"E4nd",3,2,32,"DIFS",200,200,0.989583333333333,0.475,0,28,1
"E4nd",3,2,32,"GateOnly",200,200,0.155038759689922,0.0744186046511628,0,NA,1
"E4nd",3,2,32,"DIFS_stage1only",500,500,0.708333333333333,0.136,0,NA,1
"E4nd",3,2,32,"Seurat",500,500,1,0.192,0,NA,1
"E4nd",3,2,32,"FEAST",500,500,0.03125,0.006,0,NA,1
"E4nd",3,2,32,"DIFS",500,500,1,0.192,0,28,1
"E4nd",3,2,32,"GateOnly",500,500,0.387596899224806,0.0744186046511628,0,NA,1
"E4nd",3,3,33,"DIFS_stage1only",100,100,0.552083333333333,0.53,0,NA,1
"E4nd",3,3,33,"Seurat",100,100,0.833333333333333,0.8,0,NA,1
"E4nd",3,3,33,"FEAST",100,100,0.0104166666666667,0.01,0,NA,1
"E4nd",3,3,33,"DIFS",100,100,0.802083333333333,0.77,0,12,1
"E4nd",3,3,33,"GateOnly",100,100,0.0773993808049536,0.0743034055727554,0,NA,1
"E4nd",3,3,33,"DIFS_stage1only",200,200,0.59375,0.285,0,NA,1
"E4nd",3,3,33,"Seurat",200,200,0.875,0.42,0,NA,1
"E4nd",3,3,33,"FEAST",200,200,0.0208333333333333,0.01,0,NA,1
"E4nd",3,3,33,"DIFS",200,200,0.96875,0.465,0,20,1
"E4nd",3,3,33,"GateOnly",200,200,0.154798761609907,0.0743034055727554,0,NA,1
"E4nd",3,3,33,"DIFS_stage1only",500,500,0.708333333333333,0.136,0,NA,1
"E4nd",3,3,33,"Seurat",500,500,0.916666666666667,0.176,0,NA,1
"E4nd",3,3,33,"FEAST",500,500,0.0416666666666667,0.008,0,NA,1
"E4nd",3,3,33,"DIFS",500,500,0.989583333333333,0.19,0,21,1
"E4nd",3,3,33,"GateOnly",500,500,0.386996904024768,0.0743034055727554,0,NA,1
"E4nd",3,4,34,"DIFS_stage1only",100,100,0.46875,0.45,0,NA,1
"E4nd",3,4,34,"Seurat",100,100,0.885416666666667,0.85,0,NA,1
"E4nd",3,4,34,"FEAST",100,100,0.0104166666666667,0.01,0,NA,1
"E4nd",3,4,34,"DIFS",100,100,0.760416666666667,0.73,0,15,1
"E4nd",3,4,34,"GateOnly",100,100,0.0777000777000777,0.0745920745920746,0,NA,1
"E4nd",3,4,34,"DIFS_stage1only",200,200,0.520833333333333,0.25,0,NA,1
"E4nd",3,4,34,"Seurat",200,200,0.958333333333333,0.46,0,NA,1
"E4nd",3,4,34,"FEAST",200,200,0.0104166666666667,0.005,0,NA,1
"E4nd",3,4,34,"DIFS",200,200,0.90625,0.435,0,23,1
"E4nd",3,4,34,"GateOnly",200,200,0.155400155400155,0.0745920745920746,0,NA,1
"E4nd",3,4,34,"DIFS_stage1only",500,500,0.6875,0.132,0,NA,1
"E4nd",3,4,34,"Seurat",500,500,0.96875,0.186,0,NA,1
"E4nd",3,4,34,"FEAST",500,500,0.03125,0.006,0,NA,1
"E4nd",3,4,34,"DIFS",500,500,0.958333333333333,0.184,0,26,1
"E4nd",3,4,34,"GateOnly",500,500,0.388500388500389,0.0745920745920746,0,NA,1
"E4nd",3,5,35,"DIFS_stage1only",100,100,0.59375,0.57,0,NA,1
"E4nd",3,5,35,"Seurat",100,100,0.875,0.84,0,NA,1
"E4nd",3,5,35,"FEAST",100,100,0,0,0,NA,1
"E4nd",3,5,35,"DIFS",100,100,0.802083333333333,0.77,0,6,1
"E4nd",3,5,35,"GateOnly",100,100,0.0764525993883792,0.073394495412844,0,NA,1
"E4nd",3,5,35,"DIFS_stage1only",200,200,0.677083333333333,0.325,0,NA,1
"E4nd",3,5,35,"Seurat",200,200,0.90625,0.435,0,NA,1
"E4nd",3,5,35,"FEAST",200,200,0,0,0,NA,1
"E4nd",3,5,35,"DIFS",200,200,0.96875,0.465,0,14,1
"E4nd",3,5,35,"GateOnly",200,200,0.152905198776758,0.073394495412844,0,NA,1
"E4nd",3,5,35,"DIFS_stage1only",500,500,0.822916666666667,0.158,0,NA,1
"E4nd",3,5,35,"Seurat",500,500,0.958333333333333,0.184,0,NA,1
"E4nd",3,5,35,"FEAST",500,500,0.0104166666666667,0.002,0,NA,1
"E4nd",3,5,35,"DIFS",500,500,0.979166666666667,0.188,0,14,1
"E4nd",3,5,35,"GateOnly",500,500,0.382262996941896,0.073394495412844,0,NA,1
"E4nd",4,1,36,"DIFS_stage1only",100,100,0.8125,0.78,0,NA,1
"E4nd",4,1,36,"Seurat",100,100,0.729166666666667,0.7,0,NA,1
"E4nd",4,1,36,"DIFS",100,100,0.9375,0.9,0,3,1
"E4nd",4,1,36,"GateOnly",100,100,0.0788643533123028,0.0757097791798107,0,NA,1
"E4nd",4,1,36,"DIFS_stage1only",200,200,0.84375,0.405,0,NA,1
"E4nd",4,1,36,"Seurat",200,200,0.760416666666667,0.365,0,NA,1
"E4nd",4,1,36,"DIFS",200,200,0.989583333333333,0.475,0,5,1
"E4nd",4,1,36,"GateOnly",200,200,0.157728706624606,0.0757097791798107,0,NA,1
"E4nd",4,1,36,"DIFS_stage1only",500,500,0.947916666666667,0.182,0,NA,1
"E4nd",4,1,36,"Seurat",500,500,0.78125,0.15,0,NA,1
"E4nd",4,1,36,"DIFS",500,500,1,0.192,0,5,1
"E4nd",4,1,36,"GateOnly",500,500,0.394321766561514,0.0757097791798107,0,NA,1
"E4nd",4,2,37,"DIFS_stage1only",100,100,0.84375,0.81,0,NA,1
"E4nd",4,2,37,"Seurat",100,100,0.71875,0.69,0,NA,1
"E4nd",4,2,37,"FEAST",100,100,0.0208333333333333,0.02,0,NA,1
"E4nd",4,2,37,"DIFS",100,100,0.9375,0.9,0,4,1
"E4nd",4,2,37,"GateOnly",100,100,0.0796178343949045,0.0764331210191083,0,NA,1
"E4nd",4,2,37,"DIFS_stage1only",200,200,0.875,0.42,0,NA,1
"E4nd",4,2,37,"Seurat",200,200,0.739583333333333,0.355,0,NA,1
"E4nd",4,2,37,"FEAST",200,200,0.0208333333333333,0.01,0,NA,1
"E4nd",4,2,37,"DIFS",200,200,0.979166666666667,0.47,0,6,1
"E4nd",4,2,37,"GateOnly",200,200,0.159235668789809,0.0764331210191083,0,NA,1
"E4nd",4,2,37,"DIFS_stage1only",500,500,0.916666666666667,0.176,0,NA,1
"E4nd",4,2,37,"Seurat",500,500,0.75,0.144,0,NA,1
"E4nd",4,2,37,"FEAST",500,500,0.0208333333333333,0.004,0,NA,1
"E4nd",4,2,37,"DIFS",500,500,0.979166666666667,0.188,0,6,1
"E4nd",4,2,37,"GateOnly",500,500,0.398089171974522,0.0764331210191083,0,NA,1
"E4nd",4,3,38,"DIFS_stage1only",100,100,0.8125,0.78,0,NA,1
"E4nd",4,3,38,"Seurat",100,100,0.729166666666667,0.7,0,NA,1
"E4nd",4,3,38,"FEAST",100,100,0,0,0,NA,1
"E4nd",4,3,38,"DIFS",100,100,0.927083333333333,0.89,0,4,1
"E4nd",4,3,38,"GateOnly",100,100,0.0798722044728434,0.0766773162939297,0,NA,1
"E4nd",4,3,38,"DIFS_stage1only",200,200,0.864583333333333,0.415,0,NA,1
"E4nd",4,3,38,"Seurat",200,200,0.739583333333333,0.355,0,NA,1
"E4nd",4,3,38,"FEAST",200,200,0,0,0,NA,1
"E4nd",4,3,38,"DIFS",200,200,1,0.48,0,8,1
"E4nd",4,3,38,"GateOnly",200,200,0.159744408945687,0.0766773162939297,0,NA,1
"E4nd",4,3,38,"DIFS_stage1only",500,500,0.916666666666667,0.176,0,NA,1
"E4nd",4,3,38,"Seurat",500,500,0.760416666666667,0.146,0,NA,1
"E4nd",4,3,38,"FEAST",500,500,0.03125,0.006,0,NA,1
"E4nd",4,3,38,"DIFS",500,500,1,0.192,0,8,1
"E4nd",4,3,38,"GateOnly",500,500,0.399361022364217,0.0766773162939297,0,NA,1
"E4nd",4,4,39,"DIFS_stage1only",100,100,0.770833333333333,0.74,0,NA,1
"E4nd",4,4,39,"Seurat",100,100,0.822916666666667,0.79,0,NA,1
"E4nd",4,4,39,"FEAST",100,100,0.0104166666666667,0.01,0,NA,1
"E4nd",4,4,39,"DIFS",100,100,0.90625,0.87,0,4,1
"E4nd",4,4,39,"GateOnly",100,100,0.0777000777000777,0.0745920745920746,0,NA,1
"E4nd",4,4,39,"DIFS_stage1only",200,200,0.78125,0.375,0,NA,1
"E4nd",4,4,39,"Seurat",200,200,0.833333333333333,0.4,0,NA,1
"E4nd",4,4,39,"FEAST",200,200,0.0104166666666667,0.005,0,NA,1
"E4nd",4,4,39,"DIFS",200,200,0.958333333333333,0.46,0,9,1
"E4nd",4,4,39,"GateOnly",200,200,0.155400155400155,0.0745920745920746,0,NA,1
"E4nd",4,4,39,"DIFS_stage1only",500,500,0.885416666666667,0.17,0,NA,1
"E4nd",4,4,39,"Seurat",500,500,0.84375,0.162,0,NA,1
"E4nd",4,4,39,"FEAST",500,500,0.0520833333333333,0.01,0,NA,1
"E4nd",4,4,39,"DIFS",500,500,0.989583333333333,0.19,0,10,1
"E4nd",4,4,39,"GateOnly",500,500,0.388500388500389,0.0745920745920746,0,NA,1
"E4nd",4,5,40,"DIFS_stage1only",100,100,0.833333333333333,0.8,0,NA,1
"E4nd",4,5,40,"Seurat",100,100,0.739583333333333,0.71,0,NA,1
"E4nd",4,5,40,"FEAST",100,100,0,0,0,NA,1
"E4nd",4,5,40,"DIFS",100,100,0.958333333333333,0.92,0,2,1
"E4nd",4,5,40,"GateOnly",100,100,0.078125,0.075,0,NA,1
"E4nd",4,5,40,"DIFS_stage1only",200,200,0.927083333333333,0.445,0,NA,1
"E4nd",4,5,40,"Seurat",200,200,0.791666666666667,0.38,0,NA,1
"E4nd",4,5,40,"FEAST",200,200,0,0,0,NA,1
"E4nd",4,5,40,"DIFS",200,200,1,0.48,0,2,1
"E4nd",4,5,40,"GateOnly",200,200,0.15625,0.075,0,NA,1
"E4nd",4,5,40,"DIFS_stage1only",500,500,0.979166666666667,0.188,0,NA,1
"E4nd",4,5,40,"Seurat",500,500,0.802083333333333,0.154,0,NA,1
"E4nd",4,5,40,"FEAST",500,500,0.0104166666666667,0.002,0,NA,1
"E4nd",4,5,40,"DIFS",500,500,1,0.192,0,2,1
"E4nd",4,5,40,"GateOnly",500,500,0.390625,0.075,0,NA,1
"E4nd",5,1,41,"DIFS_stage1only",100,100,0.84375,0.81,0,NA,1
"E4nd",5,1,41,"Seurat",100,100,0.697916666666667,0.67,0,NA,1
"E4nd",5,1,41,"FEAST",100,100,0,0,0,NA,1
"E4nd",5,1,41,"DIFS",100,100,0.958333333333333,0.92,0,1,1
"E4nd",5,1,41,"GateOnly",100,100,0.0803858520900322,0.0771704180064309,0,NA,1
"E4nd",5,1,41,"DIFS_stage1only",200,200,0.916666666666667,0.44,0,NA,1
"E4nd",5,1,41,"Seurat",200,200,0.708333333333333,0.34,0,NA,1
"E4nd",5,1,41,"FEAST",200,200,0,0,0,NA,1
"E4nd",5,1,41,"DIFS",200,200,1,0.48,0,1,1
"E4nd",5,1,41,"GateOnly",200,200,0.160771704180064,0.0771704180064309,0,NA,1
"E4nd",5,1,41,"DIFS_stage1only",500,500,0.989583333333333,0.19,0,NA,1
"E4nd",5,1,41,"Seurat",500,500,0.729166666666667,0.14,0,NA,1
"E4nd",5,1,41,"FEAST",500,500,0.0104166666666667,0.002,0,NA,1
"E4nd",5,1,41,"DIFS",500,500,1,0.192,0,1,1
"E4nd",5,1,41,"GateOnly",500,500,0.401929260450161,0.0771704180064309,0,NA,1
"E4nd",5,2,42,"DIFS_stage1only",100,100,0.84375,0.81,0,NA,1
"E4nd",5,2,42,"Seurat",100,100,0.677083333333333,0.65,0,NA,1
"E4nd",5,2,42,"FEAST",100,100,0,0,0,NA,1
"E4nd",5,2,42,"DIFS",100,100,0.9375,0.9,0,1,1
"E4nd",5,2,42,"GateOnly",100,100,0.0811688311688312,0.0779220779220779,0,NA,1
"E4nd",5,2,42,"DIFS_stage1only",200,200,0.916666666666667,0.44,0,NA,1
"E4nd",5,2,42,"Seurat",200,200,0.677083333333333,0.325,0,NA,1
"E4nd",5,2,42,"FEAST",200,200,0,0,0,NA,1
"E4nd",5,2,42,"DIFS",200,200,1,0.48,0,2,1
"E4nd",5,2,42,"GateOnly",200,200,0.162337662337662,0.0779220779220779,0,NA,1
"E4nd",5,2,42,"DIFS_stage1only",500,500,0.979166666666667,0.188,0,NA,1
"E4nd",5,2,42,"Seurat",500,500,0.75,0.144,0,NA,1
"E4nd",5,2,42,"FEAST",500,500,0,0,0,NA,1
"E4nd",5,2,42,"DIFS",500,500,1,0.192,0,2,1
"E4nd",5,2,42,"GateOnly",500,500,0.405844155844156,0.0779220779220779,0,NA,1
"E4nd",5,3,43,"DIFS_stage1only",100,100,0.84375,0.81,0,NA,1
"E4nd",5,3,43,"Seurat",100,100,0.697916666666667,0.67,0,NA,1
"E4nd",5,3,43,"DIFS",100,100,0.916666666666667,0.88,0,1,1
"E4nd",5,3,43,"GateOnly",100,100,0.0807754442649435,0.0775444264943457,0,NA,1
"E4nd",5,3,43,"DIFS_stage1only",200,200,0.958333333333333,0.46,0,NA,1
"E4nd",5,3,43,"Seurat",200,200,0.697916666666667,0.335,0,NA,1
"E4nd",5,3,43,"DIFS",200,200,0.96875,0.465,0,1,1
"E4nd",5,3,43,"GateOnly",200,200,0.161550888529887,0.0775444264943457,0,NA,1
"E4nd",5,3,43,"DIFS_stage1only",500,500,0.989583333333333,0.19,0,NA,1
"E4nd",5,3,43,"Seurat",500,500,0.729166666666667,0.14,0,NA,1
"E4nd",5,3,43,"DIFS",500,500,0.989583333333333,0.19,0,1,1
"E4nd",5,3,43,"GateOnly",500,500,0.403877221324717,0.0775444264943457,0,NA,1
"E4nd",5,4,44,"DIFS_stage1only",100,100,0.84375,0.81,0,NA,1
"E4nd",5,4,44,"Seurat",100,100,0.729166666666667,0.7,0,NA,1
"E4nd",5,4,44,"FEAST",100,100,0,0,0,NA,1
"E4nd",5,4,44,"DIFS",100,100,0.9375,0.9,0,1,1
"E4nd",5,4,44,"GateOnly",100,100,0.0801924619085806,0.0769847634322374,0,NA,1
"E4nd",5,4,44,"DIFS_stage1only",200,200,0.885416666666667,0.425,0,NA,1
"E4nd",5,4,44,"Seurat",200,200,0.739583333333333,0.355,0,NA,1
"E4nd",5,4,44,"FEAST",200,200,0,0,0,NA,1
"E4nd",5,4,44,"DIFS",200,200,1,0.48,0,5,1
"E4nd",5,4,44,"GateOnly",200,200,0.160384923817161,0.0769847634322374,0,NA,1
"E4nd",5,4,44,"DIFS_stage1only",500,500,0.947916666666667,0.182,0,NA,1
"E4nd",5,4,44,"Seurat",500,500,0.75,0.144,0,NA,1
"E4nd",5,4,44,"FEAST",500,500,0,0,0,NA,1
"E4nd",5,4,44,"DIFS",500,500,1,0.192,0,5,1
"E4nd",5,4,44,"GateOnly",500,500,0.400962309542903,0.0769847634322374,0,NA,1
"E4nd",5,5,45,"DIFS_stage1only",100,100,0.90625,0.87,0,NA,1
"E4nd",5,5,45,"Seurat",100,100,0.645833333333333,0.62,0,NA,1
"E4nd",5,5,45,"FEAST",100,100,0,0,0,NA,1
"E4nd",5,5,45,"DIFS",100,100,0.96875,0.93,0,1,1
"E4nd",5,5,45,"GateOnly",100,100,0.08,0.0768,0,NA,1
"E4nd",5,5,45,"DIFS_stage1only",200,200,0.947916666666667,0.455,0,NA,1
"E4nd",5,5,45,"Seurat",200,200,0.65625,0.315,0,NA,1
"E4nd",5,5,45,"FEAST",200,200,0.0208333333333333,0.01,0,NA,1
"E4nd",5,5,45,"DIFS",200,200,0.989583333333333,0.475,0,1,1
"E4nd",5,5,45,"GateOnly",200,200,0.16,0.0768,0,NA,1
"E4nd",5,5,45,"DIFS_stage1only",500,500,0.989583333333333,0.19,0,NA,1
"E4nd",5,5,45,"Seurat",500,500,0.697916666666667,0.134,0,NA,1
"E4nd",5,5,45,"FEAST",500,500,0.145833333333333,0.028,0,NA,1
"E4nd",5,5,45,"DIFS",500,500,1,0.192,0,1,1
"E4nd",5,5,45,"GateOnly",500,500,0.4,0.0768,0,NA,1
"E4",2,1,46,"DIFS_stage1only",100,100,0.0625,0.15,0,NA,0.4875
"E4",2,1,46,"Seurat",100,100,0.416666666666667,1,0,NA,0.4875
"E4",2,1,46,"FEAST",100,100,0.416666666666667,1,0,NA,0.4875
"E4",2,1,46,"DIFS",100,100,0.279166666666667,0.67,0,18,0.4875
"E4",2,1,46,"GateOnly",100,100,0.0332310838445808,0.0797546012269939,0,NA,0.4875
"E4",2,1,46,"DIFS_stage1only",200,200,0.0875,0.105,0,NA,0.4875
"E4",2,1,46,"Seurat",200,200,0.833333333333333,1,0,NA,0.4875
"E4",2,1,46,"FEAST",200,200,0.833333333333333,1,0,NA,0.4875
"E4",2,1,46,"DIFS",200,200,0.45,0.54,0,43,0.4875
"E4",2,1,46,"GateOnly",200,200,0.0664621676891615,0.0797546012269939,0,NA,0.4875
"E4",2,1,46,"DIFS_stage1only",500,500,0.220833333333333,0.106,0,NA,0.4875
"E4",2,1,46,"Seurat",500,500,1,0.48,0,NA,0.4875
"E4",2,1,46,"FEAST",500,500,1,0.48,0,NA,0.4875
"E4",2,1,46,"DIFS",500,500,0.5125,0.246,0,45,0.4875
"E4",2,1,46,"GateOnly",500,500,0.166155419222904,0.0797546012269939,0,NA,0.4875
"E4",2,2,47,"DIFS_stage1only",100,100,0.075,0.18,0,NA,0.491666666666667
"E4",2,2,47,"Seurat",100,100,0.416666666666667,1,0,NA,0.491666666666667
"E4",2,2,47,"FEAST",100,100,0.416666666666667,1,0,NA,0.491666666666667
"E4",2,2,47,"DIFS",100,100,0.320833333333333,0.77,0,10,0.491666666666667
"E4",2,2,47,"GateOnly",100,100,0.0340018441678193,0.0816044260027663,0,NA,0.491666666666667
"E4",2,2,47,"DIFS_stage1only",200,200,0.104166666666667,0.125,0,NA,0.491666666666667
"E4",2,2,47,"Seurat",200,200,0.833333333333333,1,0,NA,0.491666666666667
"E4",2,2,47,"FEAST",200,200,0.833333333333333,1,0,NA,0.491666666666667
"E4",2,2,47,"DIFS",200,200,0.4625,0.555,0,30,0.491666666666667
"E4",2,2,47,"GateOnly",200,200,0.0680036883356385,0.0816044260027663,0,NA,0.491666666666667
"E4",2,2,47,"DIFS_stage1only",500,500,0.2125,0.102,0,NA,0.491666666666667
"E4",2,2,47,"Seurat",500,500,0.995833333333333,0.478,0,NA,0.491666666666667
"E4",2,2,47,"FEAST",500,500,1,0.48,0,NA,0.491666666666667
"E4",2,2,47,"DIFS",500,500,0.629166666666667,0.302,0,53,0.491666666666667
"E4",2,2,47,"GateOnly",500,500,0.170009220839096,0.0816044260027663,0,NA,0.491666666666667
"E4",2,3,48,"DIFS_stage1only",100,100,0.1,0.24,0,NA,0.466666666666667
"E4",2,3,48,"Seurat",100,100,0.416666666666667,1,0,NA,0.466666666666667
"E4",2,3,48,"FEAST",100,100,0.416666666666667,1,0,NA,0.466666666666667
"E4",2,3,48,"DIFS",100,100,0.379166666666667,0.91,0,16,0.466666666666667
"E4",2,3,48,"GateOnly",100,100,0.0310077519379845,0.0744186046511628,0,NA,0.466666666666667
"E4",2,3,48,"DIFS_stage1only",200,200,0.154166666666667,0.185,0,NA,0.466666666666667
"E4",2,3,48,"Seurat",200,200,0.833333333333333,1,0,NA,0.466666666666667
"E4",2,3,48,"FEAST",200,200,0.833333333333333,1,0,NA,0.466666666666667
"E4",2,3,48,"DIFS",200,200,0.483333333333333,0.58,0,35,0.466666666666667
"E4",2,3,48,"GateOnly",200,200,0.062015503875969,0.0744186046511628,0,NA,0.466666666666667
"E4",2,3,48,"DIFS_stage1only",500,500,0.233333333333333,0.112,0,NA,0.466666666666667
"E4",2,3,48,"Seurat",500,500,1,0.48,0,NA,0.466666666666667
"E4",2,3,48,"FEAST",500,500,1,0.48,0,NA,0.466666666666667
"E4",2,3,48,"DIFS",500,500,0.595833333333333,0.286,0,42,0.466666666666667
"E4",2,3,48,"GateOnly",500,500,0.155038759689922,0.0744186046511628,0,NA,0.466666666666667
"E4",2,4,49,"DIFS_stage1only",100,100,0.0875,0.21,0,NA,0.55
"E4",2,4,49,"Seurat",100,100,0.416666666666667,1,0,NA,0.55
"E4",2,4,49,"FEAST",100,100,0.416666666666667,1,0,NA,0.55
"E4",2,4,49,"DIFS",100,100,0.358333333333333,0.86,0,27,0.55
"E4",2,4,49,"GateOnly",100,100,0.0358306188925081,0.0859934853420195,0,NA,0.55
"E4",2,4,49,"DIFS_stage1only",200,200,0.125,0.15,0,NA,0.55
"E4",2,4,49,"Seurat",200,200,0.833333333333333,1,0,NA,0.55
"E4",2,4,49,"FEAST",200,200,0.833333333333333,1,0,NA,0.55
"E4",2,4,49,"DIFS",200,200,0.475,0.57,0,49,0.55
"E4",2,4,49,"GateOnly",200,200,0.0716612377850163,0.0859934853420195,0,NA,0.55
"E4",2,4,49,"DIFS_stage1only",500,500,0.216666666666667,0.104,0,NA,0.55
"E4",2,4,49,"Seurat",500,500,1,0.48,0,NA,0.55
"E4",2,4,49,"FEAST",500,500,1,0.48,0,NA,0.55
"E4",2,4,49,"DIFS",500,500,0.716666666666667,0.344,0,95,0.55
"E4",2,4,49,"GateOnly",500,500,0.179153094462541,0.0859934853420195,0,NA,0.55
"E4",2,5,50,"DIFS_stage1only",100,100,0.0583333333333333,0.14,0,NA,0.495833333333333
"E4",2,5,50,"Seurat",100,100,0.416666666666667,1,0,NA,0.495833333333333
"E4",2,5,50,"FEAST",100,100,0.416666666666667,1,0,NA,0.495833333333333
"E4",2,5,50,"DIFS",100,100,0.345833333333333,0.83,0,2,0.495833333333333
"E4",2,5,50,"GateOnly",100,100,0.0334344796583502,0.0802427511800405,0,NA,0.495833333333333
"E4",2,5,50,"DIFS_stage1only",200,200,0.0916666666666667,0.11,0,NA,0.495833333333333
"E4",2,5,50,"Seurat",200,200,0.833333333333333,1,0,NA,0.495833333333333
"E4",2,5,50,"FEAST",200,200,0.833333333333333,1,0,NA,0.495833333333333
"E4",2,5,50,"DIFS",200,200,0.454166666666667,0.545,0,13,0.495833333333333
"E4",2,5,50,"GateOnly",200,200,0.0668689593167004,0.0802427511800405,0,NA,0.495833333333333
"E4",2,5,50,"DIFS_stage1only",500,500,0.208333333333333,0.1,0,NA,0.495833333333333
"E4",2,5,50,"Seurat",500,500,0.995833333333333,0.478,0,NA,0.495833333333333
"E4",2,5,50,"FEAST",500,500,1,0.48,0,NA,0.495833333333333
"E4",2,5,50,"DIFS",500,500,0.579166666666667,0.278,0,26,0.495833333333333
"E4",2,5,50,"GateOnly",500,500,0.167172398291751,0.0802427511800405,0,NA,0.495833333333333
"E4",4,1,51,"DIFS_stage1only",100,100,0.245833333333333,0.59,0,NA,0.733333333333333
"E4",4,1,51,"Seurat",100,100,0.416666666666667,1,0,NA,0.733333333333333
"E4",4,1,51,"FEAST",100,100,0.416666666666667,1,0,NA,0.733333333333333
"E4",4,1,51,"DIFS",100,100,0.395833333333333,0.95,0,34,0.733333333333333
"E4",4,1,51,"GateOnly",100,100,0.0522689474934664,0.125445473984319,0,NA,0.733333333333333
"E4",4,1,51,"DIFS_stage1only",200,200,0.275,0.33,0,NA,0.733333333333333
"E4",4,1,51,"Seurat",200,200,0.833333333333333,1,0,NA,0.733333333333333
"E4",4,1,51,"FEAST",200,200,0.833333333333333,1,0,NA,0.733333333333333
"E4",4,1,51,"DIFS",200,200,0.633333333333333,0.76,0,75,0.733333333333333
"E4",4,1,51,"GateOnly",200,200,0.104537894986933,0.125445473984319,0,NA,0.733333333333333
"E4",4,1,51,"DIFS_stage1only",500,500,0.370833333333333,0.178,0,NA,0.733333333333333
"E4",4,1,51,"Seurat",500,500,0.995833333333333,0.478,0,NA,0.733333333333333
"E4",4,1,51,"FEAST",500,500,1,0.48,0,NA,0.733333333333333
"E4",4,1,51,"DIFS",500,500,0.933333333333333,0.448,0,136,0.733333333333333
"E4",4,1,51,"GateOnly",500,500,0.261344737467332,0.125445473984319,0,NA,0.733333333333333
"E4",4,2,52,"DIFS_stage1only",100,100,0.204166666666667,0.49,0,NA,0.795833333333333
"E4",4,2,52,"Seurat",100,100,0.416666666666667,1,0,NA,0.795833333333333
"E4",4,2,52,"FEAST",100,100,0.416666666666667,1,0,NA,0.795833333333333
"E4",4,2,52,"DIFS",100,100,0.3875,0.93,0,33,0.795833333333333
"E4",4,2,52,"GateOnly",100,100,0.0549988481916609,0.131997235659986,0,NA,0.795833333333333
"E4",4,2,52,"DIFS_stage1only",200,200,0.225,0.27,0,NA,0.795833333333333
"E4",4,2,52,"Seurat",200,200,0.833333333333333,1,0,NA,0.795833333333333
"E4",4,2,52,"FEAST",200,200,0.833333333333333,1,0,NA,0.795833333333333
"E4",4,2,52,"DIFS",200,200,0.595833333333333,0.715,0,65,0.795833333333333
"E4",4,2,52,"GateOnly",200,200,0.109997696383322,0.131997235659986,0,NA,0.795833333333333
"E4",4,2,52,"DIFS_stage1only",500,500,0.370833333333333,0.178,0,NA,0.795833333333333
"E4",4,2,52,"Seurat",500,500,0.991666666666667,0.476,0,NA,0.795833333333333
"E4",4,2,52,"FEAST",500,500,1,0.48,0,NA,0.795833333333333
"E4",4,2,52,"DIFS",500,500,0.945833333333333,0.454,0,138,0.795833333333333
"E4",4,2,52,"GateOnly",500,500,0.274994240958305,0.131997235659986,0,NA,0.795833333333333
"E4",4,3,53,"DIFS_stage1only",100,100,0.241666666666667,0.58,0,NA,0.783333333333333
"E4",4,3,53,"Seurat",100,100,0.416666666666667,1,0,NA,0.783333333333333
"E4",4,3,53,"FEAST",100,100,0.416666666666667,1,0,NA,0.783333333333333
"E4",4,3,53,"DIFS",100,100,0.404166666666667,0.97,0,33,0.783333333333333
"E4",4,3,53,"GateOnly",100,100,0.055359246171967,0.132862190812721,0,NA,0.783333333333333
"E4",4,3,53,"DIFS_stage1only",200,200,0.283333333333333,0.34,0,NA,0.783333333333333
"E4",4,3,53,"Seurat",200,200,0.833333333333333,1,0,NA,0.783333333333333
"E4",4,3,53,"FEAST",200,200,0.833333333333333,1,0,NA,0.783333333333333
"E4",4,3,53,"DIFS",200,200,0.629166666666667,0.755,0,67,0.783333333333333
"E4",4,3,53,"GateOnly",200,200,0.110718492343934,0.132862190812721,0,NA,0.783333333333333
"E4",4,3,53,"DIFS_stage1only",500,500,0.391666666666667,0.188,0,NA,0.783333333333333
"E4",4,3,53,"Seurat",500,500,0.995833333333333,0.478,0,NA,0.783333333333333
"E4",4,3,53,"FEAST",500,500,1,0.48,0,NA,0.783333333333333
"E4",4,3,53,"DIFS",500,500,0.941666666666667,0.452,0,132,0.783333333333333
"E4",4,3,53,"GateOnly",500,500,0.276796230859835,0.132862190812721,0,NA,0.783333333333333
"E4",4,4,54,"DIFS_stage1only",100,100,0.266666666666667,0.64,0,NA,0.775
"E4",4,4,54,"Seurat",100,100,0.416666666666667,1,0,NA,0.775
"E4",4,4,54,"FEAST",100,100,0.416666666666667,1,0,NA,0.775
"E4",4,4,54,"DIFS",100,100,0.4125,0.99,0,39,0.775
"E4",4,4,54,"GateOnly",100,100,0.0550035486160397,0.132008516678495,0,NA,0.775
"E4",4,4,54,"DIFS_stage1only",200,200,0.2875,0.345,0,NA,0.775
"E4",4,4,54,"Seurat",200,200,0.833333333333333,1,0,NA,0.775
"E4",4,4,54,"FEAST",200,200,0.833333333333333,1,0,NA,0.775
"E4",4,4,54,"DIFS",200,200,0.6625,0.795,0,71,0.775
"E4",4,4,54,"GateOnly",200,200,0.110007097232079,0.132008516678495,0,NA,0.775
"E4",4,4,54,"DIFS_stage1only",500,500,0.4,0.192,0,NA,0.775
"E4",4,4,54,"Seurat",500,500,0.991666666666667,0.476,0,NA,0.775
"E4",4,4,54,"FEAST",500,500,1,0.48,0,NA,0.775
"E4",4,4,54,"DIFS",500,500,0.9375,0.45,0,129,0.775
"E4",4,4,54,"GateOnly",500,500,0.275017743080199,0.132008516678495,0,NA,0.775
"E4",4,5,55,"DIFS_stage1only",100,100,0.225,0.54,0,NA,0.7875
"E4",4,5,55,"Seurat",100,100,0.416666666666667,1,0,NA,0.7875
"E4",4,5,55,"FEAST",100,100,0.416666666666667,1,0,NA,0.7875
"E4",4,5,55,"DIFS",100,100,0.408333333333333,0.98,0,35,0.7875
"E4",4,5,55,"GateOnly",100,100,0.0558907026259759,0.134137686302342,0,NA,0.7875
"E4",4,5,55,"DIFS_stage1only",200,200,0.279166666666667,0.335,0,NA,0.7875
"E4",4,5,55,"Seurat",200,200,0.833333333333333,1,0,NA,0.7875
"E4",4,5,55,"FEAST",200,200,0.833333333333333,1,0,NA,0.7875
"E4",4,5,55,"DIFS",200,200,0.620833333333333,0.745,0,73,0.7875
"E4",4,5,55,"GateOnly",200,200,0.111781405251952,0.134137686302342,0,NA,0.7875
"E4",4,5,55,"DIFS_stage1only",500,500,0.379166666666667,0.182,0,NA,0.7875
"E4",4,5,55,"Seurat",500,500,0.991666666666667,0.476,0,NA,0.7875
"E4",4,5,55,"FEAST",500,500,1,0.48,0,NA,0.7875
"E4",4,5,55,"DIFS",500,500,0.941666666666667,0.452,0,135,0.7875
"E4",4,5,55,"GateOnly",500,500,0.279453513129879,0.134137686302342,0,NA,0.7875
"E4",6,1,56,"DIFS_stage1only",100,100,0.195833333333333,0.47,0,NA,0.95
"E4",6,1,56,"Seurat",100,100,0.416666666666667,1,0,NA,0.95
"E4",6,1,56,"FEAST",100,100,0.416666666666667,1,0,NA,0.95
"E4",6,1,56,"DIFS",100,100,0.379166666666667,0.91,0,31,0.95
"E4",6,1,56,"GateOnly",100,100,0.0820379965457686,0.196891191709845,0,NA,0.95
"E4",6,1,56,"DIFS_stage1only",200,200,0.229166666666667,0.275,0,NA,0.95
"E4",6,1,56,"Seurat",200,200,0.833333333333333,1,0,NA,0.95
"E4",6,1,56,"FEAST",200,200,0.833333333333333,1,0,NA,0.95
"E4",6,1,56,"DIFS",200,200,0.604166666666667,0.725,0,67,0.95
"E4",6,1,56,"GateOnly",200,200,0.164075993091537,0.196891191709845,0,NA,0.95
"E4",6,1,56,"DIFS_stage1only",500,500,0.429166666666667,0.206,0,NA,0.95
"E4",6,1,56,"Seurat",500,500,0.895833333333333,0.43,0,NA,0.95
"E4",6,1,56,"FEAST",500,500,1,0.48,0,NA,0.95
"E4",6,1,56,"DIFS",500,500,1,0.48,0,137,0.95
"E4",6,1,56,"GateOnly",500,500,0.410189982728843,0.196891191709845,0,NA,0.95
"E4",6,2,57,"DIFS_stage1only",100,100,0.216666666666667,0.52,0,NA,0.975
"E4",6,2,57,"Seurat",100,100,0.416666666666667,1,0,NA,0.975
"E4",6,2,57,"FEAST",100,100,0.416666666666667,1,0,NA,0.975
"E4",6,2,57,"DIFS",100,100,0.383333333333333,0.92,0,30,0.975
"E4",6,2,57,"GateOnly",100,100,0.0847826086956522,0.203478260869565,0,NA,0.975
"E4",6,2,57,"DIFS_stage1only",200,200,0.283333333333333,0.34,0,NA,0.975
"E4",6,2,57,"Seurat",200,200,0.833333333333333,1,0,NA,0.975
"E4",6,2,57,"FEAST",200,200,0.833333333333333,1,0,NA,0.975
"E4",6,2,57,"DIFS",200,200,0.625,0.75,0,66,0.975
"E4",6,2,57,"GateOnly",200,200,0.169565217391304,0.203478260869565,0,NA,0.975
"E4",6,2,57,"DIFS_stage1only",500,500,0.466666666666667,0.224,0,NA,0.975
"E4",6,2,57,"Seurat",500,500,0.933333333333333,0.448,0,NA,0.975
"E4",6,2,57,"FEAST",500,500,1,0.48,0,NA,0.975
"E4",6,2,57,"DIFS",500,500,1,0.48,0,128,0.975
"E4",6,2,57,"GateOnly",500,500,0.423913043478261,0.203478260869565,0,NA,0.975
"E4",6,3,58,"DIFS_stage1only",100,100,0.1625,0.39,0,NA,0.816666666666667
"E4",6,3,58,"Seurat",100,100,0.416666666666667,1,0,NA,0.816666666666667
"E4",6,3,58,"FEAST",100,100,0.416666666666667,1,0,NA,0.816666666666667
"E4",6,3,58,"DIFS",100,100,0.354166666666667,0.85,0,29,0.816666666666667
"E4",6,3,58,"GateOnly",100,100,0.089155749636099,0.213973799126638,0,NA,0.816666666666667
"E4",6,3,58,"DIFS_stage1only",200,200,0.204166666666667,0.245,0,NA,0.816666666666667
"E4",6,3,58,"Seurat",200,200,0.833333333333333,1,0,NA,0.816666666666667
"E4",6,3,58,"FEAST",200,200,0.833333333333333,1,0,NA,0.816666666666667
"E4",6,3,58,"DIFS",200,200,0.575,0.69,0,62,0.816666666666667
"E4",6,3,58,"GateOnly",200,200,0.178311499272198,0.213973799126638,0,NA,0.816666666666667
"E4",6,3,58,"DIFS_stage1only",500,500,0.4,0.192,0,NA,0.816666666666667
"E4",6,3,58,"Seurat",500,500,0.883333333333333,0.424,0,NA,0.816666666666667
"E4",6,3,58,"FEAST",500,500,1,0.48,0,NA,0.816666666666667
"E4",6,3,58,"DIFS",500,500,1,0.48,0,144,0.816666666666667
"E4",6,3,58,"GateOnly",500,500,0.445778748180495,0.213973799126638,0,NA,0.816666666666667
"E4",6,4,59,"DIFS_stage1only",100,100,0.216666666666667,0.52,0,NA,0.854166666666667
"E4",6,4,59,"Seurat",100,100,0.416666666666667,1,0,NA,0.854166666666667
"E4",6,4,59,"FEAST",100,100,0.416666666666667,1,0,NA,0.854166666666667
"E4",6,4,59,"DIFS",100,100,0.4,0.96,0,33,0.854166666666667
"E4",6,4,59,"GateOnly",100,100,0.0841543513957307,0.201970443349754,0,NA,0.854166666666667
"E4",6,4,59,"DIFS_stage1only",200,200,0.275,0.33,0,NA,0.854166666666667
"E4",6,4,59,"Seurat",200,200,0.829166666666667,0.995,0,NA,0.854166666666667
"E4",6,4,59,"FEAST",200,200,0.833333333333333,1,0,NA,0.854166666666667
"E4",6,4,59,"DIFS",200,200,0.616666666666667,0.74,0,61,0.854166666666667
"E4",6,4,59,"GateOnly",200,200,0.168308702791461,0.201970443349754,0,NA,0.854166666666667
"E4",6,4,59,"DIFS_stage1only",500,500,0.4625,0.222,0,NA,0.854166666666667
"E4",6,4,59,"Seurat",500,500,0.883333333333333,0.424,0,NA,0.854166666666667
"E4",6,4,59,"FEAST",500,500,1,0.48,0,NA,0.854166666666667
"E4",6,4,59,"DIFS",500,500,0.991666666666667,0.476,0,127,0.854166666666667
"E4",6,4,59,"GateOnly",500,500,0.420771756978654,0.201970443349754,0,NA,0.854166666666667
"E4",6,5,60,"DIFS_stage1only",100,100,0.208333333333333,0.5,0,NA,0.8625
"E4",6,5,60,"Seurat",100,100,0.416666666666667,1,0,NA,0.8625
"E4",6,5,60,"FEAST",100,100,0.416666666666667,1,0,NA,0.8625
"E4",6,5,60,"DIFS",100,100,0.383333333333333,0.92,0,25,0.8625
"E4",6,5,60,"GateOnly",100,100,0.08984375,0.215625,0,NA,0.8625
"E4",6,5,60,"DIFS_stage1only",200,200,0.25,0.3,0,NA,0.8625
"E4",6,5,60,"Seurat",200,200,0.833333333333333,1,0,NA,0.8625
"E4",6,5,60,"FEAST",200,200,0.833333333333333,1,0,NA,0.8625
"E4",6,5,60,"DIFS",200,200,0.6,0.72,0,58,0.8625
"E4",6,5,60,"GateOnly",200,200,0.1796875,0.215625,0,NA,0.8625
"E4",6,5,60,"DIFS_stage1only",500,500,0.458333333333333,0.22,0,NA,0.8625
"E4",6,5,60,"Seurat",500,500,0.916666666666667,0.44,0,NA,0.8625
"E4",6,5,60,"FEAST",500,500,1,0.48,0,NA,0.8625
"E4",6,5,60,"DIFS",500,500,0.9875,0.474,0,127,0.8625
"E4",6,5,60,"GateOnly",500,500,0.44921875,0.215625,0,NA,0.8625
"E4",8,1,61,"DIFS_stage1only",100,100,0.216666666666667,0.52,0,NA,1
"E4",8,1,61,"Seurat",100,100,0.416666666666667,1,0,NA,1
"E4",8,1,61,"FEAST",100,100,0.416666666666667,1,0,NA,1
"E4",8,1,61,"DIFS",100,100,0.325,0.78,0,0,1
"E4",8,1,61,"GateOnly",100,100,0.21978021978022,0.527472527472527,0,NA,1
"E4",8,1,61,"DIFS_stage1only",200,200,0.395833333333333,0.475,0,NA,1
"E4",8,1,61,"Seurat",200,200,0.704166666666667,0.845,0,NA,1
"E4",8,1,61,"FEAST",200,200,0.833333333333333,1,0,NA,1
"E4",8,1,61,"DIFS",200,200,0.6,0.72,0,0,1
"E4",8,1,61,"GateOnly",200,200,0.43956043956044,0.527472527472527,0,NA,1
"E4",8,1,61,"DIFS_stage1only",500,455,1,0.527472527472527,0,NA,1
"E4",8,1,61,"Seurat",500,500,0.716666666666667,0.344,0,NA,1
"E4",8,1,61,"FEAST",500,500,1,0.48,0,NA,1
"E4",8,1,61,"DIFS",500,500,1,0.48,0,0,1
"E4",8,1,61,"GateOnly",500,455,1,0.527472527472527,0,NA,1
"E4",8,2,62,"DIFS_stage1only",100,100,0.158333333333333,0.38,0,NA,0.8125
"E4",8,2,62,"Seurat",100,100,0.416666666666667,1,0,NA,0.8125
"E4",8,2,62,"FEAST",100,100,0.416666666666667,1,0,NA,0.8125
"E4",8,2,62,"DIFS",100,100,0.283333333333333,0.68,0,0,0.8125
"E4",8,2,62,"GateOnly",100,100,0.169979079497908,0.407949790794979,0,NA,0.8125
"E4",8,2,62,"DIFS_stage1only",200,200,0.325,0.39,0,NA,0.8125
"E4",8,2,62,"Seurat",200,200,0.720833333333333,0.865,0,NA,0.8125
"E4",8,2,62,"FEAST",200,200,0.833333333333333,1,0,NA,0.8125
"E4",8,2,62,"DIFS",200,200,0.545833333333333,0.655,0,0,0.8125
"E4",8,2,62,"GateOnly",200,200,0.339958158995816,0.407949790794979,0,NA,0.8125
"E4",8,2,62,"DIFS_stage1only",500,478,0.8125,0.407949790794979,0,NA,0.8125
"E4",8,2,62,"Seurat",500,500,0.745833333333333,0.358,0,NA,0.8125
"E4",8,2,62,"FEAST",500,500,1,0.48,0,NA,0.8125
"E4",8,2,62,"DIFS",500,500,1,0.48,0,45,0.8125
"E4",8,2,62,"GateOnly",500,478,0.8125,0.407949790794979,0,NA,0.8125
"E4",8,3,63,"DIFS_stage1only",100,100,0.2125,0.51,0,NA,0.841666666666667
"E4",8,3,63,"Seurat",100,100,0.416666666666667,1,0,NA,0.841666666666667
"E4",8,3,63,"FEAST",100,100,0.416666666666667,1,0,NA,0.841666666666667
"E4",8,3,63,"DIFS",100,100,0.316666666666667,0.76,0,0,0.841666666666667
"E4",8,3,63,"GateOnly",100,100,0.213080168776371,0.511392405063291,0,NA,0.841666666666667
"E4",8,3,63,"DIFS_stage1only",200,200,0.404166666666667,0.485,0,NA,0.841666666666667
"E4",8,3,63,"Seurat",200,200,0.7,0.84,0,NA,0.841666666666667
"E4",8,3,63,"FEAST",200,200,0.833333333333333,1,0,NA,0.841666666666667
"E4",8,3,63,"DIFS",200,200,0.583333333333333,0.7,0,0,0.841666666666667
"E4",8,3,63,"GateOnly",200,200,0.426160337552743,0.511392405063291,0,NA,0.841666666666667
"E4",8,3,63,"DIFS_stage1only",500,395,0.841666666666667,0.511392405063291,0,NA,0.841666666666667
"E4",8,3,63,"Seurat",500,500,0.725,0.348,0,NA,0.841666666666667
"E4",8,3,63,"FEAST",500,500,1,0.48,0,NA,0.841666666666667
"E4",8,3,63,"DIFS",500,500,1,0.48,0,38,0.841666666666667
"E4",8,3,63,"GateOnly",500,395,0.841666666666667,0.511392405063291,0,NA,0.841666666666667
"E4",8,4,64,"DIFS_stage1only",100,100,0.1875,0.45,0,NA,0.995833333333333
"E4",8,4,64,"Seurat",100,100,0.416666666666667,1,0,NA,0.995833333333333
"E4",8,4,64,"FEAST",100,100,0.416666666666667,1,0,NA,0.995833333333333
"E4",8,4,64,"DIFS",100,100,0.3375,0.81,0,7,0.995833333333333
"E4",8,4,64,"GateOnly",100,100,0.177827380952381,0.426785714285714,0,NA,0.995833333333333
"E4",8,4,64,"DIFS_stage1only",200,200,0.329166666666667,0.395,0,NA,0.995833333333333
"E4",8,4,64,"Seurat",200,200,0.7125,0.855,0,NA,0.995833333333333
"E4",8,4,64,"FEAST",200,200,0.833333333333333,1,0,NA,0.995833333333333
"E4",8,4,64,"DIFS",200,200,0.579166666666667,0.695,0,14,0.995833333333333
"E4",8,4,64,"GateOnly",200,200,0.355654761904762,0.426785714285714,0,NA,0.995833333333333
"E4",8,4,64,"DIFS_stage1only",500,500,0.854166666666667,0.41,0,NA,0.995833333333333
"E4",8,4,64,"Seurat",500,500,0.729166666666667,0.35,0,NA,0.995833333333333
"E4",8,4,64,"FEAST",500,500,1,0.48,0,NA,0.995833333333333
"E4",8,4,64,"DIFS",500,500,1,0.48,0,35,0.995833333333333
"E4",8,4,64,"GateOnly",500,500,0.889136904761905,0.426785714285714,0,NA,0.995833333333333
"E4",8,5,65,"DIFS_stage1only",100,100,0.183333333333333,0.44,0,NA,0.829166666666667
"E4",8,5,65,"Seurat",100,100,0.416666666666667,1,0,NA,0.829166666666667
"E4",8,5,65,"FEAST",100,100,0.416666666666667,1,0,NA,0.829166666666667
"E4",8,5,65,"DIFS",100,100,0.316666666666667,0.76,0,0,0.829166666666667
"E4",8,5,65,"GateOnly",100,100,0.188019652305367,0.45124716553288,0,NA,0.829166666666667
"E4",8,5,65,"DIFS_stage1only",200,200,0.341666666666667,0.41,0,NA,0.829166666666667
"E4",8,5,65,"Seurat",200,200,0.720833333333333,0.865,0,NA,0.829166666666667
"E4",8,5,65,"FEAST",200,200,0.833333333333333,1,0,NA,0.829166666666667
"E4",8,5,65,"DIFS",200,200,0.570833333333333,0.685,0,0,0.829166666666667
"E4",8,5,65,"GateOnly",200,200,0.376039304610733,0.45124716553288,0,NA,0.829166666666667
"E4",8,5,65,"DIFS_stage1only",500,441,0.829166666666667,0.45124716553288,0,NA,0.829166666666667
"E4",8,5,65,"Seurat",500,500,0.729166666666667,0.35,0,NA,0.829166666666667
"E4",8,5,65,"FEAST",500,500,1,0.48,0,NA,0.829166666666667
"E4",8,5,65,"DIFS",500,486,1,0.493827160493827,0,41,0.829166666666667
"E4",8,5,65,"GateOnly",500,441,0.829166666666667,0.45124716553288,0,NA,0.829166666666667
"E8md",2,1,66,"DIFS_stage1only",100,100,0.0375,0.09,7,NA,1
"E8md",2,1,66,"Seurat",100,100,0.308333333333333,0.74,25,NA,1
"E8md",2,1,66,"FEAST",100,100,0.416666666666667,1,0,NA,1
"E8md",2,1,66,"DIFS",100,100,0.320833333333333,0.77,1,6,1
"E8md",2,1,66,"GateOnly",100,100,0.0333333333333333,0.08,8,NA,1
"E8md",2,1,66,"DIFS_stage1only",200,200,0.0708333333333333,0.085,16,NA,1
"E8md",2,1,66,"Seurat",200,200,0.529166666666667,0.635,62,NA,1
"E8md",2,1,66,"FEAST",200,200,0.833333333333333,1,0,NA,1
"E8md",2,1,66,"DIFS",200,200,0.579166666666667,0.695,5,16,1
"E8md",2,1,66,"GateOnly",200,200,0.0666666666666667,0.08,16,NA,1
"E8md",2,1,66,"DIFS_stage1only",500,500,0.170833333333333,0.082,56,NA,1
"E8md",2,1,66,"Seurat",500,500,0.833333333333333,0.4,130,NA,1
"E8md",2,1,66,"FEAST",500,500,1,0.48,30,NA,1
"E8md",2,1,66,"DIFS",500,500,0.908333333333333,0.436,32,35,1
"E8md",2,1,66,"GateOnly",500,500,0.166666666666667,0.08,40,NA,1
"E8md",2,2,67,"DIFS_stage1only",100,100,0.0416666666666667,0.1,6,NA,1
"E8md",2,2,67,"Seurat",100,100,0.295833333333333,0.71,26,NA,1
"E8md",2,2,67,"FEAST",100,100,0.416666666666667,1,0,NA,1
"E8md",2,2,67,"DIFS",100,100,0.316666666666667,0.76,2,6,1
"E8md",2,2,67,"GateOnly",100,100,0.0333333333333333,0.08,8,NA,1
"E8md",2,2,67,"DIFS_stage1only",200,200,0.0833333333333333,0.1,17,NA,1
"E8md",2,2,67,"Seurat",200,200,0.5375,0.645,55,NA,1
"E8md",2,2,67,"FEAST",200,200,0.833333333333333,1,0,NA,1
"E8md",2,2,67,"DIFS",200,200,0.520833333333333,0.625,5,13,1
"E8md",2,2,67,"GateOnly",200,200,0.0666666666666667,0.08,16,NA,1
"E8md",2,2,67,"DIFS_stage1only",500,500,0.170833333333333,0.082,37,NA,1
"E8md",2,2,67,"Seurat",500,500,0.783333333333333,0.376,123,NA,1
"E8md",2,2,67,"FEAST",500,500,1,0.48,28,NA,1
"E8md",2,2,67,"DIFS",500,500,0.895833333333333,0.43,26,28,1
"E8md",2,2,67,"GateOnly",500,500,0.166666666666667,0.08,40,NA,1
"E8md",2,3,68,"DIFS_stage1only",100,100,0.0333333333333333,0.08,7,NA,1
"E8md",2,3,68,"Seurat",100,100,0.320833333333333,0.77,22,NA,1
"E8md",2,3,68,"FEAST",100,100,0.416666666666667,1,0,NA,1
"E8md",2,3,68,"DIFS",100,100,0.320833333333333,0.77,1,22,1
"E8md",2,3,68,"GateOnly",100,100,0.0333333333333333,0.08,8,NA,1
"E8md",2,3,68,"DIFS_stage1only",200,200,0.0583333333333333,0.07,19,NA,1
"E8md",2,3,68,"Seurat",200,200,0.5625,0.675,58,NA,1
"E8md",2,3,68,"FEAST",200,200,0.833333333333333,1,0,NA,1
"E8md",2,3,68,"DIFS",200,200,0.445833333333333,0.535,7,33,1
"E8md",2,3,68,"GateOnly",200,200,0.0666666666666667,0.08,16,NA,1
"E8md",2,3,68,"DIFS_stage1only",500,500,0.2,0.096,50,NA,1
"E8md",2,3,68,"Seurat",500,500,0.804166666666667,0.386,111,NA,1
"E8md",2,3,68,"FEAST",500,500,0.995833333333333,0.478,21,NA,1
"E8md",2,3,68,"DIFS",500,500,0.879166666666667,0.422,23,57,1
"E8md",2,3,68,"GateOnly",500,500,0.166666666666667,0.08,40,NA,1
"E8md",2,4,69,"DIFS_stage1only",100,100,0.05,0.12,5,NA,1
"E8md",2,4,69,"Seurat",100,100,0.304166666666667,0.73,27,NA,1
"E8md",2,4,69,"FEAST",100,100,0.416666666666667,1,0,NA,1
"E8md",2,4,69,"DIFS",100,100,0.275,0.66,2,6,1
"E8md",2,4,69,"GateOnly",100,100,0.0333333333333333,0.08,8,NA,1
"E8md",2,4,69,"DIFS_stage1only",200,200,0.0916666666666667,0.11,17,NA,1
"E8md",2,4,69,"Seurat",200,200,0.525,0.63,61,NA,1
"E8md",2,4,69,"FEAST",200,200,0.833333333333333,1,0,NA,1
"E8md",2,4,69,"DIFS",200,200,0.583333333333333,0.7,2,15,1
"E8md",2,4,69,"GateOnly",200,200,0.0666666666666667,0.08,16,NA,1
"E8md",2,4,69,"DIFS_stage1only",500,500,0.204166666666667,0.098,44,NA,1
"E8md",2,4,69,"Seurat",500,500,0.820833333333333,0.394,127,NA,1
"E8md",2,4,69,"FEAST",500,500,1,0.48,18,NA,1
"E8md",2,4,69,"DIFS",500,500,0.916666666666667,0.44,27,27,1
"E8md",2,4,69,"GateOnly",500,500,0.166666666666667,0.08,40,NA,1
"E8md",2,5,70,"DIFS_stage1only",100,100,0.0416666666666667,0.1,11,NA,1
"E8md",2,5,70,"Seurat",100,100,0.325,0.78,22,NA,1
"E8md",2,5,70,"FEAST",100,100,0.416666666666667,1,0,NA,1
"E8md",2,5,70,"DIFS",100,100,0.316666666666667,0.76,4,8,1
"E8md",2,5,70,"GateOnly",100,100,0.0333333333333333,0.08,8,NA,1
"E8md",2,5,70,"DIFS_stage1only",200,200,0.075,0.09,22,NA,1
"E8md",2,5,70,"Seurat",200,200,0.545833333333333,0.655,53,NA,1
"E8md",2,5,70,"FEAST",200,200,0.833333333333333,1,0,NA,1
"E8md",2,5,70,"DIFS",200,200,0.575,0.69,8,27,1
"E8md",2,5,70,"GateOnly",200,200,0.0666666666666667,0.08,16,NA,1
"E8md",2,5,70,"DIFS_stage1only",500,500,0.1875,0.09,45,NA,1
"E8md",2,5,70,"Seurat",500,500,0.795833333333333,0.382,119,NA,1
"E8md",2,5,70,"FEAST",500,500,1,0.48,31,NA,1
"E8md",2,5,70,"DIFS",500,500,0.925,0.444,29,49,1
"E8md",2,5,70,"GateOnly",500,500,0.166666666666667,0.08,40,NA,1
"E8md",4,1,71,"DIFS_stage1only",100,100,0.395833333333333,0.95,0,NA,1
"E8md",4,1,71,"Seurat",100,100,0.333333333333333,0.8,20,NA,1
"E8md",4,1,71,"FEAST",100,100,0.416666666666667,1,0,NA,1
"E8md",4,1,71,"DIFS",100,100,0.416666666666667,1,0,5,1
"E8md",4,1,71,"GateOnly",100,100,0.0333333333333333,0.08,8,NA,1
"E8md",4,1,71,"DIFS_stage1only",200,200,0.470833333333333,0.565,5,NA,1
"E8md",4,1,71,"Seurat",200,200,0.579166666666667,0.695,61,NA,1
"E8md",4,1,71,"FEAST",200,200,0.833333333333333,1,0,NA,1
"E8md",4,1,71,"DIFS",200,200,0.6625,0.795,5,29,1
"E8md",4,1,71,"GateOnly",200,200,0.0666666666666667,0.08,16,NA,1
"E8md",4,1,71,"DIFS_stage1only",500,500,0.554166666666667,0.266,30,NA,1
"E8md",4,1,71,"Seurat",500,500,0.95,0.456,211,NA,1
"E8md",4,1,71,"FEAST",500,500,1,0.48,21,NA,1
"E8md",4,1,71,"DIFS",500,500,0.954166666666667,0.458,20,81,1
"E8md",4,1,71,"GateOnly",500,500,0.166666666666667,0.08,40,NA,1
"E8md",4,2,72,"DIFS_stage1only",100,100,0.370833333333333,0.89,3,NA,1
"E8md",4,2,72,"Seurat",100,100,0.3125,0.75,25,NA,1
"E8md",4,2,72,"FEAST",100,100,0.416666666666667,1,0,NA,1
"E8md",4,2,72,"DIFS",100,100,0.416666666666667,1,0,10,1
"E8md",4,2,72,"GateOnly",100,100,0.0333333333333333,0.08,8,NA,1
"E8md",4,2,72,"DIFS_stage1only",200,200,0.429166666666667,0.515,16,NA,1
"E8md",4,2,72,"Seurat",200,200,0.583333333333333,0.7,60,NA,1
"E8md",4,2,72,"FEAST",200,200,0.833333333333333,1,0,NA,1
"E8md",4,2,72,"DIFS",200,200,0.641666666666667,0.77,10,36,1
"E8md",4,2,72,"GateOnly",200,200,0.0666666666666667,0.08,16,NA,1
"E8md",4,2,72,"DIFS_stage1only",500,500,0.55,0.264,49,NA,1
"E8md",4,2,72,"Seurat",500,500,0.941666666666667,0.452,202,NA,1
"E8md",4,2,72,"FEAST",500,500,1,0.48,26,NA,1
"E8md",4,2,72,"DIFS",500,500,0.975,0.468,34,102,1
"E8md",4,2,72,"GateOnly",500,500,0.166666666666667,0.08,40,NA,1
"E8md",4,3,73,"DIFS_stage1only",100,100,0.391666666666667,0.94,1,NA,1
"E8md",4,3,73,"Seurat",100,100,0.325,0.78,22,NA,1
"E8md",4,3,73,"FEAST",100,100,0.416666666666667,1,0,NA,1
"E8md",4,3,73,"DIFS",100,100,0.416666666666667,1,0,7,1
"E8md",4,3,73,"GateOnly",100,100,0.0333333333333333,0.08,8,NA,1
"E8md",4,3,73,"DIFS_stage1only",200,200,0.458333333333333,0.55,10,NA,1
"E8md",4,3,73,"Seurat",200,200,0.5625,0.675,65,NA,1
"E8md",4,3,73,"FEAST",200,200,0.833333333333333,1,0,NA,1
"E8md",4,3,73,"DIFS",200,200,0.654166666666667,0.785,5,33,1
"E8md",4,3,73,"GateOnly",200,200,0.0666666666666667,0.08,16,NA,1
"E8md",4,3,73,"DIFS_stage1only",500,500,0.5375,0.258,30,NA,1
"E8md",4,3,73,"Seurat",500,500,0.970833333333333,0.466,211,NA,1
"E8md",4,3,73,"FEAST",500,500,1,0.48,30,NA,1
"E8md",4,3,73,"DIFS",500,500,0.933333333333333,0.448,31,87,1
"E8md",4,3,73,"GateOnly",500,500,0.166666666666667,0.08,40,NA,1
"E8md",4,4,74,"DIFS_stage1only",100,100,0.408333333333333,0.98,0,NA,1
"E8md",4,4,74,"Seurat",100,100,0.3375,0.81,19,NA,1
"E8md",4,4,74,"FEAST",100,100,0.416666666666667,1,0,NA,1
"E8md",4,4,74,"DIFS",100,100,0.416666666666667,1,0,9,1
"E8md",4,4,74,"GateOnly",100,100,0.0333333333333333,0.08,8,NA,1
"E8md",4,4,74,"DIFS_stage1only",200,200,0.495833333333333,0.595,6,NA,1
"E8md",4,4,74,"Seurat",200,200,0.591666666666667,0.71,58,NA,1
"E8md",4,4,74,"FEAST",200,200,0.833333333333333,1,0,NA,1
"E8md",4,4,74,"DIFS",200,200,0.679166666666667,0.815,2,35,1
"E8md",4,4,74,"GateOnly",200,200,0.0666666666666667,0.08,16,NA,1
"E8md",4,4,74,"DIFS_stage1only",500,500,0.591666666666667,0.284,28,NA,1
"E8md",4,4,74,"Seurat",500,500,0.9375,0.45,210,NA,1
"E8md",4,4,74,"FEAST",500,500,1,0.48,22,NA,1
"E8md",4,4,74,"DIFS",500,500,0.970833333333333,0.466,25,92,1
"E8md",4,4,74,"GateOnly",500,500,0.166666666666667,0.08,40,NA,1
"E8md",4,5,75,"DIFS_stage1only",100,100,0.383333333333333,0.92,0,NA,1
"E8md",4,5,75,"Seurat",100,100,0.316666666666667,0.76,24,NA,1
"E8md",4,5,75,"FEAST",100,100,0.416666666666667,1,0,NA,1
"E8md",4,5,75,"DIFS",100,100,0.416666666666667,1,0,5,1
"E8md",4,5,75,"GateOnly",100,100,0.0333333333333333,0.08,8,NA,1
"E8md",4,5,75,"DIFS_stage1only",200,200,0.475,0.57,4,NA,1
"E8md",4,5,75,"Seurat",200,200,0.6,0.72,56,NA,1
"E8md",4,5,75,"FEAST",200,200,0.833333333333333,1,0,NA,1
"E8md",4,5,75,"DIFS",200,200,0.6625,0.795,1,34,1
"E8md",4,5,75,"GateOnly",200,200,0.0666666666666667,0.08,16,NA,1
"E8md",4,5,75,"DIFS_stage1only",500,500,0.570833333333333,0.274,30,NA,1
"E8md",4,5,75,"Seurat",500,500,0.970833333333333,0.466,211,NA,1
"E8md",4,5,75,"FEAST",500,500,1,0.48,23,NA,1
"E8md",4,5,75,"DIFS",500,500,0.975,0.468,21,97,1
"E8md",4,5,75,"GateOnly",500,500,0.166666666666667,0.08,40,NA,1
"E8md",6,1,76,"DIFS_stage1only",100,100,0.416666666666667,1,0,NA,1
"E8md",6,1,76,"Seurat",100,100,0.3875,0.93,7,NA,1
"E8md",6,1,76,"FEAST",100,100,0.416666666666667,1,0,NA,1
"E8md",6,1,76,"DIFS",100,100,0.416666666666667,1,0,0,1
"E8md",6,1,76,"GateOnly",100,100,0.0333333333333333,0.08,8,NA,1
"E8md",6,1,76,"DIFS_stage1only",200,200,0.725,0.87,1,NA,1
"E8md",6,1,76,"Seurat",200,200,0.591666666666667,0.71,58,NA,1
"E8md",6,1,76,"FEAST",200,200,0.833333333333333,1,0,NA,1
"E8md",6,1,76,"DIFS",200,200,0.783333333333333,0.94,0,11,1
"E8md",6,1,76,"GateOnly",200,200,0.0666666666666667,0.08,16,NA,1
"E8md",6,1,76,"DIFS_stage1only",500,500,0.820833333333333,0.394,30,NA,1
"E8md",6,1,76,"Seurat",500,500,0.866666666666667,0.416,233,NA,1
"E8md",6,1,76,"FEAST",500,500,1,0.48,17,NA,1
"E8md",6,1,76,"DIFS",500,500,0.970833333333333,0.466,23,36,1
"E8md",6,1,76,"GateOnly",500,500,0.166666666666667,0.08,40,NA,1
"E8md",6,2,77,"DIFS_stage1only",100,100,0.416666666666667,1,0,NA,1
"E8md",6,2,77,"Seurat",100,100,0.383333333333333,0.92,8,NA,1
"E8md",6,2,77,"FEAST",100,100,0.416666666666667,1,0,NA,1
"E8md",6,2,77,"DIFS",100,100,0.416666666666667,1,0,0,1
"E8md",6,2,77,"GateOnly",100,100,0.0333333333333333,0.08,8,NA,1
"E8md",6,2,77,"DIFS_stage1only",200,200,0.770833333333333,0.925,1,NA,1
"E8md",6,2,77,"Seurat",200,200,0.629166666666667,0.755,49,NA,1
"E8md",6,2,77,"FEAST",200,200,0.833333333333333,1,0,NA,1
"E8md",6,2,77,"DIFS",200,200,0.833333333333333,1,0,13,1
"E8md",6,2,77,"GateOnly",200,200,0.0666666666666667,0.08,16,NA,1
"E8md",6,2,77,"DIFS_stage1only",500,500,0.804166666666667,0.386,35,NA,1
"E8md",6,2,77,"Seurat",500,500,0.858333333333333,0.412,231,NA,1
"E8md",6,2,77,"FEAST",500,500,1,0.48,22,NA,1
"E8md",6,2,77,"DIFS",500,500,0.979166666666667,0.47,38,42,1
"E8md",6,2,77,"GateOnly",500,500,0.166666666666667,0.08,40,NA,1
"E8md",6,3,78,"DIFS_stage1only",100,100,0.416666666666667,1,0,NA,1
"E8md",6,3,78,"Seurat",100,100,0.391666666666667,0.94,6,NA,1
"E8md",6,3,78,"FEAST",100,100,0.416666666666667,1,0,NA,1
"E8md",6,3,78,"DIFS",100,100,0.416666666666667,1,0,0,1
"E8md",6,3,78,"GateOnly",100,100,0.0333333333333333,0.08,8,NA,1
"E8md",6,3,78,"DIFS_stage1only",200,200,0.791666666666667,0.95,0,NA,1
"E8md",6,3,78,"Seurat",200,200,0.5875,0.705,59,NA,1
"E8md",6,3,78,"FEAST",200,200,0.833333333333333,1,0,NA,1
"E8md",6,3,78,"DIFS",200,200,0.829166666666667,0.995,0,8,1
"E8md",6,3,78,"GateOnly",200,200,0.0666666666666667,0.08,16,NA,1
"E8md",6,3,78,"DIFS_stage1only",500,500,0.845833333333333,0.406,33,NA,1
"E8md",6,3,78,"Seurat",500,500,0.891666666666667,0.428,234,NA,1
"E8md",6,3,78,"FEAST",500,500,1,0.48,30,NA,1
"E8md",6,3,78,"DIFS",500,500,0.954166666666667,0.458,25,26,1
"E8md",6,3,78,"GateOnly",500,500,0.166666666666667,0.08,40,NA,1
"E8md",6,4,79,"DIFS_stage1only",100,100,0.416666666666667,1,0,NA,1
"E8md",6,4,79,"Seurat",100,100,0.345833333333333,0.83,17,NA,1
"E8md",6,4,79,"FEAST",100,100,0.416666666666667,1,0,NA,1
"E8md",6,4,79,"DIFS",100,100,0.416666666666667,1,0,0,1
"E8md",6,4,79,"GateOnly",100,100,0.0333333333333333,0.08,8,NA,1
"E8md",6,4,79,"DIFS_stage1only",200,200,0.7375,0.885,3,NA,1
"E8md",6,4,79,"Seurat",200,200,0.55,0.66,68,NA,1
"E8md",6,4,79,"FEAST",200,200,0.833333333333333,1,0,NA,1
"E8md",6,4,79,"DIFS",200,200,0.8,0.96,2,7,1
"E8md",6,4,79,"GateOnly",200,200,0.0666666666666667,0.08,16,NA,1
"E8md",6,4,79,"DIFS_stage1only",500,500,0.858333333333333,0.412,21,NA,1
"E8md",6,4,79,"Seurat",500,500,0.858333333333333,0.412,230,NA,1
"E8md",6,4,79,"FEAST",500,500,1,0.48,22,NA,1
"E8md",6,4,79,"DIFS",500,500,0.970833333333333,0.466,23,30,1
"E8md",6,4,79,"GateOnly",500,500,0.166666666666667,0.08,40,NA,1
"E8md",6,5,80,"DIFS_stage1only",100,100,0.416666666666667,1,0,NA,1
"E8md",6,5,80,"Seurat",100,100,0.3875,0.93,7,NA,1
"E8md",6,5,80,"FEAST",100,100,0.416666666666667,1,0,NA,1
"E8md",6,5,80,"DIFS",100,100,0.416666666666667,1,0,0,1
"E8md",6,5,80,"GateOnly",100,100,0.0333333333333333,0.08,8,NA,1
"E8md",6,5,80,"DIFS_stage1only",200,200,0.779166666666667,0.935,1,NA,1
"E8md",6,5,80,"Seurat",200,200,0.608333333333333,0.73,54,NA,1
"E8md",6,5,80,"FEAST",200,200,0.833333333333333,1,0,NA,1
"E8md",6,5,80,"DIFS",200,200,0.829166666666667,0.995,0,13,1
"E8md",6,5,80,"GateOnly",200,200,0.0666666666666667,0.08,16,NA,1
"E8md",6,5,80,"DIFS_stage1only",500,500,0.820833333333333,0.394,26,NA,1
"E8md",6,5,80,"Seurat",500,500,0.916666666666667,0.44,223,NA,1
"E8md",6,5,80,"FEAST",500,500,1,0.48,15,NA,1
"E8md",6,5,80,"DIFS",500,500,0.975,0.468,23,37,1
"E8md",6,5,80,"GateOnly",500,500,0.166666666666667,0.08,40,NA,1
"E8md",8,1,81,"DIFS_stage1only",100,100,0.416666666666667,1,0,NA,1
"E8md",8,1,81,"Seurat",100,100,0.316666666666667,0.76,24,NA,1
"E8md",8,1,81,"FEAST",100,100,0.416666666666667,1,0,NA,1
"E8md",8,1,81,"DIFS",100,100,0.416666666666667,1,0,0,1
"E8md",8,1,81,"GateOnly",100,100,0.0333333333333333,0.08,8,NA,1
"E8md",8,1,81,"DIFS_stage1only",200,200,0.833333333333333,1,0,NA,1
"E8md",8,1,81,"Seurat",200,200,0.433333333333333,0.52,96,NA,1
"E8md",8,1,81,"FEAST",200,200,0.833333333333333,1,0,NA,1
"E8md",8,1,81,"DIFS",200,200,0.833333333333333,1,0,2,1
"E8md",8,1,81,"GateOnly",200,200,0.0666666666666667,0.08,16,NA,1
"E8md",8,1,81,"DIFS_stage1only",500,500,0.879166666666667,0.422,33,NA,1
"E8md",8,1,81,"Seurat",500,500,0.725,0.348,232,NA,1
"E8md",8,1,81,"FEAST",500,500,1,0.48,26,NA,1
"E8md",8,1,81,"DIFS",500,500,0.983333333333333,0.472,33,25,1
"E8md",8,1,81,"GateOnly",500,500,0.166666666666667,0.08,40,NA,1
"E8md",8,2,82,"DIFS_stage1only",100,100,0.416666666666667,1,0,NA,1
"E8md",8,2,82,"Seurat",100,100,0.333333333333333,0.8,20,NA,1
"E8md",8,2,82,"FEAST",100,100,0.416666666666667,1,0,NA,1
"E8md",8,2,82,"DIFS",100,100,0.416666666666667,1,0,0,1
"E8md",8,2,82,"GateOnly",100,100,0.0333333333333333,0.08,8,NA,1
"E8md",8,2,82,"DIFS_stage1only",200,200,0.829166666666667,0.995,1,NA,1
"E8md",8,2,82,"Seurat",200,200,0.416666666666667,0.5,100,NA,1
"E8md",8,2,82,"FEAST",200,200,0.833333333333333,1,0,NA,1
"E8md",8,2,82,"DIFS",200,200,0.833333333333333,1,0,0,1
"E8md",8,2,82,"GateOnly",200,200,0.0666666666666667,0.08,16,NA,1
"E8md",8,2,82,"DIFS_stage1only",500,500,1,0.48,40,NA,1
"E8md",8,2,82,"Seurat",500,500,0.704166666666667,0.338,231,NA,1
"E8md",8,2,82,"FEAST",500,500,1,0.48,22,NA,1
"E8md",8,2,82,"DIFS",500,500,1,0.48,32,0,1
"E8md",8,2,82,"GateOnly",500,500,0.166666666666667,0.08,40,NA,1
"E8md",8,3,83,"DIFS_stage1only",100,100,0.416666666666667,1,0,NA,1
"E8md",8,3,83,"Seurat",100,100,0.416666666666667,1,0,NA,1
"E8md",8,3,83,"FEAST",100,100,0.416666666666667,1,0,NA,1
"E8md",8,3,83,"DIFS",100,100,0.416666666666667,1,0,0,1
"E8md",8,3,83,"GateOnly",100,100,0.0333333333333333,0.08,8,NA,1
"E8md",8,3,83,"DIFS_stage1only",200,200,0.804166666666667,0.965,2,NA,1
"E8md",8,3,83,"Seurat",200,200,0.570833333333333,0.685,63,NA,1
"E8md",8,3,83,"FEAST",200,200,0.833333333333333,1,0,NA,1
"E8md",8,3,83,"DIFS",200,200,0.833333333333333,1,0,0,1
"E8md",8,3,83,"GateOnly",200,200,0.0666666666666667,0.08,16,NA,1
"E8md",8,3,83,"DIFS_stage1only",500,500,0.9,0.432,31,NA,1
"E8md",8,3,83,"Seurat",500,500,0.825,0.396,229,NA,1
"E8md",8,3,83,"FEAST",500,500,1,0.48,18,NA,1
"E8md",8,3,83,"DIFS",500,500,0.975,0.468,32,18,1
"E8md",8,3,83,"GateOnly",500,500,0.166666666666667,0.08,40,NA,1
"E8md",8,4,84,"DIFS_stage1only",100,100,0.416666666666667,1,0,NA,1
"E8md",8,4,84,"Seurat",100,100,0.416666666666667,1,0,NA,1
"E8md",8,4,84,"FEAST",100,100,0.416666666666667,1,0,NA,1
"E8md",8,4,84,"DIFS",100,100,0.416666666666667,1,0,0,1
"E8md",8,4,84,"GateOnly",100,100,0.0333333333333333,0.08,8,NA,1
"E8md",8,4,84,"DIFS_stage1only",200,200,0.795833333333333,0.955,1,NA,1
"E8md",8,4,84,"Seurat",200,200,0.558333333333333,0.67,66,NA,1
"E8md",8,4,84,"FEAST",200,200,0.833333333333333,1,0,NA,1
"E8md",8,4,84,"DIFS",200,200,0.825,0.99,0,1,1
"E8md",8,4,84,"GateOnly",200,200,0.0666666666666667,0.08,16,NA,1
"E8md",8,4,84,"DIFS_stage1only",500,500,0.916666666666667,0.44,25,NA,1
"E8md",8,4,84,"Seurat",500,500,0.779166666666667,0.374,230,NA,1
"E8md",8,4,84,"FEAST",500,500,1,0.48,12,NA,1
"E8md",8,4,84,"DIFS",500,500,0.975,0.468,33,14,1
"E8md",8,4,84,"GateOnly",500,500,0.166666666666667,0.08,40,NA,1
"E8md",8,5,85,"DIFS_stage1only",100,100,0.416666666666667,1,0,NA,1
"E8md",8,5,85,"Seurat",100,100,0.383333333333333,0.92,8,NA,1
"E8md",8,5,85,"FEAST",100,100,0.416666666666667,1,0,NA,1
"E8md",8,5,85,"DIFS",100,100,0.416666666666667,1,0,0,1
"E8md",8,5,85,"GateOnly",100,100,0.0333333333333333,0.08,8,NA,1
"E8md",8,5,85,"DIFS_stage1only",200,200,0.825,0.99,0,NA,1
"E8md",8,5,85,"Seurat",200,200,0.545833333333333,0.655,69,NA,1
"E8md",8,5,85,"FEAST",200,200,0.833333333333333,1,0,NA,1
"E8md",8,5,85,"DIFS",200,200,0.833333333333333,1,0,1,1
"E8md",8,5,85,"GateOnly",200,200,0.0666666666666667,0.08,16,NA,1
"E8md",8,5,85,"DIFS_stage1only",500,500,0.954166666666667,0.458,34,NA,1
"E8md",8,5,85,"Seurat",500,500,0.833333333333333,0.4,231,NA,1
"E8md",8,5,85,"FEAST",500,500,1,0.48,15,NA,1
"E8md",8,5,85,"DIFS",500,500,0.9875,0.474,36,8,1
"E8md",8,5,85,"GateOnly",500,500,0.166666666666667,0.08,40,NA,1
