"list","method","budget","cov10","cov25","covall","types1","types3","precision","datasets"
"detection","DIFS",100,0.104688382954885,0.0842541477827897,0.0145327797736133,0.404778863112196,0.169685253018586,0.48,"independent9"
"hurdle","DIFS",100,0.304932615901682,0.242873430663902,0.109035584317714,0.757309048975716,0.495862162528829,0.714444444444444,"independent9"
"level","DIFS",100,0.338970774739736,0.266831240822466,0.164474994118145,0.786579161579162,0.51702618369285,0.654444444444444,"independent9"
"wilcox","DIFS",100,0.363907030225303,0.267661485635026,0.112027520144723,0.829127662460996,0.541446208112875,0.706666666666667,"independent9"
"detection","DIFS_stage1only",100,0.0304020924773186,0.0261264308680942,0.00874059803419912,0.224732058065391,0.0138888888888889,0.301111111111111,"independent9"
"hurdle","DIFS_stage1only",100,0.0999353276026256,0.0889345014332666,0.0628353507852084,0.516483516483516,0.138854972188306,0.418888888888889,"independent9"
"level","DIFS_stage1only",100,0.147279451741226,0.123045997550017,0.0954129798483863,0.63637905304572,0.223460181793515,0.357777777777778,"independent9"
"wilcox","DIFS_stage1only",100,0.129789684818079,0.101953179692453,0.0649012234347723,0.618335368335368,0.195563695563696,0.407777777777778,"independent9"
"detection","FEAST",100,0.134895820519661,0.121257519322858,0.0206639390114423,0.35878781712115,0.170278795278795,0.66,"independent9"
"hurdle","FEAST",100,0.29317916114002,0.243516320889612,0.0903172027544762,0.637362637362637,0.375644417311084,0.743333333333333,"independent9"
"level","FEAST",100,0.298500866926636,0.255020524810848,0.150463886059742,0.665140415140415,0.398080314746981,0.624444444444444,"independent9"
"wilcox","FEAST",100,0.31241063093538,0.260194246575046,0.0936286410429796,0.753781712115045,0.37338895672229,0.742222222222222,"independent9"
"detection","GateOnly",100,0.01287396311702,0.0114359371267131,0.00687205447967137,0.114829109064478,0.0013155061912809,0.257782203168149,"independent9"
"hurdle","GateOnly",100,0.0441802183792459,0.0440964348355259,0.0418161117991923,0.323591654068965,0.0206873420375009,0.295143296753403,"independent9"
"level","GateOnly",100,0.0585065721833171,0.0575249669667937,0.0546236086461311,0.373019711019642,0.0299549026247407,0.210017752621754,"independent9"
"wilcox","GateOnly",100,0.0573248486588018,0.0522023732199729,0.0421032871803208,0.385481375150001,0.0356018689322714,0.280285476606704,"independent9"
"detection","Random",100,0.00438055651911656,0.00438055651911656,0.00438055651911656,0.0428788992978131,1.22074409293602e-05,0.164393930976313,"independent9"
"hurdle","Random",100,0.00438055651911656,0.00438055651911656,0.00438055651911656,0.0425514351167464,1.21249313724207e-05,0.0592086238436696,"independent9"
"level","Random",100,0.00438055651911656,0.00438055651911656,0.00438055651911656,0.0402840839008891,1.14225584425761e-05,0.0256244361593666,"independent9"
"wilcox","Random",100,0.00438055651911656,0.00438055651911656,0.00438055651911656,0.0422210168831217,1.20945838502113e-05,0.0544726254442794,"independent9"
"detection","Seurat",100,0.136092602374067,0.0992636713745043,0.0191487219526839,0.578890245556912,0.14635056301723,0.602222222222222,"independent9"
"hurdle","Seurat",100,0.260154978415711,0.182321137946038,0.102915987155991,0.736416361416361,0.401098901098901,0.672222222222222,"independent9"
"level","Seurat",100,0.187889125893163,0.13935591581712,0.109870650836531,0.658458825125492,0.233821733821734,0.516666666666667,"independent9"
"wilcox","Seurat",100,0.243147040553596,0.167214288005488,0.0990755440696214,0.719322344322344,0.390296431963099,0.656666666666667,"independent9"
"detection","Seurat_gated",100,0.0942855130107757,0.0799159683433827,0.0161715058121995,0.375339167005834,0.132292090625424,0.547777777777778,"independent9"
"hurdle","Seurat_gated",100,0.260131232053581,0.194476807783388,0.119845195786885,0.747490164156831,0.427570885904219,0.797777777777778,"independent9"
"level","Seurat_gated",100,0.279107742380173,0.216944442280611,0.176255802790414,0.762922262922263,0.450278116944784,0.686666666666667,"independent9"
"wilcox","Seurat_gated",100,0.290483356900917,0.213610351540647,0.120593412554191,0.853819020485687,0.517195767195767,0.784444444444444,"independent9"
"detection","DIFS",200,0.155232477189256,0.126488083337154,0.0247777112705885,0.449650657983991,0.311117894451228,0.432777777777778,"independent9"
"hurdle","DIFS",200,0.401526903231449,0.347632789454066,0.182776454276426,0.841473341473342,0.621540496540497,0.615,"independent9"
"level","DIFS",200,0.447352390322634,0.397395929143408,0.277012226522272,0.861925111925112,0.605938814272148,0.547222222222222,"independent9"
"wilcox","DIFS",200,0.472591386922163,0.386779771132759,0.186619623068719,0.924925383258717,0.667124542124542,0.606666666666667,"independent9"
"detection","DIFS_stage1only",200,0.0542270509310098,0.0426765519411264,0.0155903552810831,0.346883055216389,0.0541819291819292,0.28,"independent9"
"hurdle","DIFS_stage1only",200,0.14086285079025,0.127524862537417,0.107216251313358,0.59055759055759,0.20538258038258,0.369444444444444,"independent9"
"level","DIFS_stage1only",200,0.190303680549652,0.17668550293753,0.155524262469813,0.657271740605074,0.287562745896079,0.294444444444444,"independent9"
"wilcox","DIFS_stage1only",200,0.180322732250399,0.15115682606129,0.109961525365095,0.700685117351784,0.342728259394926,0.357777777777778,"independent9"
"detection","FEAST",200,0.20794508663451,0.195834188341016,0.039820374787702,0.469865011531678,0.258479175145842,0.648888888888889,"independent9"
"hurdle","FEAST",200,0.404334735947741,0.353575159420709,0.150804658721189,0.728259394926062,0.542667209333876,0.703888888888889,"independent9"
"level","FEAST",200,0.428297469297391,0.377700317530344,0.226771507676443,0.769926061592728,0.574091032424366,0.52,"independent9"
"wilcox","FEAST",200,0.441226655546759,0.379997033491159,0.155836396075101,0.834147334147334,0.585724460724461,0.702777777777778,"independent9"
"detection","GateOnly",200,0.0257479262340401,0.0228718742534262,0.0137441089593427,0.204369631544281,0.00865426142806988,0.257782203168149,"independent9"
"hurdle","GateOnly",200,0.0883604367584918,0.0881928696710518,0.0836322235983847,0.501606574191621,0.0972412055160951,0.295143296753403,"independent9"
"level","GateOnly",200,0.117013144366634,0.115049933933587,0.109247217292262,0.567397325842736,0.126770820042894,0.210017752621754,"independent9"
"wilcox","GateOnly",200,0.114649697317604,0.104404746439946,0.0842065743606416,0.58090086842837,0.139426801750493,0.280285476606704,"independent9"
"detection","Random",200,0.00876111303823311,0.00876111303823311,0.00876111303823311,0.0839358086152844,9.64251506739776e-05,0.164393930976313,"independent9"
"hurdle","Random",200,0.00876111303823311,0.00876111303823311,0.00876111303823311,0.0832965725869842,9.57674013498648e-05,0.0592086238436696,"independent9"
"level","Random",200,0.00876111303823311,0.00876111303823311,0.00876111303823311,0.0788665757442781,9.02238751541688e-05,0.0256244361593666,"independent9"
"wilcox","Random",200,0.00876111303823311,0.00876111303823311,0.00876111303823311,0.0826456745919081,9.5523350431872e-05,0.0544726254442794,"independent9"
"detection","Seurat",200,0.209999685400199,0.169632608961936,0.0348267100782677,0.720272011938679,0.299094424094424,0.547222222222222,"independent9"
"hurdle","Seurat",200,0.345341226417615,0.257194128207281,0.152385613903657,0.816069732736399,0.535324243657577,0.580555555555556,"independent9"
"level","Seurat",200,0.250646094588938,0.196101481771522,0.169031699943596,0.748643331976665,0.367097408764075,0.411111111111111,"independent9"
"wilcox","Seurat",200,0.323018748039481,0.244100886300103,0.150798569720809,0.788291954958622,0.452703161036494,0.568333333333333,"independent9"
"detection","Seurat_gated",200,0.143124322413,0.121415892893285,0.0296752574462793,0.504544837878171,0.253900420567087,0.505,"independent9"
"hurdle","Seurat_gated",200,0.339499461911078,0.301239158469307,0.206295927855495,0.843457468457468,0.556725681725682,0.722222222222222,"independent9"
"level","Seurat_gated",200,0.383340925409342,0.335992320197734,0.291947404476102,0.834469542802876,0.614536697870031,0.581666666666667,"independent9"
"wilcox","Seurat_gated",200,0.409149943500919,0.342130536342305,0.209786015551629,0.945987654320988,0.638363180029847,0.707222222222222,"independent9"
"detection","DIFS",300,0.194516819334926,0.15975593688663,0.0356868891444086,0.559337267670601,0.359194817528151,0.405555555555556,"independent9"
"hurdle","DIFS",300,0.446846000286657,0.393074056862562,0.225795322115932,0.843016551349885,0.714251797585131,0.542962962962963,"independent9"
"level","DIFS",300,0.481173439476289,0.444934126047124,0.333074198419048,0.886345136345136,0.647011938678605,0.455925925925926,"independent9"
"wilcox","DIFS",300,0.523116437863604,0.440363853963338,0.230162579998245,0.921126712793379,0.698107448107448,0.533333333333333,"independent9"
"detection","DIFS_stage1only",300,0.0657979721731187,0.0548295340348053,0.0220003837813256,0.395723104056437,0.0750746167412834,0.26962962962963,"independent9"
"hurdle","DIFS_stage1only",300,0.201524139907978,0.179102383803116,0.147420333799883,0.697598697598698,0.358601275267942,0.339259259259259,"independent9"
"level","DIFS_stage1only",300,0.246439243520421,0.235106182063735,0.208911920386414,0.746947496947497,0.386056844390178,0.262222222222222,"independent9"
"wilcox","DIFS_stage1only",300,0.248452705926262,0.205878950808889,0.149132658609534,0.778015194681861,0.482058065391399,0.328148148148148,"independent9"
"detection","FEAST",300,0.275127029029064,0.262601898998103,0.0601317813790956,0.659137159137159,0.373626373626374,0.641481481481482,"independent9"
"hurdle","FEAST",300,0.496646858799637,0.436130936929365,0.209883407734964,0.890143806810473,0.626237959571293,0.672592592592593,"independent9"
"level","FEAST",300,0.513516814346702,0.467351268447701,0.295013821682331,0.891687016687017,0.679978971645638,0.462592592592593,"independent9"
"wilcox","FEAST",300,0.562088926084571,0.487042278993667,0.218819768617815,0.893348935015602,0.6829127662461,0.671851851851852,"independent9"
"detection","GateOnly",300,0.0386218893510601,0.0343078113801393,0.0206161634390141,0.27522086515082,0.023754458803541,0.257782203168149,"independent9"
"hurdle","GateOnly",300,0.132540655137738,0.132289304506578,0.125448335397577,0.609548292852281,0.190908359741757,0.295143296753403,"independent9"
"level","GateOnly",300,0.175519716549951,0.172574900900381,0.163870825938393,0.68268578783119,0.234068514058561,0.210017752621754,"independent9"
"wilcox","GateOnly",300,0.171974545976405,0.156607119659919,0.126309861540962,0.696734223213942,0.243305376564098,0.280285476606704,"independent9"
"detection","Random",300,0.0131416695573497,0.0131416695573497,0.0131416695573497,0.12324412836192,0.000318059562388555,0.164393930976313,"independent9"
"hurdle","Random",300,0.0131416695573497,0.0131416695573497,0.0131416695573497,0.122308312102627,0.000315869946900545,0.0592086238436696,"independent9"
"level","Random",300,0.0131416695573497,0.0131416695573497,0.0131416695573497,0.115816155411291,0.000297598906041421,0.0256244361593666,"independent9"
"wilcox","Random",300,0.0131416695573497,0.0131416695573497,0.0131416695573497,0.121346687019522,0.000315050349972444,0.0544726254442794,"independent9"
"detection","Seurat",300,0.260949076168831,0.228957473385645,0.049175496832906,0.779473612806946,0.398097273097273,0.523333333333333,"independent9"
"hurdle","Seurat",300,0.39949456991755,0.299422488667421,0.190149636734582,0.889872473205807,0.623524623524623,0.535925925925926,"independent9"
"level","Seurat",300,0.304401618109305,0.233122328372317,0.216839362526306,0.823667073667074,0.488858363858364,0.35962962962963,"independent9"
"wilcox","Seurat",300,0.375358032877728,0.291825541392368,0.189925130566625,0.869420702754036,0.518467643467644,0.524814814814815,"independent9"
"detection","Seurat_gated",300,0.167213787156203,0.145990602429716,0.0417134121043119,0.504544837878171,0.300756342423009,0.474074074074074,"independent9"
"hurdle","Seurat_gated",300,0.402939789003552,0.368209442990946,0.261381344396619,0.843457468457468,0.640618640618641,0.647037037037037,"independent9"
"level","Seurat_gated",300,0.462149440845961,0.413966946688766,0.360069100157567,0.883580925247592,0.657865282865283,0.492592592592593,"independent9"
"wilcox","Seurat_gated",300,0.501393129974726,0.42833328393547,0.266669444124052,0.945987654320988,0.750423958757292,0.631851851851852,"independent9"
"detection","DIFS",500,0.235895546959268,0.20403227923813,0.0585499633839229,0.60999185999186,0.381630714964048,0.383333333333333,"independent9"
"hurdle","DIFS",500,0.564646085069065,0.507384932519777,0.356540967580604,0.906016822683489,0.789597747931081,0.497333333333333,"independent9"
"level","DIFS",500,0.588353424431352,0.553251186436707,0.464153603134794,0.96141975308642,0.759123592456926,0.379777777777778,"independent9"
"wilcox","DIFS",500,0.626794344017619,0.562769972842478,0.364800168951808,0.986111111111111,0.826872201872202,0.489111111111111,"independent9"
"detection","DIFS_stage1only",500,0.102262936451957,0.0819871629856148,0.0364312571707002,0.412817121150454,0.174128340795007,0.270046112337503,"independent9"
"hurdle","DIFS_stage1only",500,0.286977815371123,0.269652289180282,0.220589327475657,0.767161850495184,0.476003934337268,0.32725680647535,"independent9"
"level","DIFS_stage1only",500,0.373142099859843,0.350761740095086,0.310420931501314,0.83179012345679,0.554385429385429,0.243724307088546,"independent9"
"wilcox","DIFS_stage1only",500,0.35926761481274,0.31315379479262,0.224490186376334,0.920346628679962,0.533933658933659,0.315900416973265,"independent9"
"detection","FEAST",500,0.394909238908325,0.360393242706379,0.0965228238599998,0.829008954008954,0.556844390177723,0.627111111111111,"independent9"
"hurdle","FEAST",500,0.603981060909722,0.546359630068545,0.30325119058908,0.911036494369828,0.741758241758242,0.622,"independent9"
"level","FEAST",500,0.618180957884881,0.580613339956704,0.395049361508271,0.933201058201058,0.774284357617691,0.392222222222222,"independent9"
"wilcox","FEAST",500,0.691568586671688,0.619253590277449,0.317816094341647,0.971781305114638,0.816069732736399,0.620666666666667,"independent9"
"detection","GateOnly",500,0.063985546105908,0.0570259778418886,0.0343554418580779,0.375419102154927,0.0723876176697405,0.257782203168149,"independent9"
"hurdle","GateOnly",500,0.21398424127077,0.214180154718877,0.201592230683498,0.72955184138612,0.347040887830469,0.295143296753403,"independent9"
"level","GateOnly",500,0.284847471332741,0.279991373558123,0.264546837639582,0.809322743411016,0.410893197171014,0.210017752621754,"independent9"
"wilcox","GateOnly",500,0.277786045272588,0.253480184307697,0.203018226293298,0.821747980149051,0.420977966185579,0.280285476606704,"independent9"
"detection","Random",500,0.0219027825955828,0.0219027825955828,0.0219027825955828,0.196895196466217,0.00139782694038682,0.164393930976313,"independent9"
"hurdle","Random",500,0.0219027825955828,0.0219027825955828,0.0219027825955828,0.195409853558941,0.00138802558685119,0.0592086238436696,"independent9"
"level","Random",500,0.0219027825955828,0.0219027825955828,0.0219027825955828,0.185078746941658,0.00130784917858519,0.0256244361593666,"independent9"
"wilcox","Random",500,0.0219027825955828,0.0219027825955828,0.0219027825955828,0.193855301420409,0.00138429155690668,0.0544726254442794,"independent9"
"detection","Seurat",500,0.335941639039052,0.307160541270406,0.0753748717012128,0.859567901234568,0.445224528557862,0.485333333333333,"independent9"
"hurdle","Seurat",500,0.465139156111378,0.371689678857978,0.254100595370489,0.922839506172839,0.680742097408764,0.461555555555556,"independent9"
"level","Seurat",500,0.352152929436655,0.289209201577771,0.281477055259462,0.85464997964998,0.570495862162529,0.287555555555556,"independent9"
"wilcox","Seurat",500,0.441352779900848,0.359103345442696,0.25540280430721,0.937440645773979,0.670380545380545,0.450888888888889,"independent9"
"detection","Seurat_gated",500,0.200259072698131,0.177204116158707,0.0624806227362604,0.504544837878171,0.326990910324244,0.428268334559725,"independent9"
"hurdle","Seurat_gated",500,0.455981411031916,0.426706155030313,0.31571924716585,0.852004477004477,0.665038665038665,0.537701250919794,"independent9"
"level","Seurat_gated",500,0.53205886358317,0.493494533419224,0.42637815424196,0.916547958214625,0.729412562745896,0.369279862644101,"independent9"
"wilcox","Seurat_gated",500,0.566703865630939,0.497409645734331,0.320362868504187,0.945987654320988,0.801078551078551,0.51745597252882,"independent9"
"detection","DIFS",750,0.302318034203595,0.276239117401246,0.0912686405411022,0.708757292090625,0.435049518382852,0.390256017854296,"independent9"
"hurdle","DIFS",750,0.649949637670597,0.614417653732704,0.470263530838372,0.918362501695835,0.877798127798128,0.491321536744779,"independent9"
"level","DIFS",750,0.699552204617243,0.682688277663542,0.606819164761632,0.986111111111111,0.826431284764618,0.357524629363941,"independent9"
"wilcox","DIFS",750,0.731817020952608,0.680595230409063,0.483711228164452,0.986111111111111,0.933472391805725,0.48316212338594,"independent9"
"detection","DIFS_stage1only",750,0.123053370946966,0.10718927911272,0.0541881773025476,0.452347035680369,0.219441052774386,0.270120186411577,"independent9"
"hurdle","DIFS_stage1only",750,0.343472642793981,0.336543214958821,0.280017163801887,0.809896893230227,0.556369556369556,0.318886436104979,"independent9"
"level","DIFS_stage1only",750,0.455640640626461,0.431476416917955,0.384897683551706,0.908950617283951,0.642433184099851,0.233057640421879,"independent9"
"wilcox","DIFS_stage1only",750,0.437513700536893,0.394512535953737,0.28376200690043,0.937440645773979,0.635191968525302,0.305900416973265,"independent9"
"detection","FEAST",750,0.49428906042957,0.454359249408617,0.138776525155269,0.895485687152354,0.636938678605345,0.611555555555556,"independent9"
"hurdle","FEAST",750,0.676679204867336,0.637213858567326,0.38940087041276,0.924925383258717,0.785086826753493,0.563407407407407,"independent9"
"level","FEAST",750,0.682659709480896,0.666869905234036,0.490490542131157,0.933201058201058,0.809065934065934,0.334962962962963,"independent9"
"wilcox","FEAST",750,0.754901643802731,0.709954471270693,0.409348322860238,0.987654320987654,0.900234025234025,0.561481481481481,"independent9"
"detection","GateOnly",750,0.0941264673070101,0.0847982260220922,0.0515098836940703,0.443957439185477,0.146358721709573,0.257782203168149,"independent9"
"hurdle","GateOnly",750,0.287643028572821,0.290899861707946,0.266300976604544,0.798326157985347,0.502840216645208,0.295143296753403,"independent9"
"level","GateOnly",750,0.390234169962075,0.383200273550398,0.355514340153457,0.884225613155517,0.586559314463106,0.210017752621754,"independent9"
"wilcox","GateOnly",750,0.374086475316289,0.343923980165249,0.268392350582894,0.889278657798053,0.608076722817046,0.280285476606704,"independent9"
"detection","Random",750,0.0328541738933742,0.0328541738933742,0.0328541738933742,0.280328207688179,0.00440609444594557,0.164393930976313,"independent9"
"hurdle","Random",750,0.0328541738933742,0.0328541738933742,0.0328541738933742,0.278232966726815,0.00437448348585176,0.0592086238436696,"independent9"
"level","Random",750,0.0328541738933742,0.0328541738933742,0.0328541738933742,0.263599284400119,0.00412221638025321,0.0256244361593666,"independent9"
"wilcox","Random",750,0.0328541738933742,0.0328541738933742,0.0328541738933742,0.275988900400865,0.00436217034674647,0.0544726254442794,"independent9"
"detection","Seurat",750,0.416448557013792,0.377106227175798,0.105744625564519,0.936728395061728,0.57624474291141,0.451259259259259,"independent9"
"hurdle","Seurat",750,0.53210625828997,0.441355266120657,0.317967817945932,0.972222222222222,0.764635056301723,0.404740740740741,"independent9"
"level","Seurat",750,0.417595247975141,0.350114173547438,0.339761305575626,0.907560032560033,0.662935829602496,0.232444444444444,"independent9"
"wilcox","Seurat",750,0.509805107958879,0.427471301769065,0.321376273049064,0.958333333333333,0.778523945190612,0.395555555555556,"independent9"
"detection","Seurat_gated",750,0.217149003902392,0.191755943428293,0.0840748825449314,0.504544837878171,0.326990910324244,0.391009075300466,"independent9"
"hurdle","Seurat_gated",750,0.491100367552388,0.463664849047045,0.356159473966362,0.860551485551486,0.665038665038665,0.459479028697572,"independent9"
"level","Seurat_gated",750,0.577405323183999,0.544524088823936,0.474017894130307,0.937440645773979,0.762379595712929,0.305946529310768,"independent9"
"wilcox","Seurat_gated",750,0.604129871753328,0.545514045916071,0.360821379952083,0.945987654320988,0.821971238637905,0.438937454010302,"independent9"
"detection","DIFS",1000,0.3634919030426,0.327814336845782,0.117695236646323,0.760632885632886,0.528083028083028,0.390144906743185,"independent9"
"hurdle","DIFS",1000,0.708828271896454,0.67863682642232,0.537698908261894,0.961691086691087,0.914835164835165,0.474099314522557,"independent9"
"level","DIFS",1000,0.74974227031251,0.744558556038556,0.676823280076096,1,0.896435354768688,0.325302407141718,"independent9"
"wilcox","DIFS",1000,0.794953920382031,0.747815291485416,0.555759587606997,1,0.954365079365079,0.465939901163718,"independent9"
"detection","DIFS_stage1only",1000,0.141396315856869,0.132016864424356,0.0713213825386789,0.474782933116266,0.254222629222629,0.26718948151313,"independent9"
"hurdle","DIFS_stage1only",1000,0.380477522033709,0.383572614437871,0.323862619498482,0.822242572242572,0.604446479446479,0.310937810059579,"independent9"
"level","DIFS_stage1only",1000,0.504974164147218,0.502064719065425,0.443112807399741,0.933641975308642,0.699650657983991,0.22427627841471,"independent9"
"wilcox","DIFS_stage1only",1000,0.495013914072508,0.457270851745651,0.328458375282113,0.945987654320988,0.749474291140958,0.297850237761795,"independent9"
"detection","FEAST",1000,0.554464643011471,0.527842529461002,0.17946692957968,0.912579704246371,0.659374576041243,0.594555555555556,"independent9"
"hurdle","FEAST",1000,0.716098006580961,0.689601054704929,0.464676081598395,0.942019400352734,0.805979514312848,0.507666666666667,"independent9"
"level","FEAST",1000,0.733708153310001,0.725415879644853,0.563516046089868,0.945546737213404,0.843253968253968,0.290888888888889,"independent9"
"wilcox","FEAST",1000,0.785952558741169,0.766585219444415,0.486974400931458,1,0.921126712793379,0.505555555555556,"independent9"
"detection","GateOnly",1000,0.123192119690908,0.112140366675414,0.0686208510495827,0.479120055309779,0.213515810269664,0.257782203168149,"independent9"
"hurdle","GateOnly",1000,0.348159641442376,0.350541769835534,0.314587435135561,0.831432750362119,0.599768671947629,0.295143296753403,"independent9"
"level","GateOnly",1000,0.467395062139796,0.462475770837158,0.422288294280235,0.913764398131029,0.699908373683828,0.210017752621754,"independent9"
"wilcox","GateOnly",1000,0.447537442994399,0.416522889269198,0.317321187079955,0.919124146857139,0.725586284827352,0.280285476606704,"independent9"
"detection","Random",1000,0.0438055651911656,0.0438055651911655,0.0438055651911656,0.355062385247658,0.00974187786640055,0.164393930976313,"independent9"
"hurdle","Random",1000,0.0438055651911656,0.0438055651911656,0.0438055651911656,0.352436358313295,0.00967037014020563,0.0592086238436696,"independent9"
"level","Random",1000,0.0438055651911656,0.0438055651911656,0.0438055651911655,0.334000363004526,0.00911355337862125,0.0256244361593666,"independent9"
"wilcox","Random",1000,0.0438055651911656,0.0438055651911655,0.0438055651911655,0.349557622968806,0.00964188640130854,0.0544726254442794,"independent9"
"detection","Seurat",1000,0.457014023651582,0.417780858019135,0.132225847435636,0.962962962962963,0.61301044634378,0.421222222222222,"independent9"
"hurdle","Seurat",1000,0.578373334718032,0.48494619124627,0.362321008183039,0.972222222222222,0.874762583095916,0.36,"independent9"
"level","Seurat",1000,0.457079216010908,0.395343431026284,0.38036717845555,0.923433048433048,0.734754443087776,0.196111111111111,"independent9"
"wilcox","Seurat",1000,0.544714109930231,0.469286137087034,0.366263261724275,0.972222222222222,0.85707502374169,0.350888888888889,"independent9"
"detection","Seurat_gated",1000,0.229615892481364,0.20043197660833,0.10064463473939,0.51309184642518,0.344084927418261,0.359745037068686,"independent9"
"hurdle","Seurat_gated",1000,0.504362270492321,0.484027264135273,0.382550035759856,0.869098494098494,0.682132682132682,0.403271143392912,"independent9"
"level","Seurat_gated",1000,0.607849925676424,0.580589697598272,0.506214074941942,0.937440645773979,0.795617962284629,0.266942945081377,"independent9"
"wilcox","Seurat_gated",1000,0.622885891313199,0.571269267897868,0.38784850498786,0.945987654320988,0.834316917650251,0.384850237761795,"independent9"
"detection","DIFS",1500,0.405020802748397,0.383797416952332,0.166635792587482,0.79039479039479,0.555860805860806,0.38114870541365,"independent9"
"hurdle","DIFS",1500,0.752376488550731,0.740797017107667,0.638282851656958,0.977564102564103,0.94459706959707,0.434111660201569,"independent9"
"level","DIFS",1500,0.815399245592216,0.813362110227083,0.754444936591102,1,0.942070275403609,0.267230232402877,"independent9"
"wilcox","DIFS",1500,0.8409093919175,0.806378977344129,0.658074409172079,1,0.984126984126984,0.424461268685085,"independent9"
"detection","DIFS_stage1only",1500,0.198845405360833,0.174255185574498,0.102437708968615,0.502560710894044,0.326990910324244,0.261361423928441,"independent9"
"hurdle","DIFS_stage1only",1500,0.446459446254269,0.44991746553915,0.385869853415296,0.852004477004477,0.674179215845882,0.303359656358011,"independent9"
"level","DIFS_stage1only",1500,0.587034537810321,0.58401116702921,0.524826900227363,0.945987654320988,0.791819291819292,0.216855884549103,"independent9"
"wilcox","DIFS_stage1only",1500,0.578240880976416,0.547463484416089,0.390958019456667,0.945987654320988,0.84820580653914,0.289257986918103,"independent9"
"detection","FEAST",1500,0.626450504454303,0.605414684166629,0.252241123059201,0.928452720119387,0.791378374711708,0.564074074074074,"independent9"
"hurdle","FEAST",1500,0.763088595490742,0.751861445732423,0.568623508287762,0.971781305114638,0.884801926468593,0.426148148148148,"independent9"
"level","FEAST",1500,0.800646681033635,0.799214616783747,0.659664958569273,1,0.859126984126984,0.231037037037037,"independent9"
"wilcox","FEAST",1500,0.832955416916239,0.821083175498472,0.595484477460233,1,0.971781305114638,0.422296296296296,"independent9"
"detection","GateOnly",1500,0.171362253610436,0.15773055264017,0.100722713699142,0.510687023425553,0.292385446441136,0.257782203168149,"independent9"
"hurdle","GateOnly",1500,0.431503413997681,0.430203420006476,0.37895770096704,0.859722113506157,0.6829399599434,0.295143296753403,"independent9"
"level","GateOnly",1500,0.573141915530463,0.570293650112906,0.511115527452068,0.935003052990801,0.8043168849136,0.210017752621754,"independent9"
"wilcox","GateOnly",1500,0.550615926510529,0.51727125714085,0.382792433935887,0.938500333536253,0.83965879136992,0.280285476606704,"independent9"
"detection","Random",1500,0.0657083477867483,0.0657083477867483,0.0657083477867483,0.481839469711529,0.0285561708992283,0.164393930976313,"independent9"
"hurdle","Random",1500,0.0657083477867483,0.0657083477867483,0.0657083477867483,0.478363600699726,0.028336813426034,0.0592086238436696,"independent9"
"level","Random",1500,0.0657083477867483,0.0657083477867483,0.0657083477867483,0.453629474669828,0.0267095404598602,0.0256244361593666,"independent9"
"wilcox","Random",1500,0.0657083477867483,0.0657083477867483,0.0657083477867483,0.474369622746626,0.0282453920629789,0.0544726254442794,"independent9"
"detection","Seurat",1500,0.534908239011036,0.490780802176562,0.180337486117278,0.962962962962963,0.735042735042735,0.384888888888889,"independent9"
"hurdle","Seurat",1500,0.641978861486437,0.554419054673878,0.438302366266028,0.972222222222222,0.913342830009497,0.304074074074074,"independent9"
"level","Seurat",1500,0.520648787475966,0.461531477978089,0.444363082843008,0.956671415004748,0.785409035409035,0.154962962962963,"independent9"
"wilcox","Seurat",1500,0.614838426514882,0.529596003806617,0.443795223624715,0.972222222222222,0.938983855650522,0.295555555555556,"independent9"
"detection","Seurat_gated",1500,0.235888803624855,0.213389611999915,0.12495101084078,0.526980735314069,0.352631935965269,0.314842905409922,"independent9"
"hurdle","Seurat_gated",1500,0.52370882951691,0.506320926725673,0.417104536746452,0.869098494098494,0.716914258580925,0.342174471172826,"independent9"
"level","Seurat_gated",1500,0.648073611846603,0.627261474878441,0.554683311533629,0.937440645773979,0.795617962284629,0.232263291956511,"independent9"
"wilcox","Seurat_gated",1500,0.646254668818247,0.603509832207369,0.421361413987943,0.945987654320988,0.860551485551486,0.324146875806991,"independent9"
"detection","DIFS",2500,0.453568585050374,0.437115483293939,0.229190874133813,0.798941798941799,0.588827838827839,0.340468694542876,"independent9"
"hurdle","DIFS",2500,0.816842782988616,0.806389864030949,0.739683271098246,1,0.961691086691087,0.368587536269446,"independent9"
"level","DIFS",2500,0.897348761180406,0.898772926546085,0.84683372105278,1,0.950617283950617,0.217063055927017,"independent9"
"wilcox","DIFS",2500,0.896895121941422,0.874235007057536,0.757960706502059,1,0.984126984126984,0.35493288423262,"independent9"
"detection","DIFS_stage1only",2500,0.234743864774998,0.219145806843522,0.14453555597417,0.51843372676706,0.352631935965269,0.257940363247351,"independent9"
"hurdle","DIFS_stage1only",2500,0.523426196185035,0.519142838359932,0.448122467528923,0.869098494098494,0.716914258580925,0.295664658416642,"independent9"
"level","DIFS_stage1only",2500,0.684382918882721,0.684285528715653,0.603659147973818,0.945987654320988,0.849477682811016,0.210181761455811,"independent9"
"wilcox","DIFS_stage1only",2500,0.664472051626128,0.629343252185702,0.452991418132988,0.945987654320988,0.877645502645503,0.2806024973972,"independent9"
"detection","FEAST",2500,0.717490489981999,0.704120319974747,0.37569423821188,0.957892416225749,0.847052638719305,0.513777777777778,"independent9"
"hurdle","FEAST",2500,0.830638774104683,0.811902457363894,0.69982876344905,0.971781305114638,0.949345407678741,0.323866666666667,"independent9"
"level","FEAST",2500,0.856361735499475,0.856374525239978,0.758289152793808,1,0.901234567901235,0.162266666666667,"independent9"
"wilcox","FEAST",2500,0.878924449212469,0.868643678724337,0.730921307226322,1,0.971781305114638,0.318266666666667,"independent9"
"detection","GateOnly",2500,0.233685176225439,0.216814068548224,0.144476266695717,0.52535266387012,0.345314857269382,0.257782203168149,"independent9"
"hurdle","GateOnly",2500,0.527463705051505,0.518674269494059,0.447515950936043,0.869068870680725,0.720970445148948,0.295143296753403,"independent9"
"level","GateOnly",2500,0.688991773343503,0.686122242307829,0.603196890831606,0.945986132772073,0.848872290306899,0.210017752621754,"independent9"
"wilcox","GateOnly",2500,0.667903536168768,0.628568866473923,0.452590937093959,0.945987124177493,0.877424143169321,0.280285476606704,"independent9"
"detection","Random",2500,0.109513912977914,0.109513912977914,0.109513912977914,0.664308199198875,0.0993597658696796,0.164393930976313,"independent9"
"hurdle","Random",2500,0.109513912977914,0.109513912977914,0.109513912977914,0.659822245813393,0.0985252805647976,0.0592086238436696,"independent9"
"level","Random",2500,0.109513912977914,0.109513912977914,0.109513912977914,0.626599041915525,0.092887030521673,0.0256244361593666,"independent9"
"wilcox","Random",2500,0.109513912977914,0.109513912977914,0.109513912977914,0.654145960008233,0.0981437299573646,0.0544726254442794,"independent9"
"detection","Seurat",2500,0.608415578540001,0.57372784180104,0.256486333097024,1,0.850902184235518,0.335466666666667,"independent9"
"hurdle","Seurat",2500,0.72133184751556,0.652986519368644,0.545886320393447,0.986111111111111,0.94812440645774,0.234755555555556,"independent9"
"level","Seurat",2500,0.610016254276432,0.54652813298828,0.528704934868683,0.982905982905983,0.828737620404287,0.111644444444444,"independent9"
"wilcox","Seurat",2500,0.711161297870293,0.619896477602323,0.551348234158335,1,0.965218423551757,0.225688888888889,"independent9"
"detection","Seurat_gated",2500,0.240208345649315,0.222232226596608,0.146668142902079,0.526980735314069,0.352631935965269,0.26362925213624,"independent9"
"hurdle","Seurat_gated",2500,0.534445479931591,0.525701480335241,0.452362165579696,0.869098494098494,0.716914258580925,0.299309102861087,"independent9"
"level","Seurat_gated",2500,0.690672227058822,0.686092213449167,0.607918198456093,0.945987654320988,0.840930674264008,0.211692872566922,"independent9"
"wilcox","Seurat_gated",2500,0.671941706154606,0.636113463256988,0.457483024443695,0.945987654320988,0.877645502645503,0.284158052952755,"independent9"
"detection","DIFS",100,0.186787074343467,0.15180213424504,0.0711477476714551,0.43407767446229,0.271320559782098,0.434615384615385,"all"
"hurdle","DIFS",100,0.428747245011211,0.36565272284984,0.234560247832491,0.812752418521649,0.483399079552926,0.613076923076923,"all"
"level","DIFS",100,0.444501134648877,0.395801581641661,0.327385072401181,0.813785573400958,0.492556588710435,0.504615384615385,"all"
"wilcox","DIFS",100,0.46591473298769,0.379983457095729,0.236631588020421,0.862472997088382,0.514957264957265,0.607692307692308,"all"
"detection","DIFS_stage1only",100,0.0926827342698052,0.0826503167022375,0.0531445800671358,0.309429886352963,0.125,0.288461538461538,"all"
"hurdle","DIFS_stage1only",100,0.244581522491943,0.225761020886161,0.187366543895932,0.646027049873204,0.217009486240255,0.388461538461538,"all"
"level","DIFS_stage1only",100,0.278031073427687,0.267203672629532,0.250760493021442,0.68415985723678,0.238036536113459,0.289230769230769,"all"
"wilcox","DIFS_stage1only",100,0.259564679434022,0.23409194220482,0.188796763422554,0.716539870386024,0.256269371653987,0.380769230769231,"all"
"detection","FEAST",100,0.208154348519726,0.185027629842095,0.0760085815039664,0.402237719545412,0.271731473654551,0.561538461538462,"all"
"hurdle","FEAST",100,0.338052165108881,0.292313538983112,0.135123052365951,0.603338968723584,0.389182398797783,0.621538461538461,"all"
"level","FEAST",100,0.362210001889381,0.320342214812439,0.244473198671139,0.633558748943364,0.410209448670987,0.482307692307692,"all"
"wilcox","FEAST",100,0.351366259582592,0.300303069496932,0.137415586565684,0.68393678970602,0.387620926082465,0.620769230769231,"all"
"detection","GateOnly",100,0.0162720468737652,0.0149426224063562,0.0119407303637351,0.135869871275328,0.00230606741909641,0.190784581955174,"all"
"hurdle","GateOnly",100,0.0832345556396169,0.0829260161921865,0.0814422681069779,0.346762326688566,0.017846320908625,0.223645064640328,"all"
"level","GateOnly",100,0.0933828841625927,0.0927033113203842,0.0906145754639619,0.365679994143442,0.0235162381207633,0.152035892060532,"all"
"wilcox","GateOnly",100,0.092334684294694,0.088649782078487,0.0816410818323745,0.389609056667745,0.0281717626050045,0.213358881461845,"all"
"detection","Random",100,0.00458313444290416,0.00458313444290416,0.00458313444290416,0.0436900850075187,1.54003891077485e-05,0.116492571544212,"all"
"hurdle","Random",100,0.00458313444290416,0.00458313444290416,0.00458313444290416,0.0398963857285268,1.433357643954e-05,0.0436512839771585,"all"
"level","Random",100,0.00458313444290416,0.00458313444290416,0.00458313444290416,0.0350830294154927,1.05322499890099e-05,0.0182620496768433,"all"
"wilcox","Random",100,0.00458313444290416,0.00458313444290416,0.00458313444290416,0.0396676346437097,1.4312566616472e-05,0.0403725158545038,"all"
"detection","Seurat",100,0.184484831470901,0.134063353217007,0.0508125011616307,0.535385554616324,0.168627312858082,0.483846153846154,"all"
"hurdle","Seurat",100,0.313265474619726,0.240634351027186,0.152882957869627,0.729606931530008,0.349112426035503,0.538461538461538,"all"
"level","Seurat",100,0.245461702541421,0.199507475519078,0.185825880178777,0.667394571240725,0.232389405466329,0.386923076923077,"all"
"wilcox","Seurat",100,0.296193134487259,0.23140584767811,0.150224189579064,0.698541842772612,0.34163379355687,0.527692307692308,"all"
"detection","Seurat_gated",100,0.165208486616317,0.141097079239135,0.0728089042703045,0.413696346388654,0.168509908894524,0.484615384615385,"all"
"hurdle","Seurat_gated",100,0.424821952394518,0.367897442229054,0.281815904775536,0.81419648727341,0.405900723208416,0.677692307692308,"all"
"level","Seurat_gated",100,0.437245531049521,0.390402096404059,0.367614791045635,0.816638489715413,0.46557715788485,0.527692307692308,"all"
"wilcox","Seurat_gated",100,0.438125426199156,0.380069539736846,0.282333900999055,0.887808772424157,0.467948717948718,0.668461538461538,"all"
"detection","DIFS",200,0.231446164287266,0.200558247607605,0.103704111362896,0.465142763219686,0.369235465389312,0.373461538461538,"all"
"hurdle","DIFS",200,0.530995066006646,0.479469325796523,0.333870562045756,0.890250774866159,0.589637926176388,0.510769230769231,"all"
"level","DIFS",200,0.549449090736182,0.523222156739642,0.447580664245513,0.885178923640462,0.573342256034564,0.408846153846154,"all"
"wilcox","DIFS",200,0.574508310508521,0.504862007759336,0.336531217363497,0.948025265332958,0.621196111580727,0.505,"all"
"detection","DIFS_stage1only",200,0.131650703110876,0.11453638248878,0.0803537774945991,0.393995961303654,0.191356720202874,0.252307692307692,"all"
"hurdle","DIFS_stage1only",200,0.31763701138208,0.299073357530325,0.261285831472717,0.716539870386024,0.282297830374753,0.324615384615385,"all"
"level","DIFS_stage1only",200,0.357817077987366,0.355221165703339,0.343073252335152,0.743495820418897,0.282415234338311,0.230384615384615,"all"
"wilcox","DIFS_stage1only",200,0.342931099356516,0.314186524943283,0.263186405816227,0.792782004320466,0.377383300460224,0.316538461538462,"all"
"detection","FEAST",200,0.283224975701112,0.272414182611217,0.140161301189936,0.479137315675777,0.332793275100967,0.544230769230769,"all"
"hurdle","FEAST",200,0.446181549327705,0.409813748741304,0.222222155309667,0.685498262421339,0.515802573494881,0.583846153846154,"all"
"level","FEAST",200,0.470445256522125,0.434062257790737,0.332321795013066,0.725333427256504,0.532063022447638,0.391538461538462,"all"
"wilcox","FEAST",200,0.471722109050102,0.424232510148836,0.225705665785453,0.758805297266836,0.545611439842209,0.583076923076923,"all"
"detection","GateOnly",200,0.0325440937475303,0.0298852448127125,0.0238814607274703,0.23437385548609,0.0146943261535662,0.190784581955174,"all"
"hurdle","GateOnly",200,0.166469111279234,0.165852032384373,0.162884536213956,0.549107004747825,0.0893567827112934,0.223645064640328,"all"
"level","GateOnly",200,0.186765768325185,0.185406622640768,0.181229150927924,0.572507507828209,0.10527570490294,0.152035892060532,"all"
"wilcox","GateOnly",200,0.184669368589388,0.177299564156974,0.163282163664749,0.604003054604035,0.118562195488954,0.213358881461845,"all"
"detection","Random",200,0.00916626888580832,0.00916626888580832,0.00916626888580832,0.0853671820341995,0.000121032500767955,0.116492571544212,"all"
"hurdle","Random",200,0.00916626888580832,0.00916626888580832,0.00916626888580832,0.0779341677650263,0.000112651331891182,0.0436512839771585,"all"
"level","Random",200,0.00916626888580832,0.00916626888580832,0.00916626888580832,0.0686744948695238,8.29990918621601e-05,0.0182620496768433,"all"
"wilcox","Random",200,0.00916626888580832,0.00916626888580832,0.00916626888580832,0.0774835460761275,0.000112482373563341,0.0403725158545038,"all"
"detection","Seurat",200,0.244762650910375,0.198080394539159,0.0734684045454245,0.671726777496008,0.283988447449986,0.421923076923077,"all"
"hurdle","Seurat",200,0.413250418070897,0.339345419144976,0.228886463313484,0.82321311167465,0.442037663191509,0.45,"all"
"level","Seurat",200,0.344891740698325,0.293621372162169,0.281551860644712,0.768291537522307,0.369528975298206,0.305,"all"
"wilcox","Seurat",200,0.394135441869237,0.326423668831714,0.227787740417667,0.784751573213112,0.384838452146144,0.441538461538462,"all"
"detection","Seurat_gated",200,0.210711286251221,0.188565468819048,0.108727347519687,0.503146426223349,0.291161829623368,0.425,"all"
"hurdle","Seurat_gated",200,0.494800629572975,0.460171171012202,0.368174800322877,0.880635390250775,0.533777120315582,0.591923076923077,"all"
"level","Seurat_gated",200,0.521800127847493,0.499992685211818,0.473844829279677,0.866171221940453,0.579294636986945,0.434230769230769,"all"
"wilcox","Seurat_gated",200,0.538971610754606,0.487665966261592,0.370591014881738,0.951617826617827,0.571064619141542,0.581538461538462,"all"
"detection","DIFS",300,0.273474050169986,0.241510379523936,0.135535366527924,0.541079646848878,0.402519489057951,0.342820512820513,"all"
"hurdle","DIFS",300,0.58656082674108,0.539575879625746,0.392624048581052,0.891319150934536,0.664811684042453,0.444615384615385,"all"
"level","DIFS",300,0.59807733844085,0.578011338012644,0.506680697870857,0.921315863623556,0.601777496008265,0.337179487179487,"all"
"wilcox","DIFS",300,0.635702484662169,0.572566638421737,0.395647534807269,0.945395416549263,0.65363482671175,0.437948717948718,"all"
"detection","DIFS_stage1only",300,0.147965067242714,0.132295340975913,0.0968413320636955,0.427808302808303,0.205820888513196,0.232307692307692,"all"
"hurdle","DIFS_stage1only",300,0.384161671614588,0.359257736384768,0.318755387787384,0.790645252183714,0.407603080680004,0.288974358974359,"all"
"level","DIFS_stage1only",300,0.42445793782183,0.424087829673828,0.410780677226582,0.824809805579036,0.369834225603456,0.201538461538462,"all"
"wilcox","DIFS_stage1only",300,0.41462638736004,0.37752236573862,0.319940843424834,0.846318211702827,0.493073166150089,0.281282051282051,"all"
"detection","FEAST",300,0.336469418841157,0.329711524139665,0.175405066355279,0.610171879402649,0.41251056635672,0.52025641025641,"all"
"hurdle","FEAST",300,0.516636586915842,0.478344111655491,0.287708139511353,0.808561097022635,0.57365924673617,0.548205128205128,"all"
"level","FEAST",300,0.537562922752845,0.50285490746013,0.385009568856998,0.809629473091012,0.605370057293134,0.342051282051282,"all"
"wilcox","FEAST",300,0.56194263349772,0.511635601725382,0.293894850891789,0.810780031933878,0.61289565135719,0.547692307692308,"all"
"detection","GateOnly",300,0.0488161406212955,0.0448278672190687,0.0358221910912054,0.306726492732842,0.0390377394315142,0.190784581955174,"all"
"hurdle","GateOnly",300,0.249703666918851,0.248778048576559,0.244326804320934,0.676071246950224,0.186471676507944,0.223645064640328,"all"
"level","GateOnly",300,0.280148652487778,0.278109933961153,0.271843726391886,0.702711917014272,0.2049960937601,0.152035892060532,"all"
"wilcox","GateOnly",300,0.277004052884082,0.265949346235461,0.244923245497124,0.736430737200605,0.222746534308026,0.213358881461845,"all"
"detection","Random",300,0.0137494033287125,0.0137494033287125,0.0137494033287125,0.125123420805711,0.000397218718960491,0.116492571544212,"all"
"hurdle","Random",300,0.0137494033287125,0.0137494033287125,0.0137494033287125,0.11419909607829,0.000369720339708675,0.0436512839771585,"all"
"level","Random",300,0.0137494033287125,0.0137494033287125,0.0137494033287125,0.100837575970849,0.000273140179077055,0.0182620496768433,"all"
"wilcox","Random",300,0.0137494033287125,0.0137494033287125,0.0137494033287125,0.113533355636141,0.000369152926450759,0.0403725158545038,"all"
"detection","Seurat",300,0.283629456268581,0.245932707459903,0.0924494896185529,0.71271250117404,0.36214426599042,0.396923076923077,"all"
"hurdle","Seurat",300,0.501298233418958,0.419494083666304,0.306890552560472,0.912768855076547,0.533319244857706,0.409230769230769,"all"
"level","Seurat",300,0.431252402280801,0.368651788440242,0.364964362990547,0.85869258946182,0.473055790363483,0.264102564102564,"all"
"wilcox","Seurat",300,0.476878787455563,0.413137853803975,0.306735125213425,0.879379167840706,0.460587489433643,0.401538461538462,"all"
"detection","Seurat_gated",300,0.23817105862859,0.212388159153699,0.12809485498457,0.503146426223349,0.323600544754391,0.384871794871795,"all"
"hurdle","Seurat_gated",300,0.550091344435772,0.516172703090402,0.418230769292626,0.891624401239786,0.59185686108763,0.517948717948718,"all"
"level","Seurat_gated",300,0.584479527423272,0.558503923465183,0.524739696420376,0.900171409786794,0.609291349675965,0.362564102564103,"all"
"wilcox","Seurat_gated",300,0.614202766727557,0.556228349820561,0.421891761411618,0.962606837606838,0.667875927491312,0.507435897435897,"all"
"detection","DIFS",500,0.309309162023606,0.284889821570795,0.169454212108144,0.576148210763595,0.418052033436649,0.309538461538462,"all"
"hurdle","DIFS",500,0.669751392801568,0.63165258075124,0.502477080119906,0.934934723396262,0.716974265051188,0.395536519014653,"all"
"level","DIFS",500,0.688090832298628,0.666320085448523,0.607999278103665,0.973290598290598,0.679393256316333,0.277998057476191,"all"
"wilcox","DIFS",500,0.709116157826078,0.669669069397262,0.508194988761508,0.990384615384615,0.742779656241195,0.389844211322345,"all"
"detection","DIFS_stage1only",500,0.194320510991568,0.168960963498353,0.122410360758578,0.43964262233493,0.274396543627313,0.219878077772118,"all"
"hurdle","DIFS_stage1only",500,0.460463781158675,0.438421228200555,0.385650161186851,0.838804358035127,0.488881844651075,0.267489329374937,"all"
"level","DIFS_stage1only",500,0.52371376144143,0.517343875343884,0.493021958425786,0.883547008547009,0.53765145111299,0.18304375287638,"all"
"wilcox","DIFS_stage1only",500,0.506849612678381,0.465043753092457,0.388350755810396,0.944855358316897,0.528987038602423,0.259627213565801,"all"
"detection","FEAST",500,0.422535281567616,0.400813242414644,0.21396534241825,0.727775429698507,0.539353808584578,0.485384615384615,"all"
"hurdle","FEAST",500,0.59749152552888,0.560727607141471,0.375009608679429,0.823025265332958,0.664623837700761,0.490307692307692,"all"
"level","FEAST",500,0.613868868279277,0.587860517405923,0.459393147710854,0.838369963369963,0.670658401427632,0.285076923076923,"all"
"wilcox","FEAST",500,0.658129043364087,0.611114956439166,0.385093003585053,0.865079365079365,0.716070254531793,0.489384615384615,"all"
"detection","GateOnly",500,0.081094201652462,0.0746066989452356,0.0597003075984825,0.399845910851041,0.111277378950184,0.190784581955174,"all"
"hurdle","GateOnly",500,0.332328393754111,0.331211348863141,0.322971317692221,0.788309991164226,0.33402356516555,0.223645064640328,"all"
"level","GateOnly",500,0.382537970936262,0.379176057092296,0.368083170207334,0.822647904410957,0.350125446888665,0.152035892060532,"all"
"wilcox","GateOnly",500,0.376498873447677,0.358978873602279,0.323958545422082,0.85213808723087,0.385210773257549,0.213358881461845,"all"
"detection","Random",500,0.0229156722145208,0.0229156722145208,0.0229156722145208,0.199222060115841,0.00172826621000019,0.116492571544212,"all"
"hurdle","Random",500,0.0229156722145208,0.0229156722145208,0.0229156722145208,0.181734989889212,0.00160866721146199,0.0436512839771585,"all"
"level","Random",500,0.0229156722145208,0.0229156722145208,0.0229156722145208,0.161118833677509,0.00119493062404696,0.0182620496768433,"all"
"wilcox","Random",500,0.0229156722145208,0.0229156722145208,0.0229156722145208,0.180658761485613,0.00160608211380811,0.0403725158545038,"all"
"detection","Seurat",500,0.343262413741074,0.312394261823646,0.123639195776659,0.787393162393162,0.394770827463135,0.361384615384615,"all"
"hurdle","Seurat",500,0.552429729606381,0.479044814511462,0.362359291571782,0.935592185592186,0.572931342162111,0.347538461538462,"all"
"level","Seurat",500,0.468584506704009,0.421067575784278,0.422624016214266,0.880142293603832,0.529574058420212,0.209230769230769,"all"
"wilcox","Seurat",500,0.529889363889779,0.466789116097396,0.363260820835665,0.945700666854513,0.565757959988729,0.340153846153846,"all"
"detection","Seurat_gated",500,0.271376581850586,0.241652253236201,0.154385067154554,0.503146426223349,0.380224476378323,0.335108847002887,"all"
"hurdle","Seurat_gated",500,0.593746742509849,0.562771222565931,0.469532444935649,0.897541561003099,0.619752042828966,0.421643175528783,"all"
"level","Seurat_gated",500,0.637151862822537,0.618090288038151,0.574379657840025,0.922994740302433,0.658824081901005,0.270120675953303,"all"
"wilcox","Seurat_gated",500,0.666352166543991,0.611124767478351,0.472747259708344,0.962606837606838,0.713933502395041,0.407627213565801,"all"
"detection","DIFS",750,0.361573395735927,0.344243311201708,0.20728377101976,0.644524279139664,0.455034281957359,0.303510576463231,"all"
"hurdle","DIFS",750,0.738627665715559,0.718837921785477,0.602151421951098,0.94348173194327,0.778036066497605,0.381733480350782,"all"
"level","DIFS",750,0.765074603196553,0.760325983770397,0.710186547264126,0.990384615384615,0.725990889452428,0.258951006010201,"all"
"wilcox","DIFS",750,0.793668423699668,0.764514917740237,0.611461366253769,0.990384615384615,0.816579787733634,0.376084655717739,"all"
"detection","DIFS_stage1only",750,0.215902189140265,0.193208619924848,0.143177475321675,0.467009486240255,0.30576688268996,0.210903718797759,"all"
"hurdle","DIFS_stage1only",750,0.50323653746822,0.489946953120622,0.437830812673228,0.868390156851695,0.544519582981121,0.252412406298014,"all"
"level","DIFS_stage1only",750,0.584674289664473,0.575421069188288,0.546292188477767,0.936965811965812,0.598607588992204,0.172171958004586,"all"
"wilcox","DIFS_stage1only",750,0.564680932427284,0.528423027953878,0.440423396356834,0.956689677843524,0.599088945242791,0.243422085360673,"all"
"detection","FEAST",750,0.496399490815448,0.468402557282889,0.248805501551441,0.793028552643937,0.594803700572931,0.459179487179487,"all"
"hurdle","FEAST",750,0.657504588639743,0.631746346529516,0.450425673818521,0.832640649948342,0.705609561378792,0.432717948717949,"all"
"level","FEAST",750,0.664918260409851,0.653986857469717,0.531878067629262,0.838369963369963,0.694737954353339,0.241025641025641,"all"
"wilcox","FEAST",750,0.711658584825786,0.682066382208382,0.464235448589851,0.876068376068376,0.785326852634545,0.431384615384615,"all"
"detection","GateOnly",750,0.120359251196642,0.111397227905033,0.0895343451025377,0.457402009956412,0.207133075133136,0.190784581955174,"all"
"hurdle","GateOnly",750,0.401697718836294,0.402073433551121,0.385755464375281,0.847677655594657,0.480130665345715,0.223645064640328,"all"
"level","GateOnly",750,0.474447982045419,0.46957836145272,0.449810402996649,0.892867203517626,0.49705326783193,0.152035892060532,"all"
"wilcox","GateOnly",750,0.461543181966388,0.439622156557264,0.387203338667985,0.910644770849607,0.552986708080064,0.213358881461845,"all"
"detection","Random",750,0.0343735083217812,0.0343735083217812,0.0343735083217812,0.282531059930741,0.00538013165586855,0.116492571544212,"all"
"hurdle","Random",750,0.0343735083217812,0.0343735083217812,0.0343735083217812,0.257569932527315,0.00500783621365253,0.0436512839771585,"all"
"level","Random",750,0.0343735083217812,0.0343735083217812,0.0343735083217812,0.229466045907694,0.0037454652550311,0.0182620496768433,"all"
"wilcox","Random",750,0.0343735083217812,0.0343735083217812,0.0343735083217812,0.256016348147812,0.00499931173273348,0.0403725158545038,"all"
"detection","Seurat",750,0.401022263836946,0.37101825457359,0.15810968372245,0.840811965811966,0.504707898938668,0.332615384615385,"all"
"hurdle","Seurat",750,0.618933987814899,0.549585476014567,0.431744418438668,0.96978021978022,0.650241852164929,0.302769230769231,"all"
"level","Seurat",750,0.534830898170824,0.496499289645396,0.496487921403909,0.916772330233869,0.593570958955574,0.169025641025641,"all"
"wilcox","Seurat",750,0.597421855399447,0.535743535257371,0.434104118125452,0.960164835164835,0.640626467549544,0.296410256410256,"all"
"detection","Seurat_gated",750,0.291166777137747,0.255145398610872,0.175470457925939,0.503146426223349,0.380224476378323,0.297775513669553,"all"
"hurdle","Seurat_gated",750,0.624132740748718,0.597140798824494,0.507934716544613,0.903458720766413,0.619752042828966,0.355181637067245,"all"
"level","Seurat_gated",750,0.684784881862426,0.662476050837484,0.61482840263902,0.937458908612755,0.681647412416643,0.22304375287638,"all"
"wilcox","Seurat_gated",750,0.700359644466778,0.653331700568881,0.511162189919343,0.962606837606838,0.728397670705363,0.340960546899135,"all"
"detection","DIFS",1000,0.405494394414107,0.380794540893234,0.235327471524377,0.680438151591998,0.519442096365173,0.297177243129897,"all"
"hurdle","DIFS",1000,0.784687411022925,0.766775097337468,0.660801681661527,0.973478444632291,0.814666103127642,0.362989890607192,"all"
"level","DIFS",1000,0.804095076028319,0.807688057943443,0.762384627996901,1,0.774455245609092,0.234822800881996,"all"
"wilcox","DIFS",1000,0.842676198763349,0.814589043614693,0.673305228900444,1,0.842032967032967,0.357341065974149,"all"
"detection","DIFS_stage1only",1000,0.23533501863709,0.21464227553977,0.16262800861732,0.482542030618954,0.329846435615666,0.204361948739859,"all"
"hurdle","DIFS_stage1only",1000,0.53781386664814,0.528547619014017,0.479448416854441,0.876937165398704,0.57780360664976,0.242422331856327,"all"
"level","DIFS_stage1only",1000,0.634640233298501,0.635412104874132,0.595456864861989,0.954059829059829,0.638219686296609,0.164656656102187,"all"
"wilcox","DIFS_stage1only",1000,0.613447339196664,0.578904756743303,0.482630093935416,0.962606837606838,0.678207476284399,0.233361704880938,"all"
"detection","FEAST",1000,0.540257311723797,0.520579378283953,0.279199857156142,0.824093641401334,0.61033624495163,0.438769230769231,"all"
"hurdle","FEAST",1000,0.684794528287638,0.66801440539401,0.507583599384517,0.844474969474969,0.720073729689114,0.384538461538462,"all"
"level","FEAST",1000,0.700259490753078,0.694518685907975,0.582434185754524,0.846916971916972,0.718406593406593,0.208230769230769,"all"
"wilcox","FEAST",1000,0.733155372090858,0.721272284790189,0.52302089738433,0.884615384615385,0.799791020944867,0.383076923076923,"all"
"detection","GateOnly",1000,0.158879883867372,0.147889990115451,0.119338284889338,0.484575779755045,0.280588168643157,0.190784581955174,"all"
"hurdle","GateOnly",1000,0.461968615465211,0.461112426719616,0.437170335172935,0.875981366493088,0.56843287914477,0.223645064640328,"all"
"level","GateOnly",1000,0.546817050226536,0.543411387017018,0.514788256133358,0.923792405208675,0.597848082530852,0.152035892060532,"all"
"wilcox","GateOnly",1000,0.530768631924304,0.507911287144371,0.4390629326729,0.936690794835794,0.655537380369193,0.213358881461845,"all"
"detection","Random",1000,0.0458313444290416,0.0458313444290416,0.0458313444290416,0.356572913414185,0.0117493114313775,0.116492571544212,"all"
"hurdle","Random",1000,0.0458313444290416,0.0458313444290416,0.0458313444290416,0.324873265554015,0.010935923627225,0.0436512839771585,"all"
"level","Random",1000,0.0458313444290416,0.0458313444290416,0.0458313444290416,0.29078619336791,0.00823595339455648,0.0182620496768433,"all"
"wilcox","Random",1000,0.0458313444290416,0.0458313444290416,0.0458313444290416,0.322880294930907,0.0109162041156809,0.0403725158545038,"all"
"detection","Seurat",1000,0.437376725124069,0.406464301335912,0.185950537165971,0.878205128205128,0.549391847468771,0.308230769230769,"all"
"hurdle","Seurat",1000,0.661423880132841,0.593247451587824,0.477659400093798,0.96978021978022,0.764945524560909,0.268153846153846,"all"
"level","Seurat",1000,0.572849713648578,0.538750913454427,0.534743629169182,0.92776134122288,0.662522306753076,0.142076923076923,"all"
"wilcox","Seurat",1000,0.634072756899182,0.579132284747575,0.480388652545422,0.96978021978022,0.73346952193106,0.261846153846154,"all"
"detection","Seurat_gated",1000,0.301821991498087,0.264570686538931,0.190649468685323,0.509063585986663,0.39205879590495,0.269977333355244,"all"
"hurdle","Seurat_gated",1000,0.635338349666648,0.614774548615902,0.531497919660274,0.909375880529727,0.631586362355593,0.309037716471711,"all"
"level","Seurat_gated",1000,0.705861914357182,0.687444549219716,0.637118066277844,0.937458908612755,0.704658589273974,0.194118194563725,"all"
"wilcox","Seurat_gated",1000,0.717393164081102,0.674740056395277,0.535166090664277,0.962606837606838,0.736944679252372,0.296284781804015,"all"
"detection","DIFS",1500,0.434245171133506,0.419552057890076,0.269209394868257,0.701042547196393,0.538672865595943,0.281923462722271,"all"
"hurdle","DIFS",1500,0.820133790319197,0.812402650511615,0.739868501606131,0.984467455621302,0.835270498732037,0.32628048889779,"all"
"level","DIFS",1500,0.857669563187774,0.859850092295073,0.819856391099283,1,0.806048652202498,0.192695910678183,"all"
"wilcox","DIFS",1500,0.879789139131216,0.85777583995565,0.753570349116599,1,0.862637362637363,0.319599448617147,"all"
"detection","DIFS_stage1only",1500,0.282750198423401,0.256676526051435,0.200764946938352,0.501772799849723,0.380224476378323,0.195763037078664,"all"
"hurdle","DIFS_stage1only",1500,0.596500809964588,0.590275899366774,0.540606954548671,0.897541561003099,0.637069127453743,0.231970789550113,"all"
"level","DIFS_stage1only",1500,0.69999826976612,0.69900406801656,0.657786144601849,0.962606837606838,0.702028740490279,0.157724588554202,"all"
"wilcox","DIFS_stage1only",1500,0.68812174121292,0.660901835500508,0.544129531038851,0.962606837606838,0.757549074856767,0.222208095322484,"all"
"detection","FEAST",1500,0.599355843743089,0.580200337458854,0.331997920283115,0.854313421621114,0.720954259415798,0.409025641025641,"all"
"hurdle","FEAST",1500,0.727010053288462,0.719237411148088,0.591430709916219,0.884310134310134,0.774643091950784,0.317948717948718,"all"
"level","FEAST",1500,0.753011804818158,0.752020375722081,0.655409073881291,0.903846153846154,0.729395604395604,0.164564102564103,"all"
"wilcox","FEAST",1500,0.775379391198422,0.767160147139968,0.610026765497161,0.903846153846154,0.834859584859585,0.315282051282051,"all"
"detection","GateOnly",1500,0.229024954006187,0.214579602376518,0.177478422266538,0.507366139053453,0.353488702370301,0.190784581955174,"all"
"hurdle","GateOnly",1500,0.556417710365025,0.551759682690596,0.51770593360863,0.900859368385008,0.639001041844656,0.223645064640328,"all"
"level","GateOnly",1500,0.657926388228542,0.655954512170233,0.613783495042507,0.949580402313145,0.70097677064826,0.152035892060532,"all"
"wilcox","GateOnly",1500,0.638880219027766,0.613716851931952,0.520360748740909,0.955398136098151,0.747498694370709,0.213358881461845,"all"
"detection","Random",1500,0.0687470166435624,0.0687470166435624,0.0687470166435624,0.480908060034731,0.0336133846832512,0.116492571544212,"all"
"hurdle","Random",1500,0.0687470166435624,0.0687470166435624,0.0687470166435624,0.437657188343098,0.0312805918015544,0.0436512839771585,"all"
"level","Random",1500,0.0687470166435624,0.0687470166435624,0.0687470166435624,0.395207468245075,0.0238888597890608,0.0182620496768433,"all"
"wilcox","Random",1500,0.0687470166435624,0.0687470166435624,0.0687470166435624,0.43489212668326,0.0312173000886701,0.0403725158545038,"all"
"detection","Seurat",1500,0.507322245284101,0.46765186067813,0.234358552443437,0.916666666666667,0.643491124260355,0.279230769230769,"all"
"hurdle","Seurat",1500,0.721214928914333,0.65739179470349,0.550447063951821,0.96978021978022,0.81088569550108,0.225179487179487,"all"
"level","Seurat",1500,0.635662835773959,0.60017447309905,0.593241018666392,0.95077251808021,0.716821639898563,0.11174358974359,"all"
"wilcox","Seurat",1500,0.698376814014998,0.637947664368966,0.554249811353989,0.96978021978022,0.828637174791021,0.219282051282051,"all"
"detection","Seurat_gated",1500,0.307734634848605,0.277805469151064,0.214539389392473,0.518678970602047,0.397975955668263,0.232686114001741,"all"
"hurdle","Seurat_gated",1500,0.655278766143573,0.638048292625584,0.563313587168247,0.909375880529727,0.666654926270311,0.2591502767296,"all"
"level","Seurat_gated",1500,0.741828739825426,0.724284584173253,0.674407384817928,0.956689677843524,0.704658589273974,0.168288691118305,"all"
"wilcox","Seurat_gated",1500,0.740118193352191,0.706797802738674,0.56626065602774,0.962606837606838,0.766096083403776,0.246669633784022,"all"
"detection","DIFS",2500,0.467855174265644,0.456464565357343,0.312516759015717,0.706959706959707,0.561496196111581,0.248227645251934,"all"
"hurdle","DIFS",2500,0.866788593351093,0.859551957149632,0.813370469734683,1,0.847104818258664,0.274591951490205,"all"
"level","DIFS",2500,0.922523501330025,0.923509461967802,0.887551550472437,1,0.811965811965812,0.156788196418511,"all"
"wilcox","DIFS",2500,0.922209443395343,0.906521671552653,0.8260240788604,1,0.862637362637363,0.265138730849325,"all"
"detection","DIFS_stage1only",2500,0.311651561013774,0.293728162134272,0.245440635434482,0.512761810838734,0.397975955668263,0.190894077394622,"all"
"hurdle","DIFS_stage1only",2500,0.658744049622918,0.650432221428671,0.603290229973332,0.909375880529727,0.666654926270311,0.224006007330264,"all"
"level","DIFS_stage1only",2500,0.775085610508551,0.775018186546734,0.717490521246831,0.962606837606838,0.741946088099934,0.152149436637955,"all"
"wilcox","DIFS_stage1only",2500,0.756391180312906,0.72911409300502,0.606661041929992,0.962606837606838,0.777930402930403,0.213578357393726,"all"
"detection","FEAST",2500,0.666229679877648,0.653606859628634,0.420707430301872,0.87469474969475,0.778728749882596,0.367138461538462,"all"
"hurdle","FEAST",2500,0.786596074380165,0.773624778175004,0.696035297772419,0.884310134310134,0.838557809711656,0.238123076923077,"all"
"level","FEAST",2500,0.804404278422714,0.804413132858446,0.736507875011098,0.903846153846154,0.777777777777778,0.115169230769231,"all"
"wilcox","FEAST",2500,0.820024618685555,0.812907162193772,0.717560905002839,0.903846153846154,0.854090354090354,0.234246153846154,"all"
"detection","GateOnly",2500,0.310918622787156,0.292113881775989,0.245399589010938,0.517551844217775,0.39291028580188,0.190784581955174,"all"
"hurdle","GateOnly",2500,0.661539248068936,0.650107827598451,0.602870333870569,0.909355372009733,0.669463055432788,0.223645064640328,"all"
"level","GateOnly",2500,0.778276355904477,0.776289757495163,0.717170497071454,0.96260578422682,0.741526970212468,0.152035892060532,"all"
"wilcox","GateOnly",2500,0.758766823457811,0.728577979819942,0.606383785826049,0.962606470584418,0.777777154062277,0.213358881461845,"all"
"detection","Random",2500,0.114578361072604,0.114578361072604,0.114578361072604,0.657255883074003,0.111658898497989,0.116492571544212,"all"
"hurdle","Random",2500,0.114578361072604,0.114578361072604,0.114578361072604,0.597026676076475,0.103813706927428,0.0436512839771585,"all"
"level","Random",2500,0.114578361072604,0.114578361072604,0.114578361072604,0.547488041765333,0.081546921871116,0.0182620496768433,"all"
"wilcox","Random",2500,0.114578361072604,0.114578361072604,0.114578361072604,0.593096939749826,0.103549556506898,0.0403725158545038,"all"
"detection","Seurat",2500,0.569903258083671,0.534889954507775,0.301086970789162,0.942307692307692,0.74293228139382,0.240861538461538,"all"
"hurdle","Seurat",2500,0.787522099964041,0.736977699380179,0.637933960968809,0.990384615384615,0.834965248426787,0.172461538461538,"all"
"level","Seurat",2500,0.71377193672129,0.67027372243844,0.660808319731401,0.968934911242604,0.746818352587583,0.0801230769230769,"all"
"wilcox","Seurat",2500,0.77845665871165,0.711989641430003,0.641715285882963,1,0.846799567953414,0.166184615384615,"all"
"detection","Seurat_gated",2500,0.315434663157532,0.295864914271025,0.246917041769188,0.518678970602047,0.397975955668263,0.194832538933083,"all"
"hurdle","Seurat_gated",2500,0.66637278452438,0.654972819719269,0.606225405546944,0.909375880529727,0.666654926270311,0.22652908425334,"all"
"level","Seurat_gated",2500,0.779439746938159,0.776268968285321,0.720439094657637,0.962606837606838,0.736028928336621,0.153195590484109,"all"
"wilcox","Seurat_gated",2500,0.761562479601852,0.733801162208218,0.609770615529712,0.962606837606838,0.777930402930403,0.216039895855265,"all"
