"data.name","fmethod","clust","n","k_policy","gate_rule","gate_rule_src","seed","ARI","FM","Jaccard","Purity","nfeat","kfound","k_used","stage1_n","stage2_n","ratio","total","dropped","elapsed","set"
"Baron","DIFS","Refined Louvain",100,"true","submitted","object",1,0.618259986815556,0.701636744461082,0.50571061246364,0.940016337962423,100,14,14,1700,2460,"2:1",8569,0,4626.971,"baronfix"
"Baron","DIFS","Refined Louvain",300,"true","submitted","object",1,0.537822433528317,0.636495304364152,0.42598406441501,0.917960088691796,300,14,14,1700,2460,"1:1",8569,0,3298.894,"baronfix"
"Baron","DIFS","Refined Louvain",1000,"true","submitted","object",1,0.514272320138128,0.61836807010987,0.403089728791506,0.932314155677442,1000,14,14,1700,2460,"2:1",8569,0,3499.455,"baronfix"
"Baron","DIFS_stage1only","Refined Louvain",100,"true","submitted","object",1,0.559670193523645,0.655069308374973,0.446562068298152,0.925428871513596,100,14,14,100,NA,NA,8569,0,1002.226,"abl"
"Baron","DIFS_stage1only","Refined Louvain",300,"true","submitted","object",1,0.522627607661547,0.622538977864593,0.412561568582905,0.904072820632513,300,14,14,300,NA,NA,8569,0,898.464,"abl"
"Baron","DIFS_stage1only","Refined Louvain",1000,"true","submitted","object",1,0.495991637884913,0.602142797817172,0.386878908806902,0.911424903722721,1000,14,14,1000,NA,NA,8569,0,914.855,"abl"
"Baron","GateOnly","Refined Louvain",100,"true","submitted","object",1,0.345754689463575,0.462278267092742,0.267430959320715,0.785739292799627,100,14,14,NA,NA,NA,8569,0,134.716,"abl"
"Baron","GateOnly","Refined Louvain",300,"true","submitted","object",1,0.478809864416221,0.5859077748873,0.372514656479913,0.899171431905707,300,14,14,NA,NA,NA,8569,0,111.374,"abl"
"Baron","GateOnly","Refined Louvain",1000,"true","submitted","object",1,0.496184221322952,0.602232424559065,0.38709789372353,0.909441008285681,1000,14,14,NA,NA,NA,8569,0,105.235,"abl"
"Darmanis","DIFS","Refined Louvain",100,"true","submitted","object",1,0.592417297291452,0.659712111278609,0.487592454812027,0.781115879828326,100,9,9,700,3279,"1:3",466,0,145.21,"abl"
"Darmanis","DIFS","Refined Louvain",300,"true","submitted","object",1,0.624047263040861,0.686661943249482,0.517491601343785,0.804721030042919,300,9,9,700,3279,"1:3",466,0,144.397,"abl"
"Darmanis","DIFS","Refined Louvain",1000,"true","submitted","object",1,0.571236952169625,0.641753351334598,0.468839679616225,0.809012875536481,1000,9,9,700,3279,"3:2",466,0,144.483,"abl"
"Darmanis","DIFS_stage1only","Refined Louvain",100,"true","submitted","object",1,0.507688296854551,0.587453983094624,0.411310298501197,0.742489270386266,100,9,9,100,NA,NA,466,0,52.872,"abl"
"Darmanis","DIFS_stage1only","Refined Louvain",300,"true","submitted","object",1,0.607729951361497,0.672769874577677,0.501751274661937,0.802575107296137,300,9,9,300,NA,NA,466,0,37.032,"abl"
"Darmanis","DIFS_stage1only","Refined Louvain",1000,"true","submitted","object",1,0.562884422697453,0.634724671733068,0.458188536488805,0.82618025751073,1000,9,9,1000,NA,NA,466,0,37.868,"abl"
"Darmanis","GateOnly","Refined Louvain",100,"true","submitted","object",1,0.451742351497557,0.539211442179358,0.358622777801808,0.753218884120172,100,9,9,NA,NA,NA,466,0,6.916,"abl"
"Darmanis","GateOnly","Refined Louvain",300,"true","submitted","object",1,0.564955654632296,0.636361285696131,0.461250598320352,0.821888412017167,300,9,9,NA,NA,NA,466,0,6.091,"abl"
"Darmanis","GateOnly","Refined Louvain",1000,"true","submitted","object",1,0.516325264554112,0.594954777757652,0.415128104403998,0.789699570815451,1000,9,9,NA,NA,NA,466,0,5.932,"abl"
"Fletcher","DIFS","Refined Louvain",100,"true","submitted","object",1,0.599847079604166,0.63768938413252,0.466968857550575,0.774350649350649,100,13,13,1900,3729,"3:1",616,0,228.141,"abl"
"Fletcher","DIFS","Refined Louvain",300,"true","submitted","object",1,0.810343468404158,0.828651893721088,0.707276995305164,0.887987012987013,300,13,13,1900,3729,"2:1",616,0,230.388,"abl"
"Fletcher","DIFS","Refined Louvain",1000,"true","submitted","object",1,0.76848180531742,0.790762152710136,0.6532437442076,0.87012987012987,1000,13,13,1900,3729,"2:3",616,0,240.401,"abl"
"Fletcher","DIFS_stage1only","Refined Louvain",100,"true","submitted","object",1,0.374238328491531,0.431985685083217,0.274573637675262,0.595779220779221,100,13,13,100,NA,NA,616,0,47.81,"abl"
"Fletcher","DIFS_stage1only","Refined Louvain",300,"true","submitted","object",1,0.476731629591704,0.525361619238945,0.35467121170082,0.704545454545455,300,13,13,300,NA,NA,616,0,50.516,"abl"
"Fletcher","DIFS_stage1only","Refined Louvain",1000,"true","submitted","object",1,0.651619716743545,0.684767623070888,0.519453480806766,0.823051948051948,1000,13,13,1000,NA,NA,616,0,48.598,"abl"
"Fletcher","GateOnly","Refined Louvain",100,"true","submitted","object",1,0.366799728627543,0.425675925653672,0.26979738823615,0.595779220779221,100,13,13,NA,NA,NA,616,0,7.455,"abl"
"Fletcher","GateOnly","Refined Louvain",300,"true","submitted","object",1,0.53977555361236,0.582968136562063,0.410097719869707,0.766233766233766,300,13,13,NA,NA,NA,616,0,7,"abl"
"Fletcher","GateOnly","Refined Louvain",1000,"true","submitted","object",1,0.692822355180252,0.722996521699698,0.566147368421053,0.819805194805195,1000,12,13,NA,NA,NA,616,0,6.728,"abl"
"Koh","DIFS","Refined Louvain",100,"true","submitted","object",1,0.988345058506465,0.989732585116199,0.979673835972583,0.994350282485876,100,9,9,1000,1688,"3:2",531,0,138.152,"abl"
"Koh","DIFS","Refined Louvain",300,"true","submitted","object",1,0.978647478157131,0.981188589417497,0.963071512309496,0.990583804143126,300,9,9,1000,1688,"1:3",531,0,137.745,"abl"
"Koh","DIFS","Refined Louvain",1000,"true","submitted","object",1,0.983050928179305,0.985067791889967,0.970574387947269,0.992467043314501,1000,9,9,1000,1688,"1:1",531,0,141.228,"abl"
"Koh","DIFS_stage1only","Refined Louvain",100,"true","submitted","object",1,0.744590672145533,0.780419139084667,0.636111855624051,0.862523540489642,100,9,9,100,NA,NA,531,0,24.102,"abl"
"Koh","DIFS_stage1only","Refined Louvain",300,"true","submitted","object",1,0.926887901554884,0.935618413693549,0.879020079422786,0.966101694915254,300,9,9,300,NA,NA,531,0,24.995,"abl"
"Koh","DIFS_stage1only","Refined Louvain",1000,"true","submitted","object",1,0.967865965636165,0.971684930599221,0.944919941775837,0.984934086629002,1000,9,9,1000,NA,NA,531,0,24.513,"abl"
"Koh","GateOnly","Refined Louvain",100,"true","submitted","object",1,0.788973694068792,0.813870883712894,0.686084965657593,0.900188323917137,100,9,9,NA,NA,NA,531,0,9.645,"abl"
"Koh","GateOnly","Refined Louvain",300,"true","submitted","object",1,0.945616904615052,0.952074326373183,0.908519153802173,0.973634651600753,300,9,9,NA,NA,NA,531,0,9.357,"abl"
"Koh","GateOnly","Refined Louvain",1000,"true","submitted","object",1,0.951126630813803,0.956947241683384,0.917448512585812,0.977401129943503,1000,9,9,NA,NA,NA,531,0,9.262,"abl"
"Kumar","DIFS","Refined Louvain",100,"true","submitted","object",1,0.988771468816226,0.992545322773649,0.985200431245712,0.995934959349594,100,3,3,453,616,"1:1",246,0,52.286,"abl"
"Kumar","DIFS","Refined Louvain",300,"true","submitted","object",1,0.988771468816226,0.992545322773649,0.985200431245712,0.995934959349594,300,3,3,453,616,"3:2",246,0,52.975,"abl"
"Kumar","DIFS","Refined Louvain",1000,"true","submitted","object",1,0.975764779664105,0.983914754264005,0.968337218337218,0.991869918699187,697,3,3,453,616,"1:1",246,0,52.95,"abl"
"Kumar","DIFS_stage1only","Refined Louvain",100,"true","submitted","object",1,0.975764779664105,0.983914754264005,0.968337218337218,0.991869918699187,100,3,3,100,NA,NA,246,0,8.101,"abl"
"Kumar","DIFS_stage1only","Refined Louvain",300,"true","submitted","object",1,0.975764779664105,0.983914754264005,0.968337218337218,0.991869918699187,300,3,3,300,NA,NA,246,0,8.372,"abl"
"Kumar","DIFS_stage1only","Refined Louvain",1000,"true","submitted","object",1,0.975764779664105,0.983914754264005,0.968337218337218,0.991869918699187,453,3,3,453,NA,NA,246,0,8.458,"abl"
"Kumar","GateOnly","Refined Louvain",100,"true","submitted","object",1,0.988771468816226,0.992545322773649,0.985200431245712,0.995934959349594,100,3,3,NA,NA,NA,246,0,6.032,"abl"
"Kumar","GateOnly","Refined Louvain",300,"true","submitted","object",1,0.975764779664105,0.983914754264005,0.968337218337218,0.991869918699187,300,3,3,NA,NA,NA,246,0,6.365,"abl"
"Kumar","GateOnly","Refined Louvain",1000,"true","submitted","object",1,0.975764779664105,0.983914754264005,0.968337218337218,0.991869918699187,453,3,3,NA,NA,NA,246,0,6.56,"abl"
"Lawlor","DIFS","Refined Louvain",100,"true","submitted","object",1,0.548657359988964,0.679413804595651,0.483162777000663,0.890282131661442,100,8,8,1000,2374,"3:2",638,0,227.15,"abl"
"Lawlor","DIFS","Refined Louvain",300,"true","submitted","object",1,0.689982456891451,0.784153561772422,0.625843621399177,0.890282131661442,300,8,8,1000,2374,"1:2",638,0,227.47,"abl"
"Lawlor","DIFS","Refined Louvain",1000,"true","submitted","object",1,0.528137302655066,0.664987647331559,0.460504776927885,0.866771159874608,1000,8,8,1000,2374,"2:1",638,0,228.138,"abl"
"Lawlor","DIFS_stage1only","Refined Louvain",100,"true","submitted","object",1,0.464639104031398,0.613017258170717,0.407496312577725,0.843260188087774,100,8,8,100,NA,NA,638,0,40.713,"abl"
"Lawlor","DIFS_stage1only","Refined Louvain",300,"true","submitted","object",1,0.392055223962208,0.553390821619834,0.344519880829609,0.815047021943574,300,8,8,300,NA,NA,638,0,42.156,"abl"
"Lawlor","DIFS_stage1only","Refined Louvain",1000,"true","submitted","object",1,0.575949116352802,0.698814907062585,0.513759473676584,0.84012539184953,1000,8,8,1000,NA,NA,638,0,40.208,"abl"
"Lawlor","GateOnly","Refined Louvain",100,"true","submitted","object",1,0.32690957262335,0.496869361427519,0.294790717240412,0.818181818181818,100,8,8,NA,NA,NA,638,0,8.687,"abl"
"Lawlor","GateOnly","Refined Louvain",300,"true","submitted","object",1,0.391909751565547,0.552471388957568,0.352589003522548,0.822884012539185,300,8,8,NA,NA,NA,638,0,7.91,"abl"
"Lawlor","GateOnly","Refined Louvain",1000,"true","submitted","object",1,0.582733575459656,0.703310447091655,0.523719788142247,0.847962382445141,1000,8,8,NA,NA,NA,638,0,8.46,"abl"
"Muraro","DIFS","Refined Louvain",100,"true","submitted","object",1,0.719626734361174,0.784926897449889,0.627495636304433,0.95343367826905,100,10,10,1125,1678,"3:2",2126,0,310.984,"abl"
"Muraro","DIFS","Refined Louvain",300,"true","submitted","object",1,0.66412856027082,0.743183573345876,0.564938280975739,0.953904045155221,300,10,10,1125,1678,"1:1",2126,0,306.16,"abl"
"Muraro","DIFS","Refined Louvain",1000,"true","submitted","object",1,0.667327348908107,0.745470224766566,0.568561657339582,0.954844778927563,1000,10,10,1125,1678,"2:3",2126,0,310.289,"abl"
"Muraro","DIFS_stage1only","Refined Louvain",100,"true","submitted","object",1,0.645180489696047,0.728128123975242,0.544971445951333,0.94167450611477,100,9,10,100,NA,NA,2126,0,100.962,"abl"
"Muraro","DIFS_stage1only","Refined Louvain",300,"true","submitted","object",1,0.669699848871439,0.746985499949327,0.571416949973419,0.951552210724365,300,10,10,300,NA,NA,2126,0,85.271,"abl"
"Muraro","DIFS_stage1only","Refined Louvain",1000,"true","submitted","object",1,0.659814743063594,0.738872932877198,0.561149778200552,0.944967074317968,1000,9,10,1000,NA,NA,2126,0,83.208,"abl"
"Muraro","GateOnly","Refined Louvain",100,"true","submitted","object",1,0.554388174765377,0.651831545755358,0.45786252354049,0.895578551269991,100,10,10,NA,NA,NA,2126,0,19.671,"abl"
"Muraro","GateOnly","Refined Louvain",300,"true","submitted","object",1,0.718278108994598,0.783141554516924,0.626709194077989,0.944026340545626,300,9,10,NA,NA,NA,2126,0,17.508,"abl"
"Muraro","GateOnly","Refined Louvain",1000,"true","submitted","object",1,0.665771705163133,0.744141776913675,0.566986080863555,0.954374412041392,1000,10,10,NA,NA,NA,2126,0,17.657,"abl"
"Romanov","DIFS","Refined Louvain",100,"true","submitted","object",1,0.514614017679569,0.62401340005045,0.442455091055334,0.834432488719195,100,8,7,1100,2976,"2:1",2881,0,696.912,"abl"
"Romanov","DIFS","Refined Louvain",300,"true","submitted","object",1,0.582116924893038,0.681627521912094,0.515855787488012,0.829920166608816,300,7,7,1100,2976,"1:2",2881,0,695.651,"abl"
"Romanov","DIFS","Refined Louvain",1000,"true","submitted","object",1,0.624929489461955,0.717893553550564,0.559917617116827,0.83755640402638,1000,7,7,1100,2976,"1:3",2881,0,711.207,"abl"
"Romanov","DIFS_stage1only","Refined Louvain",100,"true","submitted","object",1,0.538546811375069,0.648145973231404,0.478329823290081,0.777507809788268,100,6,7,100,NA,NA,2881,0,271.259,"abl"
"Romanov","DIFS_stage1only","Refined Louvain",300,"true","submitted","object",1,0.557995094403932,0.660238272086491,0.4886946889627,0.842762929538355,300,7,7,300,NA,NA,2881,0,283.591,"abl"
"Romanov","DIFS_stage1only","Refined Louvain",1000,"true","submitted","object",1,0.6563774996333,0.744268898137296,0.59243520924649,0.843110031239153,1000,6,7,1000,NA,NA,2881,0,277.933,"abl"
"Romanov","GateOnly","Refined Louvain",100,"true","submitted","object",1,0.469286838248402,0.594297239708555,0.421524863786131,0.784796945505033,100,7,7,NA,NA,NA,2881,0,26.835,"abl"
"Romanov","GateOnly","Refined Louvain",300,"true","submitted","object",1,0.661434198702662,0.752300528116114,0.601191454694899,0.832349878514405,300,6,7,NA,NA,NA,2881,0,25.005,"abl"
"Romanov","GateOnly","Refined Louvain",1000,"true","submitted","object",1,0.622366155424574,0.715398569107823,0.556836668061058,0.844498438042346,1000,7,7,NA,NA,NA,2881,0,23.434,"abl"
"SimKumar4easy","DIFS","Refined Louvain",100,"true","submitted","object",1,1,1,1,1,100,4,4,326,29,"1:1",500,0,105.871,"abl"
"SimKumar4easy","DIFS","Refined Louvain",300,"true","submitted","object",1,1,1,1,1,300,4,4,326,29,"1:1",500,0,106.094,"abl"
"SimKumar4easy","DIFS","Refined Louvain",1000,"true","submitted","object",1,1,1,1,1,326,4,4,326,29,"1:1",500,0,104.459,"abl"
"SimKumar4easy","DIFS_stage1only","Refined Louvain",100,"true","submitted","object",1,1,1,1,1,100,4,4,100,NA,NA,500,0,12.067,"abl"
"SimKumar4easy","DIFS_stage1only","Refined Louvain",300,"true","submitted","object",1,1,1,1,1,300,4,4,300,NA,NA,500,0,12.55,"abl"
"SimKumar4easy","DIFS_stage1only","Refined Louvain",1000,"true","submitted","object",1,1,1,1,1,326,4,4,326,NA,NA,500,0,12.563,"abl"
"SimKumar4easy","GateOnly","Refined Louvain",100,"true","submitted","object",1,0.994831705846302,0.99670829147619,0.993432217398012,0.998,100,4,4,NA,NA,NA,500,0,9.622,"abl"
"SimKumar4easy","GateOnly","Refined Louvain",300,"true","submitted","object",1,1,1,1,1,300,4,4,NA,NA,NA,500,0,10.027,"abl"
"SimKumar4easy","GateOnly","Refined Louvain",1000,"true","submitted","object",1,1,1,1,1,326,4,4,NA,NA,NA,500,0,17.542,"abl"
"SimKumar4hard","DIFS","Refined Louvain",100,"true","submitted","object",1,1,1,1,1,100,4,4,325,18,"1:1",499,0,112.721,"abl"
"SimKumar4hard","DIFS","Refined Louvain",300,"true","submitted","object",1,1,1,1,1,300,4,4,325,18,"1:1",499,0,114.908,"abl"
"SimKumar4hard","DIFS","Refined Louvain",1000,"true","submitted","object",1,1,1,1,1,327,4,4,325,18,"1:1",499,0,113.708,"abl"
"SimKumar4hard","DIFS_stage1only","Refined Louvain",100,"true","submitted","object",1,0.922960337233279,0.945597234492299,0.896762449616435,0.959919839679359,100,4,4,100,NA,NA,499,0,12.066,"abl"
"SimKumar4hard","DIFS_stage1only","Refined Louvain",300,"true","submitted","object",1,1,1,1,1,300,4,4,300,NA,NA,499,0,12.478,"abl"
"SimKumar4hard","DIFS_stage1only","Refined Louvain",1000,"true","submitted","object",1,1,1,1,1,325,4,4,325,NA,NA,499,0,12.503,"abl"
"SimKumar4hard","GateOnly","Refined Louvain",100,"true","submitted","object",1,0.592462316975652,0.706849720201902,0.544985596569974,0.845691382765531,100,4,4,NA,NA,NA,499,0,9.511,"abl"
"SimKumar4hard","GateOnly","Refined Louvain",300,"true","submitted","object",1,1,1,1,1,300,4,4,NA,NA,NA,499,0,9.89,"abl"
"SimKumar4hard","GateOnly","Refined Louvain",1000,"true","submitted","object",1,1,1,1,1,325,4,4,NA,NA,NA,499,0,11.779,"abl"
"Trapnell","DIFS","Refined Louvain",100,"true","submitted","object",1,0.421155504048502,0.612770661870432,0.441722148246782,0.671171171171171,100,3,3,775,867,"1:3",222,0,53.511,"abl"
"Trapnell","DIFS","Refined Louvain",300,"true","submitted","object",1,0.421605112878002,0.612823674475956,0.441777777777778,0.666666666666667,300,3,3,775,867,"1:1",222,0,52.027,"abl"
"Trapnell","DIFS","Refined Louvain",1000,"true","submitted","object",1,0.419285964815292,0.611200239208401,0.440092370548006,0.657657657657658,1000,3,3,775,867,"3:1",222,0,52.129,"abl"
"Trapnell","DIFS_stage1only","Refined Louvain",100,"true","submitted","object",1,0.447209217753784,0.629963008631319,0.459814598145981,0.68018018018018,100,3,3,100,NA,NA,222,0,9.994,"abl"
"Trapnell","DIFS_stage1only","Refined Louvain",300,"true","submitted","object",1,0.446760189170144,0.629730105915134,0.45956642979221,0.68018018018018,300,3,3,300,NA,NA,222,0,10.577,"abl"
"Trapnell","DIFS_stage1only","Refined Louvain",1000,"true","submitted","object",1,0.443744090304395,0.627666137183119,0.4573713053634,0.662162162162162,775,3,3,775,NA,NA,222,0,10.006,"abl"
"Trapnell","GateOnly","Refined Louvain",100,"true","submitted","object",1,0.350245923436057,0.565851508823531,0.394551995888299,0.626126126126126,100,3,3,NA,NA,NA,222,0,5.364,"abl"
"Trapnell","GateOnly","Refined Louvain",300,"true","submitted","object",1,0.44392828100297,0.627789426544184,0.457502246181491,0.666666666666667,300,3,3,NA,NA,NA,222,0,9.908,"abl"
"Trapnell","GateOnly","Refined Louvain",1000,"true","submitted","object",1,0.443744090304395,0.627666137183119,0.4573713053634,0.662162162162162,775,3,3,NA,NA,NA,222,0,5.038,"abl"
"Zhengmix4eq","DIFS","Refined Louvain",100,"true","submitted","object",1,0.932724156417917,0.949531067860253,0.903911612981843,0.973710565848773,100,4,4,1900,1535,"2:3",3994,0,1785.616,"abl"
"Zhengmix4eq","DIFS","Refined Louvain",300,"true","submitted","object",1,0.975490551633489,0.98161370705183,0.963891315106143,0.990736104156234,300,4,4,1900,1535,"1:2",3994,0,1693.35,"abl"
"Zhengmix4eq","DIFS","Refined Louvain",1000,"true","submitted","object",1,0.983367811811684,0.987523036621006,0.975353580825451,0.993740610916375,1000,4,4,1900,1535,"2:3",3994,0,1364.99,"abl"
"Zhengmix4eq","DIFS_stage1only","Refined Louvain",100,"true","submitted","object",1,0.922329829662347,0.941744539887834,0.889902541728041,0.969454181271908,100,4,4,100,NA,NA,3994,0,434.446,"abl"
"Zhengmix4eq","DIFS_stage1only","Refined Louvain",300,"true","submitted","object",1,0.975473223807321,0.981600988790464,0.963866781738308,0.990736104156234,300,4,4,300,NA,NA,3994,0,390.767,"abl"
"Zhengmix4eq","DIFS_stage1only","Refined Louvain",1000,"true","submitted","object",1,0.98076106653236,0.985567369089662,0.971545411448936,0.992739108662995,1000,4,4,1000,NA,NA,3994,0,393.22,"abl"
"Zhengmix4eq","GateOnly","Refined Louvain",100,"true","submitted","object",1,0.636579059394834,0.758717011895554,0.593273441356258,0.729093640460691,100,4,4,NA,NA,NA,3994,0,36.127,"abl"
"Zhengmix4eq","GateOnly","Refined Louvain",300,"true","submitted","object",1,0.703551506967289,0.809035050508066,0.656318448740435,0.746870305458187,300,3,4,NA,NA,NA,3994,0,33.77,"abl"
"Zhengmix4eq","GateOnly","Refined Louvain",1000,"true","submitted","object",1,0.982055173039717,0.986538290095439,0.973434197693949,0.993239859789685,1000,4,4,NA,NA,NA,3994,0,35.394,"abl"
"Zhengmix8eq","DIFS","Refined Louvain",100,"true","submitted","object",1,0.590950347981019,0.651507993293008,0.479551285077986,0.711817726589885,100,8,8,1700,1774,"1:2",3994,0,1941.463,"abl"
"Zhengmix8eq","DIFS","Refined Louvain",300,"true","submitted","object",1,0.712816122239834,0.756121011252978,0.603593607387655,0.822233350025038,300,8,8,1700,1774,"1:3",3994,0,2045.452,"abl"
"Zhengmix8eq","DIFS","Refined Louvain",1000,"true","submitted","object",1,0.738712490291205,0.776577308576464,0.631910852863169,0.831997996995493,1000,8,8,1700,1774,"1:2",3994,0,1908.626,"abl"
"Zhengmix8eq","DIFS_stage1only","Refined Louvain",100,"true","submitted","object",1,0.606235965868325,0.670240549880178,0.496416365737534,0.718327491236855,100,8,8,100,NA,NA,3994,0,414.989,"abl"
"Zhengmix8eq","DIFS_stage1only","Refined Louvain",300,"true","submitted","object",1,0.7106541568204,0.752950931143927,0.600609846654501,0.820731096644967,300,8,8,300,NA,NA,3994,0,421.451,"abl"
"Zhengmix8eq","DIFS_stage1only","Refined Louvain",1000,"true","submitted","object",1,0.737843105966748,0.776512926397779,0.631236512954943,0.832749123685528,1000,8,8,1000,NA,NA,3994,0,410.571,"abl"
"Zhengmix8eq","GateOnly","Refined Louvain",100,"true","submitted","object",1,0.318162663984676,0.41106314119457,0.258091459594905,0.477466199298948,100,7,8,NA,NA,NA,3994,0,32.872,"abl"
"Zhengmix8eq","GateOnly","Refined Louvain",300,"true","submitted","object",1,0.533802240993269,0.596835944614807,0.424603759392981,0.668502754131197,300,8,8,NA,NA,NA,3994,0,37.37,"abl"
"Zhengmix8eq","GateOnly","Refined Louvain",1000,"true","submitted","object",1,0.712706138168064,0.754998031644991,0.603008397732345,0.820480721081622,1000,8,8,NA,NA,NA,3994,0,36.405,"abl"
