"family","clust","n","datasets","comparison","n_ds","mean","lo","hi","ahead","of","p"
"seed","Refined Louvain",100,"13","seed Refined n=100 13: DIFS - Seurat (replicate means)",13,0.143354486124967,0.0275805478050817,0.259128424444852,10,13,0.01611328125
"seed","Refined Louvain",100,"13","seed Refined n=100 13: DIFS - FEAST (replicate means)",13,0.164756533396594,-0.0111427663170414,0.340655833110229,10,13,0.026611328125
"seed","Refined Louvain",100,"9","seed Refined n=100 9: DIFS - Seurat (replicate means)",9,0.11834021628082,-0.0294761813816893,0.266156613943329,7,9,0.09765625
"seed","Refined Louvain",100,"9","seed Refined n=100 9: DIFS - FEAST (replicate means)",9,0.0851396119667383,-0.0190247515282574,0.189303975461734,7,9,0.09765625
"seed","Refined Louvain",300,"13","seed Refined n=300 13: DIFS - Seurat (replicate means)",13,0.0636999652153427,-0.0161275159100247,0.14352744634071,8,13,0.1474609375
"seed","Refined Louvain",300,"13","seed Refined n=300 13: DIFS - FEAST (replicate means)",13,0.10587562521505,-0.0698932044829938,0.281644454913094,7,13,0.684814453125
"seed","Refined Louvain",300,"9","seed Refined n=300 9: DIFS - Seurat (replicate means)",9,0.0454131979248934,-0.0578055092762282,0.148631905126015,6,9,0.49609375
"seed","Refined Louvain",300,"9","seed Refined n=300 9: DIFS - FEAST (replicate means)",9,0.0405526694727291,-0.0577714837281448,0.138876822673603,5,9,0.91015625
"seed","SC3",100,"13","seed SC3 n=100 13: DIFS - Seurat (replicate means)",12,0.154216673940189,-0.00906154650374164,0.317494894384119,10,12,0.04248046875
"seed","SC3",100,"13","seed SC3 n=100 13: DIFS - FEAST (replicate means)",13,0.121284941164579,-0.0537904829376169,0.296360365266775,11,13,0.0478515625
"seed","SC3",100,"9","seed SC3 n=100 9: DIFS - Seurat (replicate means)",9,0.0826373684814719,-0.0627538739650749,0.228028610928019,7,9,0.203125
"seed","SC3",100,"9","seed SC3 n=100 9: DIFS - FEAST (replicate means)",9,0.0379506400104018,-0.0684205788093569,0.144321858830161,7,9,0.30078125
"seed","SC3",300,"13","seed SC3 n=300 13: DIFS - Seurat (replicate means)",13,0.0938343420526069,0.00703296255190383,0.18063572155331,10,13,0.0341796875
"seed","SC3",300,"13","seed SC3 n=300 13: DIFS - FEAST (replicate means)",13,0.104753387056254,-0.0671121060798195,0.276618880192327,7,13,0.33935546875
"seed","SC3",300,"9","seed SC3 n=300 9: DIFS - Seurat (replicate means)",9,0.062256654840357,-0.0296053968999259,0.15411870658064,6,9,0.1953125
"seed","SC3",300,"9","seed SC3 n=300 9: DIFS - FEAST (replicate means)",9,0.0260022153039003,-0.0514502941385929,0.103454724746393,4,9,0.9453125
"subsample","Refined Louvain",100,"13","subsample Refined n=100 13: DIFS - Seurat (replicate means)",13,0.137975557370212,0.0364587240002039,0.23949239074022,11,13,0.01220703125
"subsample","Refined Louvain",100,"13","subsample Refined n=100 13: DIFS - FEAST (replicate means)",13,0.140769033812616,0.0404176911069818,0.241120376518249,12,13,0.001708984375
"subsample","Refined Louvain",100,"9","subsample Refined n=100 9: DIFS - Seurat (replicate means)",9,0.110585614671654,-0.0123548857652576,0.233526115108566,8,9,0.07421875
"subsample","Refined Louvain",100,"9","subsample Refined n=100 9: DIFS - FEAST (replicate means)",9,0.0983558620048413,0.03957803307538,0.157133690934302,9,9,0.00390625
"subsample","Refined Louvain",300,"13","subsample Refined n=300 13: DIFS - Seurat (replicate means)",13,0.0545888104501337,-0.0166222856511844,0.125799906551452,7,13,0.17626953125
"subsample","Refined Louvain",300,"13","subsample Refined n=300 13: DIFS - FEAST (replicate means)",13,0.0830747569715022,-0.00753007488596387,0.173679588828968,8,13,0.19091796875
"subsample","Refined Louvain",300,"9","subsample Refined n=300 9: DIFS - Seurat (replicate means)",9,0.034711784407196,-0.0520428108180561,0.121466379632448,5,9,0.42578125
"subsample","Refined Louvain",300,"9","subsample Refined n=300 9: DIFS - FEAST (replicate means)",9,0.0628397731424689,-0.0413082289324161,0.166987775217354,6,9,0.359375
"subsample","SC3",100,"13","subsample SC3 n=100 13: DIFS - Seurat (replicate means)",13,0.157964274650554,0.0188112796462334,0.297117269654875,11,13,0.006103515625
"subsample","SC3",100,"13","subsample SC3 n=100 13: DIFS - FEAST (replicate means)",13,0.113942239412978,-0.00414520308083857,0.232029681906795,11,13,0.021484375
"subsample","SC3",100,"9","subsample SC3 n=100 9: DIFS - Seurat (replicate means)",9,0.0883025266911625,-0.0348109147360679,0.211415968118393,7,9,0.07421875
"subsample","SC3",100,"9","subsample SC3 n=100 9: DIFS - FEAST (replicate means)",9,0.0764695830208123,-0.0291797053077842,0.182118871349409,7,9,0.12890625
"subsample","SC3",300,"13","subsample SC3 n=300 13: DIFS - Seurat (replicate means)",13,0.0907015424657658,0.00792512160536288,0.173477963326169,11,13,0.039794921875
"subsample","SC3",300,"13","subsample SC3 n=300 13: DIFS - FEAST (replicate means)",13,0.0544017031908036,-0.020504739747076,0.129308146128683,9,13,0.243896484375
"subsample","SC3",300,"9","subsample SC3 n=300 9: DIFS - Seurat (replicate means)",9,0.0563060698838573,-0.0300246648805661,0.142636804648281,7,9,0.25
"subsample","SC3",300,"9","subsample SC3 n=300 9: DIFS - FEAST (replicate means)",9,0.0291317303300767,-0.0366325066923142,0.0948959673524677,6,9,0.49609375
