"clust","offset","comparison","n_ds","mean","lo","hi","ahead","of","p"
"Refined Louvain",-2,"Refined offset -2: DIFS - Seurat",11,0.0707077239332276,-0.0435454677424467,0.184960915608902,8,11,0.193359375
"Refined Louvain",-2,"Refined offset -2: DIFS - FEAST",11,0.0898055618982045,-0.0910610136371928,0.270672137433602,6,11,0.556640625
"Refined Louvain",-1,"Refined offset -1: DIFS - Seurat",13,0.0428599340962311,-0.0838776021766654,0.169597470369128,5,13,0.9697265625
"Refined Louvain",-1,"Refined offset -1: DIFS - FEAST",13,0.0579350498530781,-0.112971176901181,0.228841276607338,6,13,0.541748046875
"Refined Louvain",0,"Refined offset +0: DIFS - Seurat",13,0.0783969533177238,0.002432068485577,0.154361838149871,8,13,0.0419921875
"Refined Louvain",0,"Refined offset +0: DIFS - FEAST",13,0.102638749582037,-0.0728445475911248,0.278122046755199,7,13,0.497314453125
"Refined Louvain",1,"Refined offset +1: DIFS - Seurat",13,0.0858204339692115,0.03139313494908,0.140247732989343,10,13,0.004638671875
"Refined Louvain",1,"Refined offset +1: DIFS - FEAST",13,0.0564180732204863,-0.0569471383946762,0.169783284835649,8,13,0.2734375
"Refined Louvain",2,"Refined offset +2: DIFS - Seurat",13,0.0487003021710928,-0.00691594940285343,0.104316553745039,9,13,0.080322265625
"Refined Louvain",2,"Refined offset +2: DIFS - FEAST",12,0.0347260845585126,0.00221292049950338,0.0672392486175218,9,12,0.04248046875
"SC3",-2,"SC3 offset -2: DIFS - Seurat",11,-0.00208566832238898,-0.0796551816040201,0.0754838449592422,5,11,0.921875
"SC3",-2,"SC3 offset -2: DIFS - FEAST",11,0.0246182245720777,-0.0720386016284416,0.121275050772597,5,11,0.625
"SC3",-1,"SC3 offset -1: DIFS - Seurat",13,0.0088082329609415,-0.0549238205459347,0.0725402864678177,6,13,0.8310546875
"SC3",-1,"SC3 offset -1: DIFS - FEAST",13,0.0707143547508382,-0.0778624935488734,0.21929120305055,8,13,0.16015625
"SC3",0,"SC3 offset +0: DIFS - Seurat",13,0.0804152890276635,-0.0114237240664216,0.172254302121749,9,13,0.09228515625
"SC3",0,"SC3 offset +0: DIFS - FEAST",13,0.0795198821713854,-0.103794704560692,0.262834468903463,7,13,0.67724609375
"SC3",1,"SC3 offset +1: DIFS - Seurat",13,0.0855220302294013,0.0179389762187344,0.153105084240068,9,13,0.039794921875
"SC3",1,"SC3 offset +1: DIFS - FEAST",13,0.0559360409295661,-0.0770435484446052,0.188915630303737,5,13,1
"SC3",2,"SC3 offset +2: DIFS - Seurat",13,0.0590703520649207,0.00512600806388206,0.113014696065959,10,13,0.057373046875
"SC3",2,"SC3 offset +2: DIFS - FEAST",12,-0.0104622537952716,-0.0513243963679708,0.0303998887774276,6,12,0.67724609375
