"entry","source","n_old","n_new","shared_old_new","stage1_n","stage2_n","ratio","elapsed_sec"
"Baron|DIFS","v2_repaired",1000,1000,965,1800,6059,"2:3",4525
"Baron|DIFS_hartigan","v2_repaired",1000,1000,865,1940,5637,"1:3",4679
"Baron|DIFS_mc","v1",1000,1000,1000,NA,NA,NA,NA
"Baron|GateOnly","v1",1000,1000,1000,NA,NA,NA,NA
"Baron|Seurat","v1",1000,1000,1000,NA,NA,NA,NA
"Baron|FEAST","v1",1000,1000,1000,NA,NA,NA,NA
"Baron|Variance","v1",1000,1000,1000,NA,NA,NA,NA
"Baron|Random","v1",1000,1000,1000,NA,NA,NA,NA
"Koh|DIFS","v1",1000,1000,1000,NA,NA,NA,NA
"Koh|DIFS_mc","v1",1000,1000,1000,NA,NA,NA,NA
"Koh|DIFS_hartigan","v1",1000,1000,1000,NA,NA,NA,NA
"Koh|GateOnly","v1",1000,1000,1000,NA,NA,NA,NA
"Koh|Seurat","v1",1000,1000,1000,NA,NA,NA,NA
"Koh|FEAST","v1",1000,1000,1000,NA,NA,NA,NA
"Koh|Variance","v1",1000,1000,1000,NA,NA,NA,NA
"Koh|Random","v1",1000,1000,1000,NA,NA,NA,NA
"Lawlor|DIFS","v1",1000,1000,1000,NA,NA,NA,NA
"Lawlor|DIFS_mc","v1",1000,1000,1000,NA,NA,NA,NA
"Lawlor|DIFS_hartigan","v1",1000,1000,1000,NA,NA,NA,NA
"Lawlor|GateOnly","v1",1000,1000,1000,NA,NA,NA,NA
"Lawlor|Seurat","v1",1000,1000,1000,NA,NA,NA,NA
"Lawlor|FEAST","v1",1000,1000,1000,NA,NA,NA,NA
"Lawlor|Variance","v1",1000,1000,1000,NA,NA,NA,NA
"Lawlor|Random","v1",1000,1000,1000,NA,NA,NA,NA
"Muraro|DIFS","v1",1000,1000,1000,NA,NA,NA,NA
"Muraro|DIFS_mc","v1",1000,1000,1000,NA,NA,NA,NA
"Muraro|DIFS_hartigan","v1",1000,1000,1000,NA,NA,NA,NA
"Muraro|GateOnly","v1",1000,1000,1000,NA,NA,NA,NA
"Muraro|Seurat","v1",1000,1000,1000,NA,NA,NA,NA
"Muraro|FEAST","v1",1000,1000,1000,NA,NA,NA,NA
"Muraro|Variance","v1",1000,1000,1000,NA,NA,NA,NA
"Muraro|Random","v1",1000,1000,1000,NA,NA,NA,NA
"Segerstolpe|DIFS","v1",1000,1000,1000,NA,NA,NA,NA
"Segerstolpe|DIFS_mc","v1",0,0,0,NA,NA,NA,NA
"Segerstolpe|DIFS_hartigan","v1",1000,1000,1000,NA,NA,NA,NA
"Segerstolpe|GateOnly","v1",1000,1000,1000,NA,NA,NA,NA
"Segerstolpe|Seurat","v1",1000,1000,1000,NA,NA,NA,NA
"Segerstolpe|FEAST","v1",1000,1000,1000,NA,NA,NA,NA
"Segerstolpe|Variance","v1",1000,1000,1000,NA,NA,NA,NA
"Segerstolpe|Random","v1",1000,1000,1000,NA,NA,NA,NA
