"gene","n_expressing","D","p_mc_normal","p_hartigan","p_mc_normal_run2"
"ENSG00000000003.14",274,0.0175344629925344,0.3135,0.862912619163125,0.3
"ENSG00000001630.15",128,0.0277260959689717,0.22,0.729896104064111,0.2445
"ENSG00000003436.14",35,0.0490686859477946,0.448,0.771172187352051,0.4585
"ENSG00000003756.16",42,0.0500661848502474,0.265,0.597695532318587,0.266
"ENSG00000004487.15",37,0.0409241870531825,0.7675,0.939933248366445,0.772
"ENSG00000004534.14",112,0.03783148330089,0.035,0.295229349286148,0.0255
"ENSG00000005022.5",489,0.011548763200228,0.4745,0.96876495954732,0.4875
"ENSG00000005483.19",48,0.0291954085231941,0.973,0.992854315542737,0.977
"ENSG00000005810.17",46,0.0429688585731444,0.4315,0.786855033240922,0.4325
"ENSG00000005889.15",68,0.0284226924467552,0.842,0.980501510517236,0.847
"ENSG00000005893.15",52,0.0371413089688239,0.6055,0.896769064141398,0.598
"ENSG00000006042.11",38,0.0750558448208224,0.0055,0.0847841549862471,0.0085
"ENSG00000007168.12",41,0.0618223012134227,0.06,0.254111701034959,0.051
"ENSG00000008018.8",391,0.0136717062545203,0.387,0.935443816266667,0.4025
"ENSG00000008311.14",204,0.0174744291736863,0.6585,0.970894439349257,0.633
"ENSG00000008394.12",139,0.0203258240468189,0.765,0.981216622355583,0.773
"ENSG00000008988.9",322,0.019973786532013,0.054,0.530819851437149,0.0525
"ENSG00000009307.15",234,0.0302803393414729,0.0035,0.14092849943804,0.004
"ENSG00000010244.16",183,0.0201083702708775,0.4745,0.91928080655106,0.4685
"ENSG00000010256.10",154,0.0194694816354875,0.734,0.980091953464939,0.737
"ENSG00000013375.15",94,0.0476557566449952,0.004,0.118107341225144,0.0065
"ENSG00000014641.17",266,0.0162572034808327,0.476,0.944211097945621,0.459
"ENSG00000015479.17",185,0.0169334745771812,0.806,0.990309101514559,0.81
"ENSG00000023228.13",54,0.0382234178081449,0.517,0.842842680596483,0.505
"ENSG00000023734.10",78,0.0269613260391459,0.8115,0.976613182485416,0.8145
"ENSG00000025293.15",43,0.0437010600862688,0.485,0.805297802891527,0.4685
"ENSG00000025796.13",48,0.0448997554136686,0.3245,0.686843137432559,0.3215
"ENSG00000025800.13",107,0.029604875589489,0.304,0.760931506985043,0.309
"ENSG00000026025.13",155,0.0234365741388983,0.3655,0.840202760599238,0.3605
"ENSG00000029363.15",129,0.0274365462076228,0.234,0.74069988275592,0.247
"ENSG00000029364.11",91,0.0386189443027786,0.077,0.423092181077818,0.078
"ENSG00000029993.14",297,0.0170573698920175,0.275,0.849417349351165,0.2665
"ENSG00000030066.13",38,0.0623139877906837,0.0735,0.290612417716616,0.0745
"ENSG00000031698.12",95,0.0338452086565001,0.184,0.629130619357957,0.186
"ENSG00000033800.13",47,0.0493039441964355,0.195,0.53385101779272,0.193
"ENSG00000034510.5",171,0.022515514541995,0.3225,0.833374805191135,0.329
"ENSG00000035403.16",111,0.025823058803278,0.535,0.907364854448971,0.5045
"ENSG00000038427.15",202,0.0272972382715774,0.0255,0.375697766850106,0.0225
"ENSG00000041357.15",302,0.0173898372576065,0.2285,0.816281094148765,0.2245
"ENSG00000043093.13",53,0.0495635706079912,0.111,0.424169499043181,0.1175
"ENSG00000043355.10",76,0.0334429317216556,0.403,0.811991480660977,0.4295
"ENSG00000044115.20",72,0.0312574469344985,0.5995,0.913667050702423,0.607
"ENSG00000044574.7",205,0.0174313806689811,0.64,0.97092996347982,0.655
"ENSG00000047315.14",63,0.0351194706703821,0.49,0.857488667410721,0.54
"ENSG00000047410.13",162,0.0231498590550898,0.3275,0.830192099871852,0.3395
"ENSG00000050130.17",56,0.0369656597079646,0.5495,0.862080719736998,0.5365
"ENSG00000051108.14",43,0.0365216250392119,0.809,0.964265045699959,0.814
"ENSG00000052802.12",152,0.0167040988466956,0.949,0.993571274293111,0.9495
"ENSG00000052841.14",42,0.0472244030150339,0.332,0.701998918229317,0.3625
"ENSG00000053438.8",57,0.0631789073827084,0.0035,0.0787362358450789,0.0025
"ENSG00000054118.13",424,0.0122668218603477,0.5375,0.971689425146604,0.5525
"ENSG00000054654.15",68,0.0370265680041148,0.334,0.737054929062082,0.338
"ENSG00000055044.10",67,0.0312227787549244,0.697,0.939602092886673,0.689
"ENSG00000055609.17",102,0.0272099432506462,0.4835,0.897093430956878,0.5
"ENSG00000055917.15",40,0.0320411772728473,0.9725,0.992405242885708,0.9775
"ENSG00000056097.15",93,0.0218999014798472,0.946,0.992541573990303,0.944
"ENSG00000057019.15",78,0.0281208195030368,0.753,0.958907990904181,0.7335
"ENSG00000057608.16",350,0.0229800407129771,0.007,0.231241458391185,0.007
"ENSG00000058272.16",70,0.0279125580004608,0.828,0.981552351376922,0.854
"ENSG00000058668.14",46,0.0496017278105911,0.1895,0.540330500250448,0.189
"ENSG00000058673.15",42,0.0372459195641727,0.807,0.960344174862492,0.8095
"ENSG00000059804.15",165,0.0229236166084394,0.3235,0.831733154838538,0.321
"ENSG00000060237.16",119,0.0309084998649498,0.1415,0.601041210893614,0.1565
"ENSG00000060339.13",62,0.0348659822930679,0.536,0.874620866456576,0.5335
"ENSG00000060749.14",46,0.0561340409251071,0.0675,0.321541511138731,0.077
"ENSG00000060982.14",161,0.019294399159756,0.7075,0.975368825163413,0.715
"ENSG00000061676.14",60,0.0481267530090358,0.08,0.374266664152282,0.087
"ENSG00000062194.15",52,0.0495998991572604,0.117,0.439321568188137,0.1175
"ENSG00000062485.18",53,0.0318710880951409,0.8655,0.980962074166331,0.8615
"ENSG00000062716.10",42,0.0355079034269915,0.8765,0.980289042870789,0.8785
"ENSG00000063046.17",328,0.0162101852154605,0.2555,0.85314363703017,0.258
"ENSG00000063177.12",290,0.0247412517109519,0.011,0.254979870952496,0.01
"ENSG00000065135.8",74,0.0320060147709951,0.537,0.878681661910778,0.5265
"ENSG00000065150.18",182,0.0146532410352462,0.958,0.994713010142529,0.97
"ENSG00000065154.11",92,0.0227194338941685,0.918,0.991471676221246,0.911
"ENSG00000065183.15",74,0.032205216253523,0.502,0.871501869136829,0.532
"ENSG00000065526.10",77,0.0454235843517709,0.0355,0.281417134887404,0.042
"ENSG00000065911.11",109,0.0193734090003489,0.9625,0.994103697329737,0.957
"ENSG00000066427.21",177,0.0185694345660489,0.695,0.973018627406777,0.6875
"ENSG00000066654.12",87,0.0297678682743527,0.495,0.876897045134866,0.499
"ENSG00000067064.10",90,0.030157239387223,0.4345,0.843592281229652,0.4225
"ENSG00000067225.17",240,0.0208073612907181,0.1475,0.713246599905637,0.1615
"ENSG00000067369.13",66,0.0398524468862203,0.2395,0.635423790789478,0.2315
"ENSG00000067560.10",332,0.016258987271554,0.256,0.842574888563256,0.2385
"ENSG00000068366.19",36,0.0468398474557108,0.5275,0.817825756660138,0.5315
"ENSG00000068878.14",38,0.0383712223879933,0.846,0.966935628051604,0.8355
"ENSG00000069275.12",58,0.0638229933814888,0.0045,0.0672107086329047,0.003
"ENSG00000069329.15",62,0.028203761973489,0.9015,0.990251601111193,0.916
"ENSG00000069345.11",59,0.0463326669783802,0.1315,0.455212356760452,0.116
"ENSG00000070087.13",67,0.0425016128125797,0.131,0.503641109828547,0.1265
"ENSG00000070669.16",36,0.0418386185195726,0.755,0.93259077518328,0.756
"ENSG00000070756.13",471,0.0165627391872724,0.047,0.540999611208888,0.027
"ENSG00000070770.8",147,0.0236547009365229,0.399,0.858703433408566,0.4105
"ENSG00000070831.15",236,0.0174846700760521,0.474,0.933193629187811,0.4695
"ENSG00000071054.16",56,0.0379270970129059,0.4815,0.831710834511899,0.4705
"ENSG00000071082.10",431,0.0107870374177648,0.7745,0.99183140159356,0.7795
"ENSG00000071794.15",42,0.050046674205864,0.2555,0.598404473367077,0.2545
"ENSG00000072042.12",50,0.0356249877424229,0.735,0.943350020832024,0.727
"ENSG00000072274.12",45,0.0373932865004539,0.722,0.941832071870279,0.741
"ENSG00000072501.17",216,0.0213361879725233,0.194,0.755148920778426,0.2075
"ENSG00000072849.10",44,0.0373774138125366,0.7785,0.949516059718848,0.7835
"ENSG00000073584.18",58,0.0307560993931966,0.8515,0.978975028955459,0.8295
"ENSG00000073614.11",59,0.0462822260864579,0.12,0.457183450204873,0.1205
"ENSG00000074054.17",46,0.0377635041194917,0.702,0.927190110962776,0.73
"ENSG00000074657.13",48,0.0392019404054623,0.6085,0.876541805545657,0.5795
"ENSG00000074696.12",241,0.0163326085161713,0.593,0.965242203594031,0.593
"ENSG00000074800.13",512,0.0101909366886409,0.698,0.991071180051663,0.7015
"ENSG00000075151.20",40,0.0485080591119156,0.342,0.693558149461815,0.3655
"ENSG00000075213.10",37,0.0498258279086784,0.367,0.707548422314812,0.3645
"ENSG00000075292.18",84,0.0316429035020187,0.402,0.823505802512892,0.4055
"ENSG00000075415.12",224,0.0187125511159677,0.372,0.900653680933015,0.3815
"ENSG00000075624.13",531,0.0100611166994496,0.7075,0.990903969872717,0.6905
"ENSG00000077232.16",40,0.0450507190601906,0.4825,0.807558476939889,0.491
"ENSG00000077782.19",58,0.022321714952736,0.9985,0.99794131889551,0.9985
"ENSG00000078142.11",47,0.0348880041902412,0.8135,0.966905796032891,0.8195
"ENSG00000078304.19",183,0.0170641855006642,0.7925,0.990226158999366,0.7925
"ENSG00000078596.10",45,0.0431621101016755,0.454,0.794824452537908,0.4605
"ENSG00000078668.13",170,0.0165348906821851,0.913,0.992250464708522,0.9015
"ENSG00000078674.17",51,0.047968480048981,0.1595,0.516850936731757,0.174
"ENSG00000078747.12",45,0.051175971019599,0.189,0.499581908603918,0.1965
"ENSG00000079246.15",457,0.0150361622285251,0.0975,0.738050988717318,0.117
"ENSG00000079332.14",479,0.00943067292851909,0.895,0.994490899389776,0.9025
"ENSG00000079459.12",473,0.0140381092313746,0.1855,0.815951869488543,0.1895
"ENSG00000079785.14",55,0.0423711272043815,0.2935,0.678177500412475,0.277
"ENSG00000079950.13",50,0.0559436787041311,0.0505,0.271789419578267,0.0455
"ENSG00000080345.17",57,0.0371593152236531,0.5065,0.846160640713339,0.5345
"ENSG00000080824.18",514,0.00971110418608158,0.794,0.992584078574729,0.801
"ENSG00000082153.17",362,0.0107667601868484,0.9185,0.994288090128208,0.921
"ENSG00000082898.16",38,0.0472532734412921,0.4655,0.771855546708465,0.486
"ENSG00000083312.17",70,0.0296415757826474,0.7685,0.957653899705625,0.741
"ENSG00000083642.18",66,0.0341497070614556,0.5245,0.864902959940206,0.5045
"ENSG00000083845.8",460,0.0125709923310141,0.3685,0.940594383745669,0.3765
"ENSG00000083857.13",42,0.0310902804370169,0.9715,0.992667418105085,0.974
"ENSG00000084090.13",66,0.0363271678652241,0.393,0.788325925282451,0.395
"ENSG00000084207.15",521,0.0117136286857726,0.3895,0.948955244984542,0.3665
"ENSG00000084234.16",174,0.0245031975376033,0.1735,0.696365025003728,0.1745
"ENSG00000084444.13",37,0.0432385743399908,0.652,0.896227849601392,0.6785
"ENSG00000084623.11",300,0.0188056835131826,0.119,0.701961001532817,0.119
"ENSG00000084652.15",233,0.0245294780139538,0.0405,0.441532670334736,0.0395
"ENSG00000084754.10",50,0.0420327726886517,0.3845,0.764347787354411,0.389
"ENSG00000085224.20",273,0.0224527157783618,0.0365,0.462469791954331,0.0385
"ENSG00000085662.13",67,0.0342018576660648,0.517,0.854931256847563,0.5025
"ENSG00000085733.15",371,0.0146411193640377,0.304,0.902063058991869,0.3325
"ENSG00000086061.15",241,0.0148315443442523,0.7965,0.9904987644804,0.7835
"ENSG00000086062.12",67,0.0348170995000154,0.4745,0.833770171283892,0.468
"ENSG00000086598.10",39,0.0400032720365026,0.763,0.939180070108358,0.756
"ENSG00000086758.15",97,0.0238971520355233,0.827,0.983006580074504,0.8295
"ENSG00000087086.13",531,0.00969093408805483,0.746,0.992140208617533,0.764
"ENSG00000087302.8",92,0.0352249278658369,0.149,0.582735730621259,0.166
"ENSG00000087460.23",170,0.0222115917398018,0.3515,0.852913538132525,0.3625
"ENSG00000088305.18",53,0.044150525648618,0.2725,0.636061550830834,0.257
"ENSG00000088325.15",125,0.0294010057096874,0.1525,0.649260397726944,0.18
"ENSG00000088448.14",418,0.0134843497926101,0.3485,0.921808375600135,0.3425
"ENSG00000088832.14",108,0.0239518198481814,0.6995,0.963722921823774,0.71
"ENSG00000088930.7",75,0.0345273346049049,0.3575,0.775455281948837,0.362
"ENSG00000088986.10",149,0.024073084283208,0.3295,0.830186051475301,0.3265
"ENSG00000089006.16",36,0.0477233082550593,0.5065,0.794074141742069,0.478
"ENSG00000089009.15",385,0.0139332177352786,0.3645,0.926687916185361,0.378
"ENSG00000089053.12",47,0.035524705364292,0.7845,0.959152654289747,0.8075
"ENSG00000089157.15",523,0.00792095887245891,0.9865,0.998245608970198,0.98
"ENSG00000089220.4",215,0.0196028137005277,0.34,0.870270376927275,0.3435
"ENSG00000089685.14",204,0.0236938733075786,0.1205,0.624259581635774,0.111
"ENSG00000089916.17",54,0.0364869308089655,0.6015,0.896751070975127,0.6215
"ENSG00000090060.17",71,0.0306775792447717,0.669,0.932753742071737,0.678
"ENSG00000090612.20",55,0.0273158705552695,0.9755,0.99301939782089,0.9725
"ENSG00000090863.11",173,0.0184597800437642,0.728,0.97981378509754,0.7355
"ENSG00000090905.17",37,0.0416452316553332,0.725,0.926657362149086,0.73
"ENSG00000091136.13",41,0.0590698506046204,0.084,0.321540884364894,0.0915
"ENSG00000091140.12",52,0.0328988345341905,0.835,0.972341230543429,0.824
"ENSG00000091527.15",74,0.0456028453038233,0.04,0.301368840731888,0.0525
"ENSG00000091986.15",36,0.0579840976148968,0.16,0.454729537687245,0.163
"ENSG00000092148.12",43,0.0463538295357827,0.368,0.715004267915966,0.3695
"ENSG00000092199.17",440,0.0113357017754477,0.6575,0.989292849443893,0.6675
"ENSG00000092201.9",220,0.0131495462658898,0.968,0.995111269414203,0.9695
"ENSG00000092421.16",115,0.0313376621240121,0.1585,0.60562715816618,0.161
"ENSG00000092621.11",170,0.0239801242080187,0.229,0.748648526614263,0.2145
"ENSG00000092820.17",129,0.0259295695644,0.3655,0.822397080368345,0.3515
"ENSG00000092841.18",334,0.0147177168512401,0.432,0.936640107144822,0.443
"ENSG00000092847.11",86,0.0282593761975488,0.616,0.928534805654915,0.603
"ENSG00000092964.16",419,0.0150616137646263,0.1705,0.799992625586399,0.1785
"ENSG00000093000.18",54,0.0389206635895279,0.476,0.821197026013167,0.47
"ENSG00000094916.13",407,0.0147762185140049,0.207,0.840377283576753,0.2115
"ENSG00000095002.12",36,0.0561563034934102,0.192,0.513025689231686,0.2065
"ENSG00000095319.14",35,0.0626920718935917,0.093,0.341253379900817,0.0895
"ENSG00000096063.14",55,0.0412632370921379,0.315,0.722526781520891,0.3445
"ENSG00000096150.9",356,0.016128752449757,0.21,0.811585781681464,0.2055
"ENSG00000096384.19",515,0.0105719278202698,0.6165,0.988235664680486,0.6235
"ENSG00000096696.13",202,0.028284958277136,0.0185,0.316149177552796,0.021
"ENSG00000096746.17",38,0.0308356215056442,0.996,0.994082533684859,0.9885
"ENSG00000099194.5",529,0.0116242511705541,0.3725,0.949100462758678,0.3835
"ENSG00000099204.18",126,0.0203690154285957,0.844,0.990148536563294,0.845
"ENSG00000099246.16",38,0.048237039379037,0.41,0.739819863655185,0.414
"ENSG00000100129.17",320,0.0160338030261598,0.306,0.880016455300979,0.3115
"ENSG00000100138.13",54,0.0345492588812626,0.7085,0.939216386861729,0.6915
"ENSG00000100201.19",158,0.0194867040719211,0.7205,0.974893725713896,0.708
"ENSG00000100220.11",88,0.0272430725498783,0.671,0.948078240533654,0.677
"ENSG00000100316.15",528,0.0108634439850053,0.531,0.978838413427345,0.539
"ENSG00000100353.17",99,0.0210956934115138,0.946,0.992879503165119,0.94
"ENSG00000100354.20",201,0.0216102116057024,0.2175,0.790052522573331,0.2325
"ENSG00000100380.12",141,0.0227635799581133,0.519,0.917330953336123,0.516
"ENSG00000100393.10",81,0.0246181903969522,0.9065,0.990687214952198,0.907
"ENSG00000100523.14",79,0.0416649710857749,0.075,0.401750235407821,0.08
"ENSG00000100528.11",43,0.0456471400480239,0.423,0.739395685204149,0.397
"ENSG00000100567.12",178,0.0203403060670429,0.471,0.920295213247751,0.5105
"ENSG00000100592.15",155,0.0150865012198724,0.987,0.996147286454162,0.984
"ENSG00000100644.16",74,0.0308537168637255,0.6205,0.913956076363931,0.596
"ENSG00000100664.10",197,0.031079834207489,0.0055,0.19803409703372,0.0075
"ENSG00000100697.14",50,0.0415834949073949,0.4155,0.780984861950081,0.4105
"ENSG00000100714.15",41,0.0287784684381881,0.994,0.995074039936202,0.9945
"ENSG00000100804.18",470,0.0103338076593066,0.7685,0.991928027002981,0.7665
"ENSG00000100814.17",35,0.0425074260784691,0.7475,0.930240923644122,0.7375
"ENSG00000100815.12",39,0.0348331129469243,0.9225,0.990249805304776,0.9395
"ENSG00000100823.11",126,0.0212468937326508,0.7705,0.981660932274588,0.781
"ENSG00000100902.10",208,0.0189538648980195,0.463,0.918639605561284,0.4445
"ENSG00000101040.19",70,0.0422553823323601,0.133,0.477637571309667,0.149
"ENSG00000101115.12",152,0.0233684230468462,0.3875,0.854573196592,0.3705
"ENSG00000101126.15",408,0.0104047390764445,0.8855,0.993704774946216,0.8855
"ENSG00000101138.11",41,0.0451243553870952,0.4645,0.790175073540693,0.452
"ENSG00000101182.14",119,0.022227414506282,0.738,0.975637055696567,0.751
"ENSG00000101266.16",99,0.0297427788957158,0.3575,0.808371070381188,0.367
"ENSG00000101290.13",41,0.0390607499158135,0.746,0.940223953340469,0.7495
"ENSG00000101361.14",80,0.030052055388191,0.5685,0.906668392874919,0.579
"ENSG00000101367.8",41,0.0318068473124866,0.967,0.992308190687301,0.9755
"ENSG00000101444.12",67,0.0342281908628704,0.51,0.854025533276737,0.507
"ENSG00000101493.10",54,0.0382547794360553,0.5055,0.841869074182442,0.504
"ENSG00000101558.13",42,0.0416654487868085,0.5885,0.874037733285621,0.5985
"ENSG00000101608.12",214,0.0174307642253376,0.6135,0.962110666201447,0.612
"ENSG00000101843.18",52,0.0377706969938625,0.5675,0.877579364593553,0.5715
"ENSG00000101966.12",38,0.0442074547416008,0.595,0.857278215601425,0.5955
"ENSG00000101972.18",113,0.0244180149575636,0.617,0.94342251265098,0.6125
"ENSG00000102024.17",178,0.0221070538521113,0.3355,0.833024515775059,0.322
"ENSG00000102144.13",297,0.0169585782799854,0.268,0.85633670883554,0.2545
"ENSG00000102172.15",225,0.0197078275105876,0.2995,0.837587683042215,0.278
"ENSG00000102265.11",37,0.0469645658778758,0.5005,0.799556262568411,0.4935
"ENSG00000102316.16",87,0.0273572564379176,0.6805,0.948805019999841,0.6645
"ENSG00000102580.14",122,0.0214156232057605,0.805,0.983305021194794,0.81
"ENSG00000102786.14",55,0.0482807149077358,0.1105,0.44026798786144,0.1175
"ENSG00000102804.14",64,0.0303849455549881,0.7995,0.964832610325638,0.769
"ENSG00000102898.11",137,0.0251969034342014,0.3285,0.822713278174729,0.3315
"ENSG00000102910.13",36,0.0602326238725999,0.1185,0.386389659424698,0.1255
"ENSG00000103035.10",42,0.0354081256716327,0.8825,0.980917143609777,0.885
"ENSG00000103657.13",40,0.0354910969792927,0.9055,0.985242266067462,0.89
"ENSG00000103742.11",68,0.027956149144929,0.8525,0.984191594778311,0.8625
"ENSG00000103769.9",87,0.0246150450063912,0.849,0.987306822838812,0.863
"ENSG00000103994.16",95,0.0285742107280998,0.4935,0.878230470765978,0.476
"ENSG00000104047.14",38,0.0702317705527633,0.0195,0.143834578536395,0.023
"ENSG00000104290.10",39,0.0481214186552427,0.3915,0.725112335254862,0.388
"ENSG00000104332.11",44,0.0517981615274191,0.1695,0.495793960068994,0.167
"ENSG00000104341.16",40,0.0465498494110668,0.424,0.759357480589535,0.4445
"ENSG00000104371.4",42,0.0634912980626453,0.031,0.200199296429207,0.0395
"ENSG00000104408.9",459,0.00908487957201843,0.9495,0.996098722462993,0.953
"ENSG00000104517.12",86,0.0371324675658231,0.1425,0.541778342053716,0.1445
"ENSG00000104738.16",58,0.0544827707516682,0.034,0.209922625966221,0.0305
"ENSG00000104765.14",54,0.0393330405960284,0.443,0.808394983348803,0.442
"ENSG00000104904.12",108,0.0230566553901952,0.7715,0.979522910224228,0.7955
"ENSG00000105193.8",340,0.0182096437717602,0.095,0.652507604849447,0.0875
"ENSG00000105220.14",331,0.0146575035374148,0.441,0.9429263233978,0.444
"ENSG00000105372.6",527,0.00982646612624332,0.7425,0.991808561585838,0.748
"ENSG00000105426.14",309,0.0116666241805874,0.92,0.994074605790385,0.92
"ENSG00000105568.17",76,0.0345937154295608,0.3515,0.763032705356459,0.3275
"ENSG00000105640.12",508,0.0104414692484859,0.6785,0.990380690050341,0.659
"ENSG00000105819.13",55,0.0386836845587796,0.4465,0.818128471960643,0.4595
"ENSG00000105854.12",108,0.0156518200940613,1,1,0.9995
"ENSG00000105926.15",61,0.0313733333796369,0.7865,0.960715494927255,0.7815
"ENSG00000105939.12",46,0.0412975422733469,0.522,0.837457331998586,0.535
"ENSG00000106144.19",121,0.024534028192253,0.487,0.915274103297331,0.526
"ENSG00000106344.8",129,0.0410209930187615,0.0025,0.118652029859118,0.0025
"ENSG00000106484.14",197,0.0184012750241327,0.583,0.955963842248599,0.5745
"ENSG00000106588.10",305,0.0157036874135452,0.389,0.920609627882289,0.4175
"ENSG00000106603.17",46,0.0359153583434816,0.796,0.958539564300138,0.7745
"ENSG00000106799.12",54,0.0305632167827452,0.9055,0.988263181084281,0.903
"ENSG00000107581.12",212,0.017827374595876,0.5515,0.954388621243074,0.554
"ENSG00000107929.14",49,0.0392869101366003,0.5675,0.863634734918346,0.544
"ENSG00000107951.12",174,0.0324465294139799,0.0105,0.218299509689814,0.013
"ENSG00000107984.9",122,0.0310848854008438,0.135,0.569004069320799,0.1295
"ENSG00000108055.9",101,0.0329914861833305,0.179,0.625026927974104,0.186
"ENSG00000108298.9",507,0.0113361701807841,0.491,0.969328789920342,0.494
"ENSG00000108424.9",163,0.0272854945082424,0.099,0.557413267043185,0.0965
"ENSG00000108510.9",52,0.0549654375666394,0.0545,0.270552096848704,0.055
"ENSG00000108518.7",60,0.027637450151513,0.9505,0.991410238822828,0.935
"ENSG00000108654.11",460,0.0121193548516969,0.4405,0.960452826517562,0.4545
"ENSG00000108671.9",240,0.0144327064714101,0.8445,0.991382807357765,0.837
"ENSG00000108848.15",187,0.0228779331681259,0.213,0.753159685862824,0.2155
"ENSG00000108953.16",254,0.0198695199118983,0.1715,0.743113583355017,0.173
"ENSG00000109046.14",182,0.0279838133207892,0.037,0.416429178891393,0.0435
"ENSG00000109084.13",62,0.0279281216605524,0.9245,0.990576777555402,0.9095
"ENSG00000109133.12",199,0.0198119724136053,0.402,0.900995729623667,0.393
"ENSG00000109184.14",49,0.0430637940121751,0.3685,0.740211563501914,0.371
"ENSG00000109332.19",112,0.0231158926255521,0.7215,0.97134675095595,0.7295
"ENSG00000109475.16",394,0.0106172470307663,0.8865,0.993576695830016,0.893
"ENSG00000109606.12",39,0.0459132683305042,0.469,0.797906345177659,0.4815
"ENSG00000109861.15",165,0.0258211590044408,0.139,0.647547594512288,0.155
"ENSG00000109919.9",125,0.0239218638032756,0.534,0.922826629193145,0.535
"ENSG00000109971.13",482,0.0136251532421614,0.194,0.841465061031155,0.222
"ENSG00000110075.14",174,0.0252218440572074,0.1305,0.645263075352358,0.142
"ENSG00000110321.15",385,0.0104307244999247,0.921,0.994395129307155,0.914
"ENSG00000110367.11",60,0.058783207463165,0.0125,0.114271183280065,0.0135
"ENSG00000110492.15",40,0.0643470136549478,0.038,0.212391465436292,0.0475
"ENSG00000110660.14",38,0.0379987404781003,0.8595,0.97108155523343,0.8495
"ENSG00000110696.9",103,0.0255437957219766,0.6385,0.942780192849375,0.633
"ENSG00000110700.6",403,0.0238598075065422,0.001,0.116380452430658,0.0015
"ENSG00000110841.13",41,0.048743120450637,0.31,0.665545868775874,0.322
"ENSG00000110880.10",76,0.0311880040701559,0.5525,0.894288871624344,0.5755
"ENSG00000110906.12",38,0.0503567621985231,0.345,0.668446523444956,0.3225
"ENSG00000110955.8",484,0.0103859873355212,0.741,0.991324886933056,0.738
"ENSG00000110958.15",118,0.0249198403767256,0.5245,0.912426472955951,0.522
"ENSG00000111110.11",53,0.0363262489358111,0.6375,0.908011161742626,0.6275
"ENSG00000111142.13",48,0.0383639024233854,0.6465,0.900787369923086,0.6235
"ENSG00000111371.15",133,0.0247356802826337,0.404,0.861523102000746,0.4095
"ENSG00000111530.12",52,0.048220310380781,0.151,0.490166223456047,0.148
"ENSG00000111581.9",65,0.0344163238498858,0.527,0.864114907196403,0.5225
"ENSG00000111640.14",526,0.0110810725371597,0.4875,0.971335279334457,0.5055
"ENSG00000111642.14",61,0.0315778665617158,0.7705,0.95791734803715,0.7675
"ENSG00000111669.14",498,0.00929053722836388,0.885,0.994427598480451,0.8905
"ENSG00000111716.12",522,0.0104159906326521,0.6375,0.990008382408711,0.6395
"ENSG00000111752.10",50,0.0425487009674728,0.385,0.745242597605759,0.3755
"ENSG00000111775.2",423,0.0139360618647474,0.255,0.88785756607897,0.276
"ENSG00000112081.16",506,0.0104373512371921,0.6815,0.990459882029682,0.6595
"ENSG00000112096.16",78,0.0335441630429441,0.397,0.792103442495841,0.379
"ENSG00000112118.17",127,0.0275641279162714,0.27,0.745061920486433,0.2635
"ENSG00000112159.11",102,0.0188565097446299,0.9875,0.995960452196497,0.9865
"ENSG00000112200.16",52,0.0391032707394123,0.505,0.836949913785553,0.4915
"ENSG00000112306.7",358,0.0111840458630376,0.8815,0.993339529646189,0.876
"ENSG00000112308.12",473,0.010209885114567,0.7795,0.992221073969163,0.786
"ENSG00000112419.14",121,0.0211959486437036,0.8155,0.986446144023965,0.8185
"ENSG00000112531.16",143,0.0212936189436041,0.654,0.957201435288181,0.623
"ENSG00000112695.11",146,0.0229564595099644,0.45,0.897209723561124,0.457
"ENSG00000112902.11",55,0.0417223362279969,0.3135,0.70474901376317,0.32
"ENSG00000112972.14",334,0.0135495082772354,0.614,0.977589181780734,0.5915
"ENSG00000112983.17",62,0.0357347585044398,0.5035,0.845816762087801,0.48
"ENSG00000113013.12",85,0.034763340524563,0.244,0.671308221121145,0.2425
"ENSG00000113140.10",113,0.0288966205194376,0.29,0.758089819838157,0.274
"ENSG00000113161.15",151,0.0248788854644909,0.2525,0.777691089544412,0.2675
"ENSG00000113328.18",146,0.0236496273787693,0.4025,0.862729070728233,0.382
"ENSG00000113369.8",102,0.0293186223804297,0.355,0.808833005136932,0.35
"ENSG00000113407.13",88,0.0322443100590676,0.352,0.768159358549359,0.33
"ENSG00000113558.18",497,0.00973805603047897,0.8145,0.993009470794447,0.821
"ENSG00000113569.15",78,0.0457757025630688,0.0415,0.262433471002406,0.0325
"ENSG00000113643.8",67,0.0354143067319107,0.43,0.813229381246531,0.416
"ENSG00000113649.11",47,0.0611748724335739,0.027,0.188069631271531,0.0325
"ENSG00000113658.16",84,0.0260597052786271,0.7865,0.976676204355679,0.799
"ENSG00000113712.16",448,0.0125635793212491,0.427,0.950190954885326,0.396
"ENSG00000113732.8",50,0.0382139739957569,0.5745,0.885458512231239,0.5765
"ENSG00000114030.12",36,0.0496967190509617,0.4105,0.7314342127588,0.4145
"ENSG00000114115.9",89,0.0314497686387736,0.3445,0.798560242612466,0.3695
"ENSG00000114391.12",300,0.0148313478632367,0.535,0.961245681900566,0.569
"ENSG00000114416.17",67,0.026895354182674,0.916,0.990634635373733,0.907
"ENSG00000114739.13",48,0.0381128633732545,0.6235,0.905886531359573,0.641
"ENSG00000114850.6",163,0.0218707143069463,0.415,0.89377634106231,0.441
"ENSG00000114857.17",147,0.0242163635721279,0.351,0.830673035526393,0.322
"ENSG00000114861.18",41,0.0395317578705642,0.742,0.931201430020028,0.7395
"ENSG00000114933.15",49,0.0323041270656338,0.9005,0.986040158824574,0.8985
"ENSG00000114942.13",314,0.0146756198849637,0.5065,0.95633926828981,0.5065
"ENSG00000114978.17",42,0.0469492643530278,0.3545,0.711391072823528,0.3635
"ENSG00000114999.7",60,0.0294739916906369,0.884,0.985387781055963,0.881
"ENSG00000115053.15",289,0.0183452177278958,0.1835,0.770440406632295,0.184
"ENSG00000115091.11",35,0.0442303080656372,0.6815,0.898886684450259,0.675
"ENSG00000115233.11",89,0.0294740285104791,0.514,0.876446067128705,0.473
"ENSG00000115268.9",335,0.0133895240965612,0.62,0.981045881637943,0.636
"ENSG00000115306.15",87,0.0361572964211626,0.1595,0.581278067763635,0.1645
"ENSG00000115310.17",40,0.0428947043892542,0.6135,0.865573819144858,0.599
"ENSG00000115414.18",95,0.0293121561981824,0.462,0.848352063673032,0.4475
"ENSG00000115461.4",55,0.03909458306757,0.439,0.805260090365698,0.465
"ENSG00000115464.14",49,0.0422338887888843,0.4085,0.770656618164565,0.4135
"ENSG00000115484.14",141,0.0184671651659637,0.8905,0.991618122816279,0.901
"ENSG00000115524.15",363,0.0149827181621408,0.3045,0.888481723403584,0.3115
"ENSG00000115541.10",229,0.0188617263158176,0.3625,0.879414309224008,0.361
"ENSG00000115677.16",66,0.0368085782927211,0.368,0.768037072570955,0.38
"ENSG00000115738.9",35,0.0451730093987917,0.6395,0.875093615453921,0.618
"ENSG00000115758.12",97,0.0274841768173223,0.5495,0.908233311607186,0.55
"ENSG00000115760.13",122,0.022764746933383,0.6735,0.960695477621421,0.6655
"ENSG00000115825.9",48,0.0441977660586823,0.3405,0.713236911470252,0.358
"ENSG00000115875.18",179,0.0270811730081522,0.0585,0.490091439466633,0.072
"ENSG00000115947.13",54,0.0299980924467718,0.9145,0.990349235779568,0.912
"ENSG00000116001.15",108,0.026060655644119,0.532,0.910391663195177,0.546
"ENSG00000116030.16",129,0.0273419866570938,0.254,0.74614815477103,0.2355
"ENSG00000116062.14",81,0.0437908352196515,0.053,0.29983322140405,0.0385
"ENSG00000116106.11",53,0.0282359219574132,0.9705,0.992534664121906,0.955
"ENSG00000116133.11",183,0.0216932879177674,0.331,0.840358092618128,0.32
"ENSG00000116138.12",45,0.0469084778083881,0.2975,0.659954152599326,0.299
"ENSG00000116161.17",81,0.0277183695141049,0.711,0.957692371612289,0.733
"ENSG00000116288.12",284,0.0180895212816727,0.2295,0.804222547247664,0.202
"ENSG00000116459.10",282,0.0198083887511872,0.1015,0.663276340611784,0.114
"ENSG00000116489.12",521,0.0144819556803449,0.0785,0.697213151185291,0.087
"ENSG00000116539.10",36,0.0343913154934956,0.967,0.991698268522752,0.9685
"ENSG00000116560.10",261,0.0183644564691651,0.2715,0.835787768877909,0.2505
"ENSG00000116747.12",141,0.0198340006316046,0.8015,0.985185661773339,0.797
"ENSG00000116754.13",68,0.0254571505673757,0.955,0.992197201963492,0.952
"ENSG00000116830.11",42,0.0470018682660217,0.3405,0.709595381590981,0.3705
"ENSG00000117122.13",109,0.0460275046013485,0.0015,0.0897222496258323,0.003
"ENSG00000117139.16",112,0.0291270423712287,0.28,0.752298764174869,0.258
"ENSG00000117448.13",37,0.0372143201261286,0.896,0.982585429883618,0.8875
"ENSG00000117450.13",472,0.0103080025597861,0.767,0.991945818447959,0.777
"ENSG00000117519.15",137,0.0301046021612307,0.093,0.526304586011695,0.104
"ENSG00000117523.15",253,0.0147391653339027,0.7465,0.989752544203065,0.767
"ENSG00000117569.18",197,0.0185126900498147,0.565,0.953343459603588,0.564
"ENSG00000117592.8",203,0.0221327489429002,0.2055,0.745042363101958,0.2095
"ENSG00000117632.20",509,0.0107048093077234,0.6015,0.986736821152676,0.6005
"ENSG00000117713.17",43,0.0379646252083368,0.7485,0.945570304311121,0.7685
"ENSG00000117724.12",257,0.0231776892559655,0.04,0.457978852732912,0.0425
"ENSG00000118058.20",60,0.0332161269775229,0.673,0.931755382243405,0.6595
"ENSG00000118181.10",177,0.0174782649312216,0.797,0.989696402600452,0.7905
"ENSG00000118579.11",92,0.029991303141121,0.436,0.838308906249866,0.4365
"ENSG00000118680.12",138,0.0207674135002504,0.7275,0.974791491864808,0.736
"ENSG00000118705.16",255,0.0206581283961057,0.1215,0.675258443310597,0.127
"ENSG00000118785.13",114,0.0258896504149837,0.4895,0.893335793366556,0.473
"ENSG00000118816.9",90,0.0267327723629293,0.7005,0.952678573349103,0.679
"ENSG00000118971.7",192,0.0301269793249431,0.012,0.258679709693712,0.012
"ENSG00000119231.10",53,0.0377032042902107,0.557,0.869258909947804,0.568
"ENSG00000119314.15",36,0.0449051402745515,0.6265,0.867322009729451,0.611
"ENSG00000119335.16",527,0.0131284813429068,0.1845,0.834301493238275,0.166
"ENSG00000119705.9",58,0.0336697237655943,0.6845,0.933466970350248,0.688
"ENSG00000119707.13",125,0.0199328764402439,0.874,0.991009703151633,0.8855
"ENSG00000119772.16",180,0.015189280826691,0.949,0.993885586296009,0.943
"ENSG00000119969.14",211,0.0151241184621902,0.867,0.991826776381531,0.862
"ENSG00000120137.6",51,0.0334792353988786,0.7985,0.96884333864143,0.8275
"ENSG00000120265.16",36,0.0573205604021975,0.1835,0.475520841948081,0.174
"ENSG00000120437.8",344,0.0123954474334779,0.7385,0.990778268972018,0.7635
"ENSG00000120438.11",210,0.0165186123997781,0.715,0.984537565571575,0.722
"ENSG00000120699.12",70,0.0339253013571802,0.459,0.84049724667021,0.482
"ENSG00000120885.19",69,0.0308388807161169,0.686,0.93868109569211,0.6995
"ENSG00000120948.15",40,0.0369388427474503,0.857,0.973228816667994,0.8485
"ENSG00000121570.12",67,0.054770346692056,0.0075,0.134395170518083,0.0075
"ENSG00000121989.14",59,0.0512340607109921,0.0585,0.285722508534246,0.0435
"ENSG00000122026.10",507,0.0130957218540582,0.208,0.860034389702454,0.218
"ENSG00000122218.14",54,0.0483782523400603,0.125,0.452322639664613,0.1295
"ENSG00000122406.12",520,0.010263925490388,0.6705,0.990575633282955,0.684
"ENSG00000122484.8",102,0.0237439511083787,0.7715,0.978671793439822,0.7695
"ENSG00000122545.18",144,0.020473540736836,0.731,0.972413590017282,0.727
"ENSG00000122565.18",43,0.0610435573652865,0.0465,0.242053423936107,0.0525
"ENSG00000122566.20",420,0.0150031982082205,0.1835,0.803417187323089,0.1685
"ENSG00000122591.11",54,0.0464481677742049,0.173,0.526710805150385,0.1645
"ENSG00000122692.8",131,0.0178459257998744,0.9615,0.993804268891165,0.955
"ENSG00000122786.19",38,0.083663426819742,0.003,0.0314937834214646,0.002
"ENSG00000123066.7",62,0.0317110432949292,0.747,0.952794655038184,0.7585
"ENSG00000123131.12",62,0.0313158331345371,0.754,0.958241323777796,0.753
"ENSG00000123200.16",50,0.0482391744563325,0.178,0.523918665699172,0.1705
"ENSG00000123349.13",72,0.0392242829519283,0.209,0.590994204649225,0.1975
"ENSG00000123416.15",462,0.01381707959446,0.2085,0.848717604431229,0.2105
"ENSG00000123562.16",420,0.0129229195902976,0.444,0.951227517278793,0.4385
"ENSG00000123636.17",50,0.0304846563041567,0.9375,0.990996699925161,0.947
"ENSG00000123728.9",49,0.0433781177288261,0.3505,0.728680604945872,0.354
"ENSG00000123908.11",76,0.0401224483244504,0.13,0.502347306316906,0.1285
"ENSG00000123975.4",80,0.0276344792659473,0.737,0.961420792654295,0.755
"ENSG00000124193.14",490,0.00980564593394983,0.81,0.992992454322658,0.8135
"ENSG00000124207.16",200,0.0328483086281266,0.004,0.135933515163365,0.002
"ENSG00000124422.11",499,0.0109434473173773,0.5635,0.983964618996424,0.595
"ENSG00000124486.12",226,0.0201051369134187,0.2525,0.810623418415175,0.255
"ENSG00000124562.9",57,0.0294093216893212,0.9045,0.990166715613442,0.916
"ENSG00000124593.14",60,0.0304307317108974,0.838,0.976815158692402,0.839
"ENSG00000124614.13",442,0.0153584409319781,0.1085,0.729418471273742,0.12
"ENSG00000124766.5",400,0.011555967233671,0.7275,0.990741109716207,0.74
"ENSG00000124767.6",115,0.0231572989553214,0.701,0.965338428080622,0.718
"ENSG00000124783.12",224,0.0173733430104132,0.5655,0.953960911753209,0.571
"ENSG00000125107.16",120,0.0221014916453065,0.746,0.976340306213903,0.7555
"ENSG00000125304.8",39,0.0539995364569176,0.209,0.518806919621463,0.199
"ENSG00000125676.19",65,0.0313282937186081,0.7065,0.947472976976109,0.7025
"ENSG00000125691.12",526,0.0098777561996987,0.7405,0.991668397065874,0.724
"ENSG00000125743.10",382,0.0144246941049968,0.331,0.902794964131017,0.334
"ENSG00000125868.15",68,0.0397761012577805,0.2045,0.613779543563066,0.2075
"ENSG00000125991.18",35,0.0575890444900538,0.194,0.490022073467889,0.1925
"ENSG00000126001.15",36,0.0402255548838648,0.802,0.957147402631088,0.8075
"ENSG00000126067.11",196,0.012558138177784,0.9965,0.997591108295823,0.996
"ENSG00000126070.19",40,0.060266642713035,0.075,0.306153667048128,0.076
"ENSG00000126698.10",125,0.022027492005089,0.713,0.96972496982265,0.75
"ENSG00000126773.12",39,0.047050475234559,0.424,0.760417117324549,0.4265
"ENSG00000126777.17",47,0.0659795439982946,0.0085,0.111132913185408,0.0095
"ENSG00000127022.14",242,0.0168683323018973,0.5215,0.950452928310635,0.515
"ENSG00000127184.10",82,0.0446018957276648,0.0315,0.266777198330975,0.0365
"ENSG00000127481.14",62,0.0424728732637372,0.186,0.572544716086289,0.203
"ENSG00000127483.17",36,0.0525761675662458,0.2985,0.635120431221826,0.3205
"ENSG00000127603.23",84,0.0258486053441033,0.821,0.980003384803229,0.8255
"ENSG00000127914.16",60,0.0327626814803178,0.7,0.94196165988397,0.7125
"ENSG00000127922.9",57,0.0371968531698196,0.4895,0.844964846839486,0.5125
"ENSG00000128050.8",351,0.0124148376491568,0.7385,0.990423590576615,0.7305
"ENSG00000128272.14",41,0.0419557506346368,0.634,0.878349128676321,0.608
"ENSG00000128585.17",55,0.039743522363634,0.4215,0.781374933022593,0.4155
"ENSG00000128595.16",273,0.01363165207131,0.8045,0.991243875915916,0.8
"ENSG00000128739.21",384,0.010788420680052,0.8865,0.993451392034183,0.8795
"ENSG00000128989.10",37,0.0375197418100935,0.89,0.980777123921461,0.8835
"ENSG00000129083.12",82,0.030737475058139,0.495,0.870984288319714,0.4975
"ENSG00000129084.17",141,0.0286057760932203,0.134,0.595625641714974,0.1365
"ENSG00000129315.9",50,0.0375522890860299,0.649,0.903621930825593,0.638
"ENSG00000129351.17",70,0.0491831160779715,0.0285,0.231287348663601,0.0275
"ENSG00000129559.12",120,0.0365707543291703,0.0315,0.296517398198662,0.0325
"ENSG00000129562.10",97,0.0393418811368611,0.058,0.342864524023591,0.046
"ENSG00000129625.12",39,0.0596815501882371,0.0885,0.341898027732685,0.089
"ENSG00000129682.13",68,0.0273634452848734,0.8895,0.988879535162212,0.891
"ENSG00000130066.16",336,0.0124853003115644,0.771,0.990902602278854,0.766
"ENSG00000130255.12",279,0.0180375326462468,0.231,0.8183566070731,0.242
"ENSG00000130309.10",134,0.0267451135876533,0.236,0.752571359700792,0.2545
"ENSG00000130338.12",46,0.0529242093720501,0.1145,0.421304617463042,0.123
"ENSG00000130741.10",530,0.00989655083381057,0.7305,0.991483960882673,0.7325
"ENSG00000130826.15",44,0.0477615855397573,0.2935,0.645599304477388,0.286
"ENSG00000130985.16",92,0.0308675955745888,0.375,0.803350989658982,0.3835
"ENSG00000131016.16",216,0.0215937859663007,0.188,0.736078830589368,0.1775
"ENSG00000131051.21",126,0.0294833366553016,0.1695,0.637459148385897,0.168
"ENSG00000131143.8",375,0.0184865671899805,0.041,0.538620972733216,0.048
"ENSG00000131174.4",70,0.0263038368889134,0.914,0.990702912380493,0.9235
"ENSG00000131236.16",74,0.0517775816515816,0.009,0.144944810618036,0.012
"ENSG00000131238.16",161,0.0189987355271468,0.7355,0.980939860742026,0.74
"ENSG00000131469.12",426,0.0131132153446514,0.3705,0.936168735246988,0.3845
"ENSG00000131473.16",126,0.0226297846981936,0.6455,0.95669783034244,0.6605
"ENSG00000131711.14",510,0.0127993103172762,0.232,0.883532073231691,0.238
"ENSG00000131747.14",154,0.0240898599501654,0.318,0.810492230814722,0.2965
"ENSG00000131828.13",90,0.0268492230866963,0.667,0.950785796813876,0.7025
"ENSG00000131914.10",124,0.0259549426418175,0.404,0.84375827425445,0.38
"ENSG00000132300.18",97,0.0246416630911135,0.7655,0.972925126935218,0.7695
"ENSG00000132341.11",485,0.0103337613802809,0.727,0.991459362512922,0.7425
"ENSG00000132388.12",84,0.0368871789888194,0.183,0.573925345359141,0.153
"ENSG00000132424.14",92,0.0297601745828853,0.439,0.84752931321903,0.4345
"ENSG00000132463.13",37,0.0604632871178556,0.1095,0.359706191237648,0.122
"ENSG00000132466.17",74,0.0386175443265727,0.186,0.596343393675924,0.2015
"ENSG00000132475.8",511,0.0114659360626555,0.4495,0.962838416097396,0.467
"ENSG00000132646.10",56,0.034447357485486,0.68,0.928693995748011,0.6955
"ENSG00000132780.16",377,0.0137603586558477,0.4225,0.943604814538803,0.427
"ENSG00000132963.7",120,0.0232913012517102,0.6555,0.95424417691074,0.653
"ENSG00000133026.12",212,0.0161708246366942,0.7615,0.988229267504523,0.759
"ENSG00000133112.16",165,0.0251700054090785,0.174,0.692710281310296,0.1795
"ENSG00000133226.16",63,0.0463697085868864,0.0895,0.397713922898413,0.0875
"ENSG00000133636.10",68,0.0289481753123484,0.8125,0.973361475459944,0.8145
"ENSG00000133706.17",107,0.0342776789037335,0.102,0.502984354588473,0.103
"ENSG00000133935.6",46,0.0325070461475101,0.9195,0.990108095358231,0.911
"ENSG00000134001.12",203,0.0190171757900886,0.466,0.9251214361002,0.4555
"ENSG00000134057.14",234,0.024851395053264,0.0455,0.413599405203812,0.038
"ENSG00000134294.13",126,0.0212698547652439,0.7625,0.981418426200805,0.7715
"ENSG00000134308.13",148,0.0211578973022704,0.611,0.952991837766808,0.6045
"ENSG00000134330.18",51,0.044266520812338,0.281,0.663813115805512,0.2895
"ENSG00000134333.13",311,0.0117437271384784,0.905,0.993805995282842,0.9235
"ENSG00000134352.19",36,0.0616201203728551,0.0935,0.348762425392805,0.1055
"ENSG00000134369.15",64,0.0318319376257203,0.711,0.941037088425263,0.6855
"ENSG00000134419.15",422,0.0105412116372603,0.852,0.992851442329413,0.8435
"ENSG00000134440.11",75,0.0347293476755857,0.34,0.766427378582472,0.3545
"ENSG00000134744.13",35,0.0364545360483223,0.944,0.990353287622585,0.9395
"ENSG00000134748.12",45,0.0394145764021648,0.651,0.901735333508257,0.6405
"ENSG00000134759.13",54,0.067978136356397,0.0035,0.049029731289257,0.0045
"ENSG00000134817.10",109,0.0267777032748526,0.469,0.879101260403453,0.466
"ENSG00000134884.13",36,0.0416721771866491,0.757,0.935622540097888,0.757
"ENSG00000134910.12",102,0.020888922072556,0.9355,0.992739068925531,0.9415
"ENSG00000134982.16",35,0.044690668975227,0.65,0.887267523110544,0.65
"ENSG00000134986.13",98,0.0404145846113091,0.0325,0.291588371608423,0.0285
"ENSG00000135069.13",149,0.0215931138950359,0.5515,0.937672776824426,0.548
"ENSG00000135316.17",99,0.0279884229897285,0.477,0.880764542970409,0.493
"ENSG00000135336.14",46,0.0510509496099675,0.15,0.486698739165644,0.1485
"ENSG00000135390.17",87,0.0410541097197479,0.0545,0.353725144839305,0.0575
"ENSG00000135404.11",242,0.0188860733621862,0.3065,0.846207802809864,0.2925
"ENSG00000135486.17",511,0.0129140011054984,0.2245,0.871983731377326,0.2095
"ENSG00000135540.11",45,0.0376026947224617,0.741,0.937677998433511,0.7275
"ENSG00000135624.15",234,0.0148679529477608,0.8065,0.990857137945251,0.8085
"ENSG00000135655.13",55,0.0417096251776826,0.332,0.705241225755731,0.3315
"ENSG00000135679.21",136,0.0278365455348045,0.1795,0.675393039389435,0.181
"ENSG00000135778.11",44,0.0671351237217684,0.0125,0.12318140639264,0.014
"ENSG00000135821.16",201,0.0357470316673259,5e-04,0.0677099207834734,5e-04
"ENSG00000135829.16",37,0.0528243508718367,0.271,0.603915878340623,0.277
"ENSG00000135837.15",65,0.033041804994536,0.5815,0.907394262385301,0.6065
"ENSG00000135862.5",63,0.037959402774674,0.3515,0.753839241147044,0.358
"ENSG00000135870.11",43,0.0406823355610748,0.6285,0.88938148060013,0.6235
"ENSG00000135919.12",50,0.0345400543363844,0.7825,0.959522881482778,0.799
"ENSG00000136068.14",48,0.0395854942272217,0.565,0.865284748442304,0.5485
"ENSG00000136485.14",36,0.0482870766184602,0.4535,0.776179028205761,0.4745
"ENSG00000136504.11",59,0.029103929104945,0.907,0.989849799290365,0.8895
"ENSG00000136603.13",66,0.0500501764881709,0.0345,0.245254788206989,0.0325
"ENSG00000136628.17",106,0.0248730313220326,0.6715,0.951362909715859,0.6605
"ENSG00000136810.12",290,0.0152160736716216,0.524,0.957248518694066,0.531
"ENSG00000136930.12",159,0.0203426482647264,0.6155,0.95548776117223,0.6135
"ENSG00000136942.14",335,0.0234249145102057,0.0045,0.233915946728416,0.0065
"ENSG00000136943.10",41,0.0489412102990889,0.3245,0.658339244236704,0.328
"ENSG00000137154.12",525,0.0116026741334971,0.388,0.95192526406114,0.3865
"ENSG00000137267.5",187,0.0218304537044695,0.2995,0.82063535301343,0.293
"ENSG00000137509.10",43,0.0496602642549028,0.234,0.593402478014012,0.2345
"ENSG00000137575.11",175,0.0207108334414826,0.4655,0.912488354397489,0.4635
"ENSG00000137710.14",90,0.0331168320372877,0.2515,0.709944998158807,0.2655
"ENSG00000137804.12",94,0.0377736534081642,0.085,0.436785567831692,0.071
"ENSG00000137818.11",514,0.00830468693521176,0.965,0.997205393008102,0.97
"ENSG00000137831.14",38,0.0393199881206724,0.795,0.956375347039758,0.7845
"ENSG00000137845.14",87,0.0353811929049869,0.184,0.620839158613282,0.184
"ENSG00000138061.11",64,0.0316833282537583,0.712,0.944487298506491,0.7045
"ENSG00000138095.18",135,0.0239591246430072,0.4675,0.89041731202428,0.464
"ENSG00000138182.14",50,0.0418599360769702,0.41,0.770748049556037,0.3935
"ENSG00000138326.18",329,0.0115566082499666,0.889,0.993521093755569,0.901
"ENSG00000138385.15",66,0.0379680504786486,0.2975,0.719171574318932,0.319
"ENSG00000138413.13",416,0.0131295406777056,0.3965,0.943671187451013,0.4055
"ENSG00000138442.9",115,0.0258963529595094,0.4845,0.888280256512589,0.4655
"ENSG00000138443.15",56,0.0438629021313007,0.239,0.600817615564077,0.2425
"ENSG00000138592.13",81,0.0237355022747941,0.9385,0.991907405109524,0.9475
"ENSG00000138674.16",100,0.0245341572521865,0.75,0.969075954007328,0.745
"ENSG00000138688.15",43,0.0484835777342682,0.295,0.637033321333503,0.295
"ENSG00000138757.14",35,0.0487361550478929,0.468,0.781587322999661,0.4755
"ENSG00000138758.11",147,0.0378702876215549,0.0015,0.137425944085397,0.004
"ENSG00000138759.17",36,0.0608704368388845,0.107,0.369092939939962,0.1195
"ENSG00000138778.11",93,0.0298263341828914,0.4175,0.839065470437247,0.425
"ENSG00000138814.16",35,0.0740014344946321,0.018,0.127903836540945,0.017
"ENSG00000138829.10",121,0.019287403132503,0.927,0.992604547089933,0.936
"ENSG00000139154.14",44,0.0366903256888148,0.7915,0.957848048058776,0.811
"ENSG00000139163.15",210,0.0167145216717599,0.71,0.981889046348307,0.711
"ENSG00000139180.10",151,0.0278934128031539,0.126,0.582804577216608,0.114
"ENSG00000139218.17",37,0.0727279721040092,0.0145,0.119890910785203,0.0145
"ENSG00000139219.17",86,0.0308579254335237,0.4335,0.840811828225521,0.4305
"ENSG00000139263.11",49,0.0688488409003174,0.005,0.0688553490117064,0.006
"ENSG00000139624.12",54,0.037189648365259,0.554,0.874935547813422,0.575
"ENSG00000139644.12",457,0.0111451957329423,0.6375,0.989090893122313,0.6635
"ENSG00000139684.13",36,0.0448519848700731,0.6205,0.868681902005494,0.6165
"ENSG00000139697.11",155,0.0246113350211043,0.2535,0.775468390554757,0.249
"ENSG00000140105.17",110,0.0356778637249556,0.064,0.406692410467809,0.0635
"ENSG00000140264.19",347,0.0122903641288475,0.764,0.990917151236902,0.772
"ENSG00000140319.10",147,0.0240840606062322,0.358,0.837275762038641,0.376
"ENSG00000140391.14",46,0.0538722015573158,0.1015,0.389807467398185,0.1
"ENSG00000140416.19",47,0.0536275580074841,0.097,0.381814111442744,0.1
"ENSG00000140443.13",214,0.0269602107722937,0.0265,0.349562531229382,0.02
"ENSG00000140525.17",44,0.0567895712040291,0.0765,0.335044262765579,0.0845
"ENSG00000140575.12",68,0.0259415145331772,0.93,0.991594104473501,0.951
"ENSG00000140740.10",43,0.0393827875255266,0.694,0.917910832047351,0.702
"ENSG00000140937.13",132,0.0273441413075064,0.236,0.728783684585398,0.2365
"ENSG00000140988.15",264,0.0186811742480515,0.236,0.808131671487512,0.2415
"ENSG00000141232.4",77,0.0369079632945527,0.225,0.645277102530536,0.2305
"ENSG00000141279.15",46,0.0330967531413183,0.9035,0.986842815124552,0.898
"ENSG00000141367.11",152,0.0157128159672854,0.978,0.995316818087188,0.9775
"ENSG00000141380.13",36,0.0577451649998649,0.169,0.462216262774984,0.1615
"ENSG00000141449.14",52,0.0377703203225346,0.5685,0.87759084909806,0.581
"ENSG00000142168.14",171,0.0278496836409578,0.0665,0.478095642272118,0.074
"ENSG00000142230.11",76,0.0358940721010516,0.2735,0.704568233750224,0.287
"ENSG00000142507.9",369,0.0143515759629998,0.3465,0.919566998794178,0.3635
"ENSG00000142534.6",524,0.00874563045441792,0.912,0.995485323831254,0.925
"ENSG00000142541.16",520,0.0113253577394398,0.459,0.9644622176894,0.451
"ENSG00000142657.20",107,0.0273805390432632,0.4415,0.863452484102516,0.463
"ENSG00000142676.12",418,0.013286377659627,0.377,0.933060491215928,0.3855
"ENSG00000142864.14",107,0.0268225005197334,0.471,0.887357089235112,0.475
"ENSG00000142937.11",455,0.0152713925644651,0.098,0.716409727218995,0.1035
"ENSG00000143033.17",83,0.0304676177080182,0.5105,0.874797727397084,0.4885
"ENSG00000143106.12",132,0.0212609399882458,0.7235,0.973741320035923,0.756
"ENSG00000143190.21",55,0.0337897525372125,0.7435,0.949206676148503,0.729
"ENSG00000143401.14",417,0.0147654472187411,0.1955,0.827261977405448,0.1815
"ENSG00000143442.21",93,0.0292923668931567,0.463,0.860473739542475,0.451
"ENSG00000143549.19",148,0.0256202791103424,0.222,0.746510493173161,0.23
"ENSG00000143621.16",356,0.012327177643094,0.7135,0.990435207974151,0.7295
"ENSG00000143727.15",61,0.0521479015495059,0.035,0.239045086096789,0.0325
"ENSG00000143742.12",412,0.00975160681718441,0.938,0.995439099608605,0.9485
"ENSG00000143761.13",113,0.0351528591519023,0.0565,0.410323628735039,0.0635
"ENSG00000143771.11",43,0.0511122113454941,0.2115,0.540115749406026,0.188
"ENSG00000143776.18",116,0.0248788402549118,0.5305,0.919938032864381,0.531
"ENSG00000143799.12",144,0.0263856523594771,0.21,0.720173788006054,0.217
"ENSG00000143870.12",204,0.0139468720704562,0.9585,0.99450605926788,0.9595
"ENSG00000143924.18",118,0.0290862717732074,0.231,0.715105839310445,0.2375
"ENSG00000143933.16",511,0.00904780967843819,0.9,0.994848358403954,0.9065
"ENSG00000143947.12",459,0.0101143472808461,0.823,0.992946055586807,0.835
"ENSG00000143977.13",121,0.0202173506436456,0.8795,0.991057245780929,0.884
"ENSG00000144028.14",97,0.0316702383431324,0.247,0.727306587249972,0.261
"ENSG00000144224.16",52,0.0450977473560611,0.245,0.613907239699304,0.2615
"ENSG00000144231.10",35,0.0475639958318195,0.5405,0.814746925394653,0.517
"ENSG00000144381.16",459,0.00927968214383026,0.939,0.995502154343099,0.9215
"ENSG00000144554.10",103,0.0258318208323466,0.607,0.934400643698205,0.6085
"ENSG00000144580.13",401,0.0137595273439232,0.361,0.921455890793877,0.3405
"ENSG00000144674.16",43,0.0354873879044478,0.845,0.976399007538678,0.8665
"ENSG00000144713.12",362,0.0161399664161241,0.198,0.80080675076861,0.1895
"ENSG00000144724.18",58,0.0329783466548448,0.738,0.948776948633797,0.7505
"ENSG00000144867.11",125,0.0274942361951863,0.266,0.760842200420496,0.283
"ENSG00000145012.12",175,0.0325088152047296,0.01,0.211660540559386,0.012
"ENSG00000145147.19",67,0.0291139260725905,0.8175,0.973843777242392,0.8245
"ENSG00000145425.9",519,0.0105648887248529,0.6085,0.987545265584816,0.587
"ENSG00000145495.14",151,0.0196326662425149,0.735,0.980284007577045,0.7355
"ENSG00000145555.14",35,0.0451842360680776,0.6275,0.874810262808153,0.647
"ENSG00000145592.13",328,0.0158345720369153,0.3005,0.880748588283171,0.289
"ENSG00000145687.15",37,0.0375667991917064,0.8955,0.980498511929576,0.8835
"ENSG00000145725.19",42,0.0364508970563041,0.823,0.969579341050022,0.8345
"ENSG00000145741.15",106,0.0272265034986758,0.4755,0.875265144307182,0.478
"ENSG00000145833.15",38,0.0476965494943824,0.44,0.757420557045718,0.4115
"ENSG00000145907.14",163,0.0227870238504243,0.347,0.845738515448234,0.3545
"ENSG00000146223.14",39,0.0445057354738809,0.5525,0.835730268251687,0.5595
"ENSG00000146247.13",74,0.0404110663080142,0.1375,0.512084761651347,0.1405
"ENSG00000146263.11",103,0.0331552836573817,0.164,0.598857891546318,0.1665
"ENSG00000146373.16",75,0.0260491116182804,0.8745,0.989737531264648,0.896
"ENSG00000146414.15",41,0.0425322531376484,0.59,0.862652064729011,0.598
"ENSG00000146457.14",176,0.0358401441159234,0.002,0.10687481490784,0.001
"ENSG00000146701.11",147,0.0274500649204293,0.1395,0.634934587637193,0.148
"ENSG00000146731.10",210,0.0156614320155331,0.824,0.990866024854573,0.832
"ENSG00000147044.20",66,0.0340640873505758,0.5385,0.867826973929703,0.5345
"ENSG00000147140.15",293,0.0167970519645111,0.3095,0.875323268599335,0.3165
"ENSG00000147155.10",276,0.0193280578847118,0.1525,0.722891542096095,0.158
"ENSG00000147162.13",149,0.0207791296252893,0.6485,0.959421603903555,0.6615
"ENSG00000147257.13",71,0.0341251626946101,0.448,0.825586890601882,0.417
"ENSG00000147274.14",417,0.0105800521470076,0.841,0.992905570561004,0.836
"ENSG00000147403.16",487,0.0106788029587538,0.667,0.990298321982524,0.67
"ENSG00000147454.13",70,0.0269583798225697,0.8865,0.989201644314119,0.898
"ENSG00000147601.13",71,0.054670154045976,0.008,0.108282186786034,0.009
"ENSG00000147604.13",527,0.0100005880686595,0.7145,0.991229259477106,0.7145
"ENSG00000147677.10",159,0.0172514420921118,0.909,0.991941890443093,0.894
"ENSG00000147684.7",41,0.0483675508133712,0.313,0.679209311830825,0.3415
"ENSG00000148200.16",506,0.0105953899004586,0.633,0.989647917840901,0.656
"ENSG00000148303.16",209,0.014523006010567,0.9185,0.993105002249532,0.9325
"ENSG00000148730.6",55,0.0404798675552016,0.3595,0.752861322817881,0.3585
"ENSG00000148773.12",89,0.0342886846036258,0.2185,0.658645740129305,0.2245
"ENSG00000148834.12",43,0.0409079960193602,0.5965,0.88309592486701,0.6245
"ENSG00000149100.12",311,0.0158891200696636,0.3555,0.904293943205284,0.3455
"ENSG00000149187.17",57,0.0398376742291135,0.368,0.751597163862123,0.359
"ENSG00000149212.11",48,0.0483421909495554,0.202,0.553364459371745,0.207
"ENSG00000149273.14",526,0.00824742456493516,0.971,0.997087369377954,0.959
"ENSG00000149485.16",153,0.0249494983889226,0.2695,0.763693682480999,0.2365
"ENSG00000149806.10",83,0.0327096590598214,0.3585,0.787118120409169,0.3555
"ENSG00000149925.16",491,0.0149412161737101,0.087,0.692859758335829,0.073
"ENSG00000150093.18",62,0.0316103853106309,0.747,0.954181893402517,0.734
"ENSG00000150753.11",370,0.0112102096915982,0.8585,0.992819919855337,0.8565
"ENSG00000150867.13",78,0.0342795144149644,0.3245,0.758648731550909,0.3325
"ENSG00000150991.14",445,0.0160746977772649,0.0695,0.645567198178487,0.067
"ENSG00000151208.16",39,0.0639650654822976,0.0485,0.237380408982898,0.054
"ENSG00000151247.12",357,0.0127812018255769,0.655,0.9846783503002,0.635
"ENSG00000151465.13",148,0.0232305678597409,0.4215,0.876180468574083,0.403
"ENSG00000151893.14",227,0.0186577392411007,0.393,0.896903977050289,0.3875
"ENSG00000151914.18",171,0.0187335915627642,0.687,0.975984345395562,0.6955
"ENSG00000151923.17",57,0.0400513308419543,0.3755,0.743184584048806,0.361
"ENSG00000152061.22",37,0.0642404937613462,0.0515,0.26488509301889,0.062
"ENSG00000152104.11",40,0.0522572577997551,0.229,0.559093329592336,0.226
"ENSG00000152234.15",463,0.0101911672502286,0.8135,0.99258727073463,0.814
"ENSG00000152256.13",107,0.026446284158151,0.505,0.902401489223431,0.5155
"ENSG00000152457.17",95,0.0440568787160853,0.0145,0.192603732310666,0.0155
"ENSG00000152520.13",103,0.0428691196382373,0.0135,0.182966699868404,0.011
"ENSG00000152661.7",186,0.0174024655384691,0.763,0.985630394135009,0.753
"ENSG00000152795.17",288,0.0211651122092142,0.0535,0.523204159734241,0.049
"ENSG00000152818.18",72,0.0223213093019354,0.9915,0.995396635204452,0.9945
"ENSG00000153147.5",50,0.0390548179466627,0.5365,0.860298617956194,0.5395
"ENSG00000153187.16",225,0.0156977763967802,0.758,0.988399449568537,0.764
"ENSG00000153201.15",61,0.0373006646300701,0.446,0.803266205677432,0.437
"ENSG00000153363.12",67,0.0387676923841505,0.269,0.672143037489671,0.263
"ENSG00000153721.17",70,0.0306993123625087,0.6715,0.937111298368367,0.6845
"ENSG00000153767.9",36,0.0549560503468558,0.232,0.553843203470756,0.232
"ENSG00000153904.18",122,0.0363870879779736,0.022,0.292631374737886,0.0255
"ENSG00000153914.15",76,0.0303848992757966,0.608,0.916296657374739,0.6065
"ENSG00000153922.10",37,0.0662382495976034,0.039,0.221098302883982,0.0455
"ENSG00000154237.12",75,0.0350680219147524,0.3205,0.751292128702008,0.321
"ENSG00000154277.12",41,0.0360211130097804,0.8645,0.979082077484678,0.868
"ENSG00000154380.17",304,0.0182895394517598,0.148,0.736609650071135,0.135
"ENSG00000154473.17",192,0.0328287782539468,0.005,0.15575271596446,0.003
"ENSG00000154518.9",299,0.0172779671848983,0.2455,0.830041378398721,0.237
"ENSG00000154639.18",223,0.0224938750226841,0.1285,0.639702030400434,0.1185
"ENSG00000155008.13",44,0.0358455332914992,0.826,0.967855734088845,0.8275
"ENSG00000155096.13",58,0.0533935407391946,0.0415,0.23902772427522,0.041
"ENSG00000155368.16",187,0.0242313892245822,0.1425,0.657106513359319,0.147
"ENSG00000155463.12",39,0.0488584971790625,0.368,0.700813762473966,0.3525
"ENSG00000155506.16",72,0.036846534886789,0.299,0.702524839884994,0.2785
"ENSG00000155657.24",199,0.0207030612992288,0.3195,0.850116684004317,0.335
"ENSG00000156030.12",56,0.0434915971603475,0.257,0.616349001768753,0.234
"ENSG00000156261.12",382,0.0136289961865977,0.424,0.946062121049957,0.422
"ENSG00000156482.10",432,0.0115627997386446,0.649,0.986824690475597,0.621
"ENSG00000156508.17",531,0.0114357327104943,0.426,0.955840893125263,0.4085
"ENSG00000156574.9",39,0.0526871877873416,0.2425,0.56500706207802,0.25
"ENSG00000156735.10",119,0.0362548314045532,0.033,0.31724866387314,0.042
"ENSG00000156966.6",106,0.0396063457829121,0.031,0.268356519407888,0.0315
"ENSG00000156976.14",145,0.0187729661044365,0.8415,0.9906561415737,0.846
"ENSG00000157106.16",58,0.0566301566826386,0.02,0.168729983363455,0.0195
"ENSG00000157456.7",104,0.0286587002323686,0.371,0.825264143159727,0.392
"ENSG00000158161.15",116,0.0206297676473519,0.873,0.991059612200485,0.897
"ENSG00000158195.10",43,0.0411936953314972,0.611,0.875138044416905,0.616
"ENSG00000158417.10",68,0.0321554215096073,0.6135,0.912209342531198,0.613
"ENSG00000158604.14",84,0.0311781583073171,0.4265,0.841279461178623,0.4305
"ENSG00000158864.12",42,0.0414797642294927,0.5865,0.879152078189208,0.6025
"ENSG00000159140.17",379,0.0143687844692285,0.345,0.908770581279555,0.337
"ENSG00000159217.9",61,0.0461923312451472,0.1045,0.432316026385943,0.114
"ENSG00000159352.15",44,0.0482171341066141,0.2645,0.628506167718146,0.282
"ENSG00000159377.10",477,0.00939146151832406,0.901,0.994668683988467,0.907
"ENSG00000159593.14",43,0.0389119194927354,0.708,0.927094520779605,0.7285
"ENSG00000160049.11",84,0.0337227408644086,0.2885,0.731065821686901,0.291
"ENSG00000160075.11",78,0.0287427702682288,0.6955,0.949015689963272,0.691
"ENSG00000160551.9",63,0.0328189764291047,0.669,0.923686610312776,0.648
"ENSG00000160710.15",95,0.031720886803692,0.2805,0.739620537048209,0.294
"ENSG00000160752.14",282,0.011406136677225,0.975,0.995810796374698,0.9765
"ENSG00000161016.15",490,0.0104406845082251,0.7,0.990961906396162,0.6965
"ENSG00000161057.10",57,0.053838713499071,0.0375,0.238816092934026,0.0375
"ENSG00000161203.13",51,0.055797109310728,0.0485,0.262362366829708,0.046
"ENSG00000161654.9",464,0.0131844412834272,0.283,0.900828940402099,0.2985
"ENSG00000161970.12",368,0.0140107976086097,0.417,0.938754358087992,0.398
"ENSG00000162244.10",439,0.00984420037491934,0.904,0.994364680976113,0.9
"ENSG00000162402.13",62,0.0498505835046198,0.043,0.291489939091233,0.0465
"ENSG00000162433.14",63,0.0330291012567505,0.6475,0.918844928351354,0.6415
"ENSG00000162521.18",362,0.0200295466871244,0.0295,0.422397571670332,0.0235
"ENSG00000162613.16",36,0.0444704946285135,0.6535,0.878441692904907,0.6265
"ENSG00000162695.11",36,0.0579079872245416,0.16,0.457114384012363,0.1605
"ENSG00000162819.11",69,0.032550501222938,0.567,0.89635705798477,0.5755
"ENSG00000162825.16",35,0.0377075164200734,0.907,0.98524508833535,0.909
"ENSG00000162944.10",59,0.0484519168642811,0.0855,0.376123908386624,0.077
"ENSG00000163029.15",39,0.0400199973822611,0.751,0.938865763053217,0.7485
"ENSG00000163041.9",389,0.0157166001003217,0.171,0.788948113936784,0.1685
"ENSG00000163191.5",85,0.0309894762493373,0.4255,0.842087185452065,0.4475
"ENSG00000163389.10",42,0.0460600698217067,0.41,0.741744685949366,0.3855
"ENSG00000163430.9",156,0.0160457406951372,0.9615,0.994358712845986,0.9635
"ENSG00000163466.15",279,0.0186086525553527,0.201,0.774763159315484,0.1885
"ENSG00000163468.14",270,0.017870955860672,0.2845,0.848786346616084,0.2785
"ENSG00000163479.13",94,0.0302868576087968,0.375,0.814725101694813,0.371
"ENSG00000163597.14",176,0.0223222642363043,0.3125,0.827629038353477,0.305
"ENSG00000163625.15",36,0.0492441921927765,0.437,0.745798302748884,0.4265
"ENSG00000163637.11",38,0.0403187803249909,0.769,0.942074325017964,0.767
"ENSG00000163655.15",99,0.0323906833100371,0.201,0.674432317969911,0.2195
"ENSG00000163682.15",438,0.0153782481365953,0.1195,0.734274585283209,0.1145
"ENSG00000163714.17",55,0.032241095089133,0.8185,0.969731561279745,0.809
"ENSG00000163811.11",96,0.0264302556868015,0.6245,0.941503561832973,0.6515
"ENSG00000163902.11",36,0.0497562819503235,0.4045,0.729543569516243,0.3805
"ENSG00000163931.15",98,0.0288774851098985,0.4205,0.849492409392831,0.436
"ENSG00000163938.16",51,0.0520893901093646,0.078,0.36982869291126,0.0915
"ENSG00000163939.18",36,0.0370988129121035,0.9135,0.985989199472307,0.9115
"ENSG00000163960.11",35,0.0557594638710559,0.224,0.550627659670781,0.248
"ENSG00000163961.4",53,0.0341378944249097,0.734,0.952668345921562,0.745
"ENSG00000164032.11",489,0.011049392304355,0.5555,0.983931909886301,0.591
"ENSG00000164104.11",159,0.024048278179998,0.281,0.792793257106481,0.2865
"ENSG00000164111.14",325,0.0176778995810485,0.145,0.739542365098741,0.1625
"ENSG00000164134.12",123,0.0213344354195828,0.7985,0.983290190562641,0.7905
"ENSG00000164161.9",40,0.031625280254222,0.9785,0.992779045454286,0.9765
"ENSG00000164190.16",52,0.0306828417095422,0.907,0.990191962435735,0.922
"ENSG00000164219.9",42,0.0360464868738111,0.8635,0.974277063701001,0.8665
"ENSG00000164300.15",399,0.012927668736967,0.492,0.961652637070065,0.492
"ENSG00000164466.12",35,0.0406353368447681,0.814,0.958326746645302,0.8125
"ENSG00000164587.11",526,0.0115135091629194,0.4065,0.95490280967246,0.4045
"ENSG00000164611.12",40,0.041753303757703,0.6495,0.896287315265758,0.639
"ENSG00000164687.10",102,0.0435917482277924,0.009,0.171070351482927,0.0095
"ENSG00000164692.17",123,0.0275990119641664,0.2975,0.766832198435462,0.291
"ENSG00000164754.12",83,0.0264227018191493,0.786,0.973217510856086,0.8
"ENSG00000164904.15",46,0.0390546669319815,0.638,0.901368415360777,0.643
"ENSG00000164924.17",447,0.00972780363061886,0.902,0.994477682846566,0.911
"ENSG00000164934.13",81,0.0230155778816549,0.9555,0.992902597676951,0.9515
"ENSG00000165029.15",51,0.0433539066534084,0.328,0.700316230389563,0.3175
"ENSG00000165280.15",46,0.0459156659292338,0.3045,0.680547549127697,0.3045
"ENSG00000165283.15",39,0.0470745481165307,0.42,0.759623529320377,0.43
"ENSG00000165416.14",180,0.0227158417053116,0.255,0.791748233346497,0.2525
"ENSG00000165527.6",109,0.0344120680921549,0.095,0.480183751652162,0.091
"ENSG00000165629.19",277,0.017861683136496,0.2675,0.83452012437801,0.261
"ENSG00000165637.13",189,0.0250163651794135,0.0935,0.590457016440408,0.102
"ENSG00000165669.13",47,0.0382864775252555,0.6535,0.909481399448018,0.666
"ENSG00000165671.18",70,0.0248989515143894,0.9605,0.992482354788074,0.9575
"ENSG00000165672.6",381,0.0149281603001128,0.266,0.865717441159394,0.2555
"ENSG00000165678.19",178,0.0246012860214846,0.1545,0.670808794742143,0.1675
"ENSG00000165699.13",38,0.0316932893291736,0.982,0.993336677343582,0.989
"ENSG00000165732.12",104,0.0331713573971314,0.16,0.58956311855304,0.1595
"ENSG00000165934.12",72,0.0294213061010988,0.7175,0.955260070867333,0.7385
"ENSG00000166136.15",36,0.0369290936808674,0.923,0.986980793189426,0.918
"ENSG00000166165.12",60,0.0335562604309685,0.6725,0.924099563667399,0.644
"ENSG00000166181.12",45,0.0421748252036124,0.4945,0.823923409620199,0.488
"ENSG00000166197.16",95,0.0303238358082314,0.369,0.807390534044982,0.3605
"ENSG00000166224.16",92,0.0228859736295708,0.9115,0.991222695647445,0.9165
"ENSG00000166226.12",196,0.0171922286436705,0.7245,0.982975815359183,0.7155
"ENSG00000166233.12",85,0.0353870104687515,0.207,0.639648656619601,0.2095
"ENSG00000166263.13",37,0.0583563023869436,0.1445,0.420271462516863,0.1375
"ENSG00000166326.6",41,0.0354290888863819,0.885,0.98318694998393,0.899
"ENSG00000166441.12",402,0.0157366051658241,0.1465,0.762489941841636,0.1445
"ENSG00000166450.12",254,0.0162592175987592,0.54,0.956262981527854,0.528
"ENSG00000166503.8",60,0.0388620016160586,0.3755,0.752755910159969,0.348
"ENSG00000166508.17",136,0.0185432795540695,0.907,0.992042363856956,0.9095
"ENSG00000166532.15",44,0.0306744347259796,0.9725,0.992480432739879,0.969
"ENSG00000166557.12",36,0.0350006952534664,0.953,0.991186204237309,0.9535
"ENSG00000166598.12",469,0.00936946387858532,0.919,0.994954709065769,0.925
"ENSG00000166681.13",441,0.0122616781892248,0.4955,0.963990586241738,0.4885
"ENSG00000166710.17",93,0.0331521810869173,0.229,0.683034127050145,0.2425
"ENSG00000166794.4",232,0.0255484874203634,0.0245,0.373499409344691,0.027
"ENSG00000166847.9",58,0.0300519484988731,0.8725,0.984607399996907,0.8705
"ENSG00000166913.12",328,0.0169997577681445,0.1805,0.793972617963412,0.196
"ENSG00000167004.12",46,0.0453941685747961,0.341,0.700462272832041,0.3375
"ENSG00000167005.13",110,0.0195972475380348,0.963,0.99359779787049,0.953
"ENSG00000167085.11",51,0.0320514605713723,0.8735,0.983750684640734,0.8805
"ENSG00000167088.10",222,0.0241653589444746,0.063,0.51162878315912,0.0595
"ENSG00000167196.13",73,0.0297937897283527,0.697,0.944956014486955,0.6905
"ENSG00000167283.7",68,0.0492200658993327,0.0355,0.249328871180119,0.0325
"ENSG00000167315.17",57,0.0446339696997795,0.1905,0.553633643434608,0.18
"ENSG00000167325.14",63,0.0300097635971088,0.823,0.973144052545273,0.815
"ENSG00000167460.14",51,0.0536827196854628,0.073,0.319532025888103,0.0655
"ENSG00000167526.13",249,0.0200663696608364,0.1725,0.742780142440681,0.1775
"ENSG00000167552.13",415,0.0150137178002587,0.1715,0.809608458239494,0.181
"ENSG00000167553.14",176,0.0224346630453123,0.3,0.821517986802397,0.2935
"ENSG00000167601.11",205,0.0182771219210857,0.551,0.950651878995278,0.543
"ENSG00000167815.11",301,0.0143300657686669,0.5995,0.975071558568869,0.6045
"ENSG00000167996.15",207,0.0201841474999826,0.3325,0.857608054710399,0.313
"ENSG00000168028.13",499,0.00767284067067631,0.9955,0.999637097709102,0.997
"ENSG00000168036.16",224,0.0160838511573823,0.6965,0.983486240257222,0.707
"ENSG00000168092.13",446,0.0148881900772444,0.154,0.771958333030018,0.131
"ENSG00000168137.15",54,0.0562918498464072,0.0325,0.211220800231251,0.028
"ENSG00000168175.14",255,0.0160735561117409,0.5565,0.960393936511279,0.56
"ENSG00000168214.20",85,0.0330602806024545,0.3205,0.753819365152887,0.3105
"ENSG00000168288.12",73,0.0442664285574519,0.0625,0.361930913157202,0.074
"ENSG00000168291.12",164,0.0198569249500694,0.626,0.959677115762506,0.631
"ENSG00000168374.10",72,0.0327647739269239,0.4955,0.866165508119555,0.524
"ENSG00000168385.17",159,0.0152266985995263,0.982,0.995543088161836,0.9845
"ENSG00000168542.12",68,0.0401795536239813,0.198,0.595364402124407,0.1925
"ENSG00000168653.10",239,0.0184675884179208,0.3295,0.879809469147056,0.363
"ENSG00000168906.12",53,0.0474426155144207,0.161,0.503277677120374,0.146
"ENSG00000169045.17",360,0.0244185660807103,0.004,0.148091932560134,0.002
"ENSG00000169100.13",147,0.0180529156719559,0.8835,0.991702615203415,0.8785
"ENSG00000169122.11",51,0.0493865525676653,0.147,0.463807346602122,0.1485
"ENSG00000169375.15",40,0.0427160900988313,0.6075,0.870380080123166,0.606
"ENSG00000169567.11",303,0.023258036220307,0.017,0.313728192822046,0.019
"ENSG00000169679.14",45,0.0363784492592219,0.7955,0.957211999713241,0.788
"ENSG00000169714.16",260,0.0180503344566211,0.288,0.858655475374769,0.3025
"ENSG00000169764.14",108,0.028275948522075,0.359,0.819706034833906,0.357
"ENSG00000169813.16",113,0.0291297795354385,0.2815,0.745498751540743,0.27
"ENSG00000169905.12",188,0.0204583091675519,0.4245,0.894593209979499,0.416
"ENSG00000170144.18",93,0.0336096490322005,0.221,0.658843085549712,0.2125
"ENSG00000170296.9",44,0.0445250008181029,0.4195,0.762337683498755,0.421
"ENSG00000170312.15",62,0.038844972124835,0.324,0.729236308339191,0.323
"ENSG00000170315.13",519,0.0105122070501796,0.6305,0.988650970302336,0.633
"ENSG00000170348.8",109,0.0282469719878405,0.377,0.815596236643246,0.378
"ENSG00000170421.12",52,0.042197329025617,0.3535,0.729006056499859,0.3625
"ENSG00000170515.13",109,0.022049399506191,0.836,0.988653782356533,0.8355
"ENSG00000170522.9",177,0.0240381547930023,0.1975,0.714809909275633,0.205
"ENSG00000170540.14",295,0.0198653035505084,0.085,0.618849673652325,0.092
"ENSG00000170542.5",127,0.0420781860737913,0.002,0.0997878239268242,0.0035
"ENSG00000170558.8",38,0.0427464082890582,0.645,0.895639139271835,0.649
"ENSG00000170584.10",59,0.0455835583989361,0.1345,0.48448549119225,0.1435
"ENSG00000170606.13",128,0.0226953876995372,0.614,0.952222986972184,0.6175
"ENSG00000170776.19",92,0.0351635771587047,0.1615,0.585920877133637,0.157
"ENSG00000170871.11",41,0.0468984916184933,0.3755,0.730294923894232,0.41
"ENSG00000170961.6",145,0.0248365421866994,0.309,0.807668710031303,0.304
"ENSG00000171105.13",103,0.0296209844188409,0.317,0.788191208135881,0.3335
"ENSG00000171314.8",320,0.0174256422711022,0.186,0.774013278117694,0.165
"ENSG00000171316.11",183,0.0254853067558972,0.1115,0.583838097275146,0.1095
"ENSG00000171345.13",36,0.0543087055662284,0.2605,0.575857730053502,0.259
"ENSG00000171466.9",58,0.0363092322990826,0.5335,0.863762031936902,0.5415
"ENSG00000171490.12",156,0.0321358058949501,0.0275,0.304240913824342,0.026
"ENSG00000171634.16",137,0.0210320413015105,0.717,0.970963216520013,0.7085
"ENSG00000171848.13",42,0.0509006182088217,0.2405,0.567375464539365,0.216
"ENSG00000171863.12",372,0.0155717597979026,0.218,0.828849041555528,0.203
"ENSG00000171988.17",94,0.031973299363245,0.292,0.734636698021066,0.272
"ENSG00000172053.15",70,0.0305721333530287,0.6925,0.940193344910552,0.705
"ENSG00000172115.8",110,0.0257880823221337,0.53,0.911761681789238,0.531
"ENSG00000172318.5",46,0.0467716241362495,0.294,0.647804516333676,0.2785
"ENSG00000172757.12",56,0.0486919765434676,0.0955,0.409038517690475,0.1005
"ENSG00000172795.15",218,0.0239317807331948,0.093,0.546564851437939,0.084
"ENSG00000172809.12",213,0.0279740295919338,0.014,0.292608669459925,0.0155
"ENSG00000172954.13",60,0.0447761141981299,0.149,0.502386429058507,0.1475
"ENSG00000173207.12",80,0.0268899259044919,0.791,0.972917279842918,0.7975
"ENSG00000173230.15",66,0.026561592803972,0.936,0.991272433542773,0.9315
"ENSG00000173273.15",39,0.0405146715588437,0.732,0.929569717043713,0.736
"ENSG00000173473.10",52,0.0491674807631653,0.122,0.455258320178377,0.127
"ENSG00000173660.11",224,0.0163488704272669,0.6675,0.979619649594508,0.6795
"ENSG00000173674.10",59,0.0376159854571916,0.436,0.812061613492745,0.45
"ENSG00000173692.12",147,0.0221254084834413,0.5295,0.92410412840354,0.5345
"ENSG00000173786.16",51,0.0501971039510942,0.1165,0.434203683837994,0.1115
"ENSG00000173812.10",382,0.0124839799631372,0.6275,0.98271673154531,0.641
"ENSG00000173889.15",38,0.0651620493881797,0.038,0.227457240288861,0.0425
"ENSG00000174197.16",92,0.0210835681804353,0.968,0.993917331506353,0.975
"ENSG00000174444.14",510,0.00925974611455146,0.863,0.994182980385862,0.875
"ENSG00000174469.17",97,0.0361487749626074,0.1,0.490301045589825,0.1035
"ENSG00000174695.9",64,0.0353823103381615,0.497,0.839995375972873,0.4945
"ENSG00000174748.18",530,0.0125173763269893,0.263,0.88751626546582,0.244
"ENSG00000174780.15",99,0.0376844857685836,0.0685,0.398507103025867,0.07
"ENSG00000174953.13",40,0.0560128121085215,0.142,0.431203779260916,0.142
"ENSG00000175029.16",70,0.0301773131960836,0.713,0.949761386873395,0.695
"ENSG00000175061.17",446,0.0117915205166432,0.572,0.97818911557256,0.554
"ENSG00000175063.16",56,0.0470443608751123,0.121,0.47188811259797,0.143
"ENSG00000175166.16",86,0.0393207946822041,0.096,0.437022018282672,0.0985
"ENSG00000175183.9",42,0.0381066122093112,0.7805,0.950346169100933,0.76
"ENSG00000175216.14",139,0.0223895419446381,0.555,0.934985429894273,0.564
"ENSG00000175376.8",40,0.0521761086234283,0.2325,0.561981294018703,0.224
"ENSG00000175387.15",167,0.0201084495795735,0.575,0.950578695644369,0.5675
"ENSG00000175782.9",44,0.0442287755840525,0.44,0.772672624598902,0.4405
"ENSG00000176171.11",52,0.0450497970654807,0.245,0.615844057982337,0.237
"ENSG00000176834.13",93,0.0238517239688551,0.847,0.987596074298847,0.85
"ENSG00000176887.6",144,0.023905272322199,0.3905,0.857685799930299,0.3765
"ENSG00000177156.10",59,0.0414970088749884,0.2685,0.65673403694416,0.2505
"ENSG00000177200.15",56,0.0407446836347453,0.336,0.729174221913576,0.3285
"ENSG00000177565.15",251,0.0185300319770197,0.284,0.847769268004929,0.288
"ENSG00000177600.8",121,0.0290183404361363,0.205,0.699588604033659,0.208
"ENSG00000177889.9",167,0.0304266045301614,0.0315,0.342707808388664,0.031
"ENSG00000177954.11",407,0.0159462140163096,0.1285,0.732102858677818,0.133
"ENSG00000178035.11",58,0.0305966088576631,0.8525,0.980608210912294,0.852
"ENSG00000178127.12",96,0.024101895772227,0.802,0.982142758266386,0.818
"ENSG00000178980.14",65,0.0363402152449748,0.426,0.798623168536403,0.417
"ENSG00000179010.14",65,0.031883371063861,0.667,0.934489819637874,0.675
"ENSG00000179222.17",87,0.0340551756410186,0.2305,0.68886935329548,0.245
"ENSG00000179933.5",60,0.0397618503641449,0.3255,0.716468936901072,0.337
"ENSG00000180730.4",42,0.05449151978813,0.1335,0.441734041852749,0.138
"ENSG00000181019.12",100,0.0361497254580812,0.0855,0.465936061289915,0.096
"ENSG00000181163.13",527,0.00818402523349012,0.974,0.997272947403258,0.9705
"ENSG00000181467.3",420,0.00973472524692151,0.937,0.995249679411375,0.942
"ENSG00000181610.12",48,0.0456288517196845,0.2835,0.658436269755253,0.28
"ENSG00000182050.13",53,0.0358745192664162,0.649,0.91758883944615,0.652
"ENSG00000182149.20",64,0.0320978463321137,0.6835,0.934863582088671,0.674
"ENSG00000182220.13",69,0.0460763184034292,0.058,0.338595307387605,0.061
"ENSG00000182481.8",407,0.00977030639883326,0.9535,0.995535683938414,0.95
"ENSG00000182670.13",113,0.0191942691486283,0.961,0.993830563567612,0.9645
"ENSG00000182718.16",305,0.0148124670491481,0.508,0.958372646121972,0.5265
"ENSG00000182899.14",418,0.0131237686366325,0.4105,0.94230267848408,0.396
"ENSG00000183311.16",388,0.0159717354826926,0.1475,0.765761737098329,0.152
"ENSG00000183431.11",76,0.0346584136571077,0.348,0.76012385137023,0.348
"ENSG00000183530.13",36,0.0699260573517933,0.0345,0.172921420940318,0.0205
"ENSG00000184007.17",146,0.0222042364428891,0.533,0.923834064607832,0.5205
"ENSG00000184009.9",525,0.0124081349524778,0.263,0.902035925386857,0.2795
"ENSG00000184110.14",108,0.0386953482478698,0.0315,0.288150490660377,0.0335
"ENSG00000184349.12",113,0.0397008829397937,0.0195,0.221618476288621,0.0125
"ENSG00000184432.9",76,0.0374259528143345,0.2215,0.631025658788296,0.2255
"ENSG00000184445.11",39,0.0479515571170755,0.393,0.730712000439028,0.4235
"ENSG00000184575.11",37,0.0356808551294203,0.9375,0.99024038051827,0.935
"ENSG00000185070.10",152,0.0345573723422041,0.0115,0.218786716929938,0.016
"ENSG00000185155.11",75,0.0299181296771577,0.656,0.932631170414269,0.649
"ENSG00000185591.9",35,0.0418243493917968,0.784,0.942545677460899,0.7765
"ENSG00000185651.14",64,0.0355471627774314,0.4705,0.834446853075116,0.468
"ENSG00000185787.14",506,0.0092287319281186,0.8925,0.994400360951977,0.887
"ENSG00000185825.15",42,0.0572684684146292,0.1015,0.355513613736101,0.0935
"ENSG00000185885.15",172,0.0251585359817202,0.1525,0.659365909345022,0.156
"ENSG00000185920.15",46,0.0399757373765618,0.579,0.8754757680029,0.611
"ENSG00000186010.18",46,0.049327945100734,0.2015,0.550667341967189,0.219
"ENSG00000186468.12",482,0.0111554782069474,0.576,0.983302750293569,0.593
"ENSG00000187109.13",501,0.0116580882458516,0.4325,0.959848922684841,0.432
"ENSG00000187240.13",67,0.0470852551759493,0.0545,0.325102547116403,0.0615
"ENSG00000187446.11",384,0.0137732260622869,0.401,0.936352634644851,0.397
"ENSG00000187514.14",512,0.0187459382481085,0.0065,0.26229709556481,0.0045
"ENSG00000187555.14",42,0.0393463097466462,0.6985,0.926610711016032,0.7095
"ENSG00000187607.15",387,0.0153484004140658,0.19,0.823433582906449,0.2175
"ENSG00000188229.5",37,0.0496597315150788,0.3725,0.712889481709055,0.394
"ENSG00000188529.14",73,0.032616955290798,0.509,0.864012944197451,0.5325
"ENSG00000188612.11",283,0.0180757911165874,0.226,0.807274075382633,0.243
"ENSG00000188846.13",418,0.0217209648348381,0.003,0.193379816619522,0.0065
"ENSG00000188994.12",53,0.0524094703055054,0.0685,0.329414877512874,0.0725
"ENSG00000189043.9",402,0.0125154196815438,0.553,0.97386416581005,0.56
"ENSG00000189079.15",89,0.0313293162394337,0.383,0.803560641813195,0.376
"ENSG00000189091.12",96,0.0362279093756623,0.1095,0.494669521956492,0.104
"ENSG00000189241.6",128,0.0257101242064726,0.379,0.837111422780173,0.372
"ENSG00000189403.14",490,0.00943064061090128,0.8875,0.994191540979733,0.8785
"ENSG00000196262.13",481,0.00914364702291551,0.9305,0.995342858086211,0.9295
"ENSG00000196305.17",239,0.0207844168581946,0.1685,0.718318773704071,0.1655
"ENSG00000196419.12",349,0.0129672991064018,0.6475,0.983863243523263,0.638
"ENSG00000196504.15",276,0.020109143207795,0.1195,0.654962456387912,0.103
"ENSG00000196531.10",418,0.01116793924958,0.7415,0.991177492312114,0.7385
"ENSG00000196591.11",78,0.0343126245699113,0.329,0.757142389541854,0.3565
"ENSG00000196628.13",120,0.028954475695513,0.2315,0.709551080136819,0.213
"ENSG00000196632.10",36,0.0403041118313389,0.7965,0.956293199117858,0.802
"ENSG00000196712.16",36,0.0472866646889414,0.5305,0.806394683747874,0.4805
"ENSG00000196792.11",48,0.0394219332953694,0.575,0.870085156221565,0.564
"ENSG00000196950.13",151,0.0168990888314528,0.9385,0.993324731272051,0.9475
"ENSG00000197061.4",316,0.0305109980869863,0,0.03912857725726,0
"ENSG00000197081.12",44,0.0710130379865567,0.0085,0.0788704573232787,0.0065
"ENSG00000197102.10",174,0.0256672609987054,0.1395,0.613590099143089,0.1255
"ENSG00000197111.15",223,0.0183771029845437,0.453,0.916338753708838,0.418
"ENSG00000197321.14",46,0.035577684275432,0.8085,0.962614834464726,0.805
"ENSG00000197386.10",40,0.0353863360396521,0.902,0.98588637628514,0.9035
"ENSG00000197461.13",63,0.0323585545788646,0.698,0.934295619214427,0.6825
"ENSG00000197594.11",58,0.0422352416133695,0.2275,0.639542319620527,0.2475
"ENSG00000197603.13",54,0.0348021047849624,0.7075,0.933806891375243,0.6975
"ENSG00000197756.9",390,0.0133010357204168,0.451,0.954019938791915,0.467
"ENSG00000197894.10",299,0.0150172066553106,0.5035,0.956570607356379,0.534
"ENSG00000197930.12",104,0.0352793498238549,0.091,0.475878328037849,0.089
"ENSG00000197958.12",427,0.014201470133023,0.2425,0.860520954981876,0.23
"ENSG00000197961.11",142,0.0197142620757409,0.783,0.985790756062232,0.7755
"ENSG00000198015.12",121,0.0201148796503209,0.884,0.991227743040405,0.885
"ENSG00000198034.10",445,0.0173497712552867,0.0405,0.50403982866892,0.034
"ENSG00000198146.4",47,0.0586411723998632,0.0525,0.243451937948801,0.046
"ENSG00000198160.14",53,0.0316253355462449,0.857,0.982691466975375,0.876
"ENSG00000198242.13",509,0.0133813157367003,0.1785,0.831817270271067,0.182
"ENSG00000198265.11",61,0.031265369094067,0.767,0.96219251653734,0.7865
"ENSG00000198300.12",38,0.0506940120847392,0.3195,0.656582093914603,0.325
"ENSG00000198408.13",118,0.0228355809317419,0.705,0.966076850920812,0.707
"ENSG00000198431.15",69,0.034557382009096,0.453,0.826365936807828,0.4565
"ENSG00000198492.14",43,0.0482756338130456,0.295,0.644757979374209,0.301
"ENSG00000198561.13",91,0.0361040768805272,0.1325,0.546335608257863,0.1325
"ENSG00000198586.13",291,0.0166392414740195,0.328,0.890125417691713,0.328
"ENSG00000198625.12",103,0.0248848059366045,0.672,0.957086825075172,0.6985
"ENSG00000198668.10",216,0.0152981357847844,0.8395,0.99115979418479,0.846
"ENSG00000198677.10",46,0.0434863867506503,0.424,0.768419992848699,0.4235
"ENSG00000198695.2",233,0.0212451036590574,0.15,0.702790340725725,0.163
"ENSG00000198700.9",87,0.0329279427142721,0.297,0.743508282980184,0.3145
"ENSG00000198712.1",531,0.00971234536895822,0.763,0.99206870484017,0.7645
"ENSG00000198727.2",531,0.0138656624497859,0.111,0.752488899513611,0.1125
"ENSG00000198755.10",300,0.0166121015844275,0.314,0.874949355492242,0.3065
"ENSG00000198763.3",531,0.00968851519733867,0.7835,0.992148286593999,0.763
"ENSG00000198786.2",531,0.00903609299086021,0.873,0.994327075075145,0.869
"ENSG00000198791.11",139,0.0173269601467361,0.9605,0.993803530112799,0.962
"ENSG00000198799.11",38,0.0576921013208466,0.1325,0.419200208176146,0.146
"ENSG00000198804.2",531,0.0103035892910595,0.6205,0.990094223539212,0.636
"ENSG00000198830.10",413,0.01684729393474,0.0695,0.624810082745707,0.073
"ENSG00000198856.12",239,0.021179748101414,0.116,0.686763464096667,0.134
"ENSG00000198886.2",531,0.0115555394378173,0.374,0.951266616863751,0.3855
"ENSG00000198888.2",531,0.00922638921644365,0.844,0.993691573677139,0.84
"ENSG00000198898.12",49,0.0468037861499806,0.251,0.596129516264868,0.2195
"ENSG00000198899.2",531,0.00872637419916613,0.9155,0.995361392621416,0.919
"ENSG00000198918.7",151,0.0312957043118185,0.0405,0.374394590503659,0.0485
"ENSG00000198938.2",531,0.00900305470979017,0.894,0.994437407656589,0.9035
"ENSG00000203396.3",238,0.0212093580601539,0.1265,0.687888117899778,0.1425
"ENSG00000203875.10",73,0.0273198067665307,0.842,0.982017877266664,0.8525
"ENSG00000204262.11",41,0.0725673613800254,0.0095,0.0847632304001794,0.0095
"ENSG00000204628.11",515,0.0114817188600584,0.4405,0.960602079610581,0.444
"ENSG00000205060.10",40,0.0373119362087877,0.8385,0.968983819728357,0.842
"ENSG00000205302.6",47,0.0354508949403852,0.8005,0.960051447478756,0.7885
"ENSG00000205542.10",364,0.0174489263391233,0.11,0.670251573870073,0.087
"ENSG00000210082.2",531,0.00865950980607563,0.925,0.995584688775375,0.921
"ENSG00000211459.2",531,0.00929470877025818,0.8445,0.993463417959247,0.835
"ENSG00000212907.2",472,0.0110484238723118,0.621,0.987662674289774,0.6215
"ENSG00000213186.7",223,0.0191337660757144,0.3645,0.877783215336357,0.3445
"ENSG00000213463.4",46,0.0404386993224785,0.5755,0.862159817096623,0.5605
"ENSG00000213585.10",85,0.0339802522394363,0.271,0.710305587221595,0.2575
"ENSG00000213614.9",35,0.0346139526530081,0.982,0.991872798376747,0.9675
"ENSG00000213639.9",449,0.0214235442364669,5e-04,0.173603131826351,0.001
"ENSG00000213741.8",148,0.0184935212000846,0.8535,0.990828744641124,0.8485
"ENSG00000213853.9",83,0.0242205527359504,0.9125,0.990865248568419,0.9185
"ENSG00000214078.12",42,0.0328115046605762,0.9545,0.991070457252625,0.9565
"ENSG00000215301.9",252,0.0149819025433752,0.705,0.986581819464426,0.7355
"ENSG00000215866.7",61,0.0392360625733458,0.342,0.725386828423094,0.3375
"ENSG00000217128.11",36,0.0627768352572081,0.084,0.317393710838412,0.0835
"ENSG00000220842.6",246,0.0218019077923047,0.088,0.60970863313925,0.087
"ENSG00000221983.7",127,0.0241264400005113,0.5105,0.910515205561484,0.502
"ENSG00000223367.6",361,0.0194122301115099,0.0345,0.481744478379668,0.036
"ENSG00000224078.12",294,0.0230873322066018,0.015,0.35083965010033,0.017
"ENSG00000225840.2",392,0.0377546958288487,0,0.000423441217013099,0
"ENSG00000226225.6",360,0.0195927754920904,0.0275,0.467506914760982,0.0405
"ENSG00000228253.1",206,0.013461650988692,0.9755,0.99530189277546,0.974
"ENSG00000229117.8",531,0.009044987980488,0.887,0.994297369922946,0.8825
"ENSG00000230989.6",362,0.0176080694903638,0.0985,0.658782426065836,0.078
"ENSG00000231500.6",360,0.0190169143795483,0.0355,0.522194621016126,0.0405
"ENSG00000233927.4",226,0.0178588876114892,0.4755,0.933088847790098,0.4835
"ENSG00000234741.7",186,0.0218333656043244,0.304,0.823489765090185,0.2965
"ENSG00000235650.6",361,0.0187860108717715,0.0475,0.542699601932511,0.0535
"ENSG00000239672.7",88,0.0273254901872648,0.662,0.945851641820662,0.68
"ENSG00000239900.11",49,0.0340719594725983,0.8175,0.969136231244008,0.8125
"ENSG00000240563.1",124,0.0339092886445901,0.045,0.395631213079933,0.054
"ENSG00000241186.7",76,0.0334238999823169,0.3905,0.812686076113754,0.41
"ENSG00000241343.9",182,0.029481874450017,0.024,0.328259945736576,0.022
"ENSG00000241553.12",38,0.0362352950985943,0.911,0.985770882332901,0.914
"ENSG00000241837.6",365,0.0123997569516809,0.694,0.989053263896451,0.6765
"ENSG00000242125.3",99,0.0306033592540271,0.31,0.766697405476239,0.3215
"ENSG00000242372.6",69,0.0316501474619541,0.652,0.91915560547831,0.616
"ENSG00000243678.11",217,0.027263489985441,0.0205,0.31922676513156,0.0185
"ENSG00000244038.9",58,0.0420863746618209,0.253,0.645872895072099,0.2575
"ENSG00000244687.11",65,0.0374776290732202,0.3405,0.75102384693037,0.365
"ENSG00000244754.8",52,0.0381438711345063,0.5435,0.866201487428599,0.5495
"ENSG00000244879.4",48,0.0366005317561488,0.735,0.936605350033821,0.7025
"ENSG00000245532.5",262,0.0235424960490961,0.034,0.412065072501944,0.0305
"ENSG00000247556.6",51,0.0369641234338288,0.6295,0.908581781044854,0.632
"ENSG00000248527.1",510,0.00975513012236206,0.7875,0.99256152849046,0.797
"ENSG00000249532.3",74,0.051177205043214,0.012,0.15678163790486,0.0155
"ENSG00000250337.5",50,0.0408789783647296,0.453,0.805715739397288,0.4565
"ENSG00000251562.7",506,0.0121678683431488,0.3325,0.931144698955369,0.335
"ENSG00000251637.6",133,0.023396689716577,0.5345,0.917385116625872,0.541
"ENSG00000253352.8",82,0.0265056996441779,0.807,0.97420777189126,0.801
"ENSG00000253729.7",310,0.0145237322186197,0.535,0.96346474996165,0.532
"ENSG00000254339.5",52,0.026844674190512,0.9845,0.994285788281372,0.985
"ENSG00000254772.9",489,0.00900251793336501,0.922,0.995585766090082,0.9245
"ENSG00000254999.3",44,0.0401033937419704,0.6245,0.894116491438225,0.6265
"ENSG00000255717.6",76,0.0338323762371161,0.377,0.79726277051879,0.38
"ENSG00000257923.9",81,0.0357618786204383,0.235,0.660124907392571,0.2365
"ENSG00000258890.6",53,0.0423982373419657,0.3415,0.706984723631553,0.3095
"ENSG00000260032.1",84,0.0214280990899555,0.9765,0.994627238551502,0.981
"ENSG00000261604.1",55,0.0614550400486948,0.0085,0.110415359276829,0.008
"ENSG00000265241.6",142,0.0205613711274505,0.717,0.973361079805878,0.7125
"ENSG00000265681.7",448,0.0133841719898626,0.294,0.902066154027374,0.2705
"ENSG00000265808.3",51,0.0462874728654189,0.2075,0.583171763243717,0.2005
"ENSG00000265992.1",111,0.0656756611999252,0,0.000891574029484365,0
"ENSG00000267534.2",45,0.0387539892935387,0.677,0.914839534166206,0.703
"ENSG00000269821.1",97,0.0258813113654576,0.6795,0.952116996509325,0.652
"ENSG00000270629.5",74,0.0290924786883603,0.7275,0.95466665602926,0.721
"ENSG00000272325.1",67,0.0563286907580539,0.005,0.105049788104941,0.0055
"ENSG00000272398.5",109,0.0508050585568519,5e-04,0.0383179425518908,0.001
"ENSG00000273673.2",343,0.0145641826544964,0.4065,0.934944858444076,0.4075
"ENSG00000274429.2",39,0.0639761432593176,0.0385,0.237131968776305,0.0455
"ENSG00000274474.3",433,0.0115874015974313,0.619,0.986108759528939,0.63
"ENSG00000276550.4",52,0.0351087359330817,0.7175,0.940474134331525,0.727
"ENSG00000277443.1",284,0.0207955267304592,0.062,0.568721182843638,0.0675
"ENSG00000280614.1",340,0.0143408071332627,0.4475,0.949569321979321,0.4735
"ENSG00000280800.1",340,0.0142979700040929,0.467,0.951058512991824,0.4605
"ENSG00000280831.2",178,0.0173800719591334,0.818,0.99005186865829,0.8125
"ENSG00000280858.2",211,0.0152818870329745,0.8485,0.991524435536442,0.858
"ENSG00000281013.2",45,0.0471174478567382,0.2975,0.652036181375283,0.2935
"ENSG00000281181.1",340,0.0143239094321974,0.466,0.950261483627388,0.4655
"ENSG00000281344.1",152,0.0313238141457542,0.0305,0.367803665842217,0.039
"ENSG00000283094.1",52,0.0369109820262684,0.6245,0.902612514984023,0.6065
