"dataset","matched_by","n_expressing","n_cells","in_gate","gate_n","pct_DIFS","pct_variance","pct_vst"
"Baron","symbol",569,8569,TRUE,1940,63.898916967509,9.13314586135224,93.0859518278518
"Darmanis","symbol",240,466,TRUE,2346,80,3.51424625300527,89.3498388664382
"Fletcher","symbol(case)",366,616,TRUE,2918,91.6352416866644,1.98424919706102,75.850235382111
"Koh","ensembl.version",126,531,TRUE,1156,21.3852813852814,4.86126204448308,80.7384868023859
"Lawlor","ensembl",199,638,TRUE,1652,47.183525136281,3.00612265381913,75.0025092843521
"Muraro","symbol--chr",155,2126,TRUE,1125,57.2064056939502,9.96288895232658,99.05795032829
"Pollen","symbol",175,367,TRUE,1569,5.22959183673469,3.09828373079643,81.9181076042939
"Romanov","symbol(case)",1155,2881,TRUE,2332,85.4139854139854,3.51983613626563,99.8275118585597
"Shekhar","symbol(case)",24821,44925,TRUE,3761,97.0212765957447,0.335276967930029,99.8590864917395
"Trapnell","ensembl.version",105,222,TRUE,775,40.6976744186046,4.51293506807136,67.6487457361065
"Usoskin","symbol(case)",58,852,TRUE,1695,83.1759149940968,8.24778761061947,14.3893805309735
"YanF","symbol",0,124,FALSE,0,NA,84.5775268093043,97.5755063979692
"Zhengmix4eq","ensembl",644,3994,TRUE,1935,46.3805584281282,4.16019869605713,65.6705991927973
"Zhengmix4uneq","ensembl",949,6497,TRUE,1959,40.1430030643514,4.46175121915714,68.0253293543926
"Zhengmix8eq","ensembl",840,3994,TRUE,2134,42.6160337552743,3.28461538461538,43.2076923076923
