"data.name","fmethod","clust","time_median","time_min","time_max","time_runs","cells","genes","maxrss_GB","mem_tasks"
"Trapnell","DIFS","Refined Louvain",0.890608333333333,0.860033333333333,1.20463333333333,8,222,33128,NA,0
"Trapnell","Seurat","Refined Louvain",0.150741666666667,0.145866666666667,0.203,8,222,33128,NA,0
"Trapnell","FEAST","Refined Louvain",0.1673,0.159133333333333,0.237066666666667,8,222,33128,NA,0
"Trapnell","Variance","Refined Louvain",0.144141666666667,0.136883333333333,0.288616666666667,8,222,33128,NA,0
"Trapnell","GateOnly","Refined Louvain",0.139258333333333,0.1274,0.19755,8,222,33128,NA,0
"Kumar","DIFS","Refined Louvain",0.899466666666667,0.887933333333333,1.06191666666667,8,246,44508,1.929833984375,8
"Kumar","Seurat","Refined Louvain",0.229,0.1934,0.369216666666667,8,246,44508,0.000146484375,8
"Kumar","FEAST","Refined Louvain",0.223366666666667,0.18725,0.377433333333333,8,246,44508,0.000107421875,8
"Kumar","Variance","Refined Louvain",0.188866666666667,0.166066666666667,0.211633333333333,8,246,44508,0.00015625,8
"Kumar","GateOnly","Refined Louvain",0.164575,0.156966666666667,0.196033333333333,8,246,44508,0.000107421875,8
"Darmanis","DIFS","Refined Louvain",2.34731666666667,2.30825,2.61443333333333,8,466,19550,2.43865234375,8
"Darmanis","Seurat","Refined Louvain",0.148641666666667,0.1447,0.2892,8,466,19550,9.765625e-05,8
"Darmanis","FEAST","Refined Louvain",0.231566666666667,0.213966666666667,0.304516666666667,8,466,19550,0.0001416015625,8
"Darmanis","Variance","Refined Louvain",0.152683333333333,0.141233333333333,0.2178,8,466,19550,0.000126953125,8
"Darmanis","GateOnly","Refined Louvain",0.139116666666667,0.134766666666667,0.191383333333333,8,466,19550,0.000185546875,8
"SimKumar4hard","DIFS","Refined Louvain",1.9629,1.94088333333333,2.31615,8,499,42534,NA,0
"SimKumar4hard","Seurat","Refined Louvain",0.283,0.26005,0.327483333333333,8,499,42534,NA,0
"SimKumar4hard","FEAST","Refined Louvain",0.300708333333333,0.290766666666667,0.306933333333333,8,499,42534,NA,0
"SimKumar4hard","Variance","Refined Louvain",0.2425,0.234566666666667,0.28865,8,499,42534,NA,0
"SimKumar4hard","GateOnly","Refined Louvain",0.2232,0.210816666666667,0.391666666666667,8,499,42534,NA,0
"SimKumar4easy","DIFS","Refined Louvain",1.81101666666667,1.78286666666667,2.25063333333333,8,500,42517,NA,0
"SimKumar4easy","Seurat","Refined Louvain",0.263416666666667,0.2467,0.2726,8,500,42517,NA,0
"SimKumar4easy","FEAST","Refined Louvain",0.29335,0.28825,0.36955,8,500,42517,NA,0
"SimKumar4easy","Variance","Refined Louvain",0.235391666666667,0.226766666666667,0.2459,8,500,42517,NA,0
"SimKumar4easy","GateOnly","Refined Louvain",0.217716666666667,0.21105,0.275616666666667,8,500,42517,NA,0
"Koh","DIFS","Refined Louvain",2.35705,2.26396666666667,2.79226666666667,8,531,41410,4.308642578125,8
"Koh","Seurat","Refined Louvain",0.245308333333333,0.2324,0.268733333333333,8,531,41410,8.7890625e-05,8
"Koh","FEAST","Refined Louvain",0.32055,0.302433333333333,0.382266666666667,8,531,41410,0.0001806640625,8
"Koh","Variance","Refined Louvain",0.219466666666667,0.211366666666667,0.267766666666667,8,531,41410,8.7890625e-05,8
"Koh","GateOnly","Refined Louvain",0.21285,0.2019,0.232283333333333,8,531,41410,0.0001171875,8
"Fletcher","DIFS","Refined Louvain",3.803325,3.7767,4.38861666666667,8,616,22730,6.8328466796875,8
"Fletcher","Seurat","Refined Louvain",0.176716666666667,0.17045,0.23235,8,616,22730,9.27734375e-05,8
"Fletcher","FEAST","Refined Louvain",0.314041666666667,0.3049,0.464,8,616,22730,3.8628955078125,8
"Fletcher","Variance","Refined Louvain",0.17335,0.16895,0.221933333333333,8,616,22730,0.000107421875,8
"Fletcher","GateOnly","Refined Louvain",0.177616666666667,0.166233333333333,0.208233333333333,8,616,22730,0,8
"Lawlor","DIFS","Refined Louvain",3.80919166666667,3.71745,4.04651666666667,8,638,19927,8.78099609375,8
"Lawlor","Seurat","Refined Louvain",0.192975,0.1885,0.209766666666667,8,638,19927,0.0001220703125,8
"Lawlor","FEAST","Refined Louvain",0.302025,0.2865,0.451666666666667,8,638,19927,0.0001708984375,8
"Lawlor","Variance","Refined Louvain",0.198091666666667,0.19165,0.3701,8,638,19927,0.0001171875,8
"Lawlor","GateOnly","Refined Louvain",0.182916666666667,0.175016666666667,0.293983333333333,8,638,19927,6.8359375e-05,8
"Muraro","DIFS","Refined Louvain",6.73370833333333,5.10591666666667,7.59871666666667,8,2126,17718,5.8924951171875,8
"Muraro","Seurat","Refined Louvain",0.314991666666667,0.300433333333333,0.452216666666667,8,2126,17718,0.0001171875,8
"Muraro","FEAST","Refined Louvain",0.879666666666667,0.799716666666667,1.01931666666667,8,2126,17718,3.79720703125,8
"Muraro","Variance","Refined Louvain",0.446583333333333,0.299283333333333,0.495616666666667,8,2126,17718,0.0001171875,8
"Muraro","GateOnly","Refined Louvain",0.37015,0.2947,0.499133333333333,8,2126,17718,0.0001513671875,8
"Romanov","DIFS","Refined Louvain",11.8285416666667,11.6622666666667,15.33165,8,2881,18553,NA,0
"Romanov","Seurat","Refined Louvain",0.478316666666667,0.4461,0.543283333333333,8,2881,18553,NA,0
"Romanov","FEAST","Refined Louvain",1.06855833333333,1.04308333333333,1.13425,8,2881,18553,NA,0
"Romanov","Variance","Refined Louvain",0.534008333333333,0.478933333333333,0.65825,8,2881,18553,NA,0
"Romanov","GateOnly","Refined Louvain",0.533891666666667,0.494583333333333,0.655166666666667,8,2881,18553,NA,0
"Zhengmix4eq","DIFS","Refined Louvain",21.4884833333333,21.0677333333333,24.8987,8,3994,12885,NA,0
"Zhengmix8eq","DIFS","Refined Louvain",24.904725,23.6954,28.6951666666667,8,3994,13001,NA,0
"Zhengmix4eq","Seurat","Refined Louvain",0.651758333333333,0.581333333333333,0.901883333333333,8,3994,12885,NA,0
"Zhengmix8eq","Seurat","Refined Louvain",0.636891666666667,0.551366666666667,0.831383333333333,8,3994,13001,7.8125e-05,1
"Zhengmix4eq","FEAST","Refined Louvain",0.739033333333333,0.709,0.962316666666667,8,3994,12885,NA,0
"Zhengmix8eq","FEAST","Refined Louvain",0.775783333333333,0.7006,1.0307,8,3994,13001,2.704150390625,1
"Zhengmix4eq","Variance","Refined Louvain",0.704208333333333,0.655533333333333,0.957516666666667,8,3994,12885,NA,0
"Zhengmix8eq","Variance","Refined Louvain",0.670175,0.640233333333333,0.818566666666667,8,3994,13001,NA,0
"Zhengmix4eq","GateOnly","Refined Louvain",0.646666666666667,0.617583333333333,0.708033333333333,8,3994,12885,NA,0
"Zhengmix8eq","GateOnly","Refined Louvain",0.638,0.592833333333333,0.697516666666667,8,3994,13001,NA,0
"Baron","DIFS","Refined Louvain",58.5694666666667,54.9815666666667,77.1161833333333,8,8569,16359,17.489189453125,8
"Baron","Seurat","Refined Louvain",2.22254166666667,1.84971666666667,2.4354,8,8569,16359,7.5597119140625,8
"Baron","FEAST","Refined Louvain",2.487425,2.12621666666667,2.9172,8,8569,16359,6.5618701171875,8
"Baron","Variance","Refined Louvain",2.32070833333333,2.0337,2.41181666666667,8,8569,16359,9.252822265625,8
"Baron","GateOnly","Refined Louvain",2.44416666666667,1.99798333333333,2.95526666666667,8,8569,16359,8.1222216796875,8
"Trapnell","DIFS","SC3",1.41955,1.37956666666667,2.42771666666667,8,222,33128,NA,0
"Trapnell","Seurat","SC3",0.674591666666667,0.653633333333333,0.8603,8,222,33128,NA,0
"Trapnell","FEAST","SC3",0.689658333333333,0.668533333333333,0.817933333333333,8,222,33128,NA,0
"Trapnell","Variance","SC3",0.654416666666667,0.646416666666667,0.796566666666667,8,222,33128,NA,0
"Trapnell","GateOnly","SC3",0.660708333333333,0.646266666666667,0.685983333333333,8,222,33128,NA,0
"Kumar","DIFS","SC3",1.43944166666667,1.41341666666667,1.7385,8,246,44508,1.9797998046875,8
"Kumar","Seurat","SC3",0.730866666666667,0.719566666666667,0.753316666666667,8,246,44508,0.0002294921875,8
"Kumar","FEAST","SC3",0.718841666666667,0.707783333333333,0.7529,8,246,44508,0.0002392578125,8
"Kumar","Variance","SC3",0.755633333333333,0.695833333333333,1.11691666666667,8,246,44508,0.0002490234375,8
"Kumar","GateOnly","SC3",0.710875,0.683983333333333,1.1356,8,246,44508,0.00025390625,8
"Darmanis","DIFS","SC3",3.72134166666667,3.62695,3.93251666666667,8,466,19550,2.3752490234375,8
"Darmanis","Seurat","SC3",1.60199166666667,1.49143333333333,1.81408333333333,8,466,19550,0.000224609375,8
"Darmanis","FEAST","SC3",1.54531666666667,1.4709,1.98566666666667,8,466,19550,0.0001806640625,8
"Darmanis","Variance","SC3",1.501475,1.45111666666667,1.65948333333333,8,466,19550,0.000234375,8
"Darmanis","GateOnly","SC3",1.56688333333333,1.45951666666667,1.91,8,466,19550,0.000302734375,8
"SimKumar4hard","DIFS","SC3",3.3591,3.3143,3.53791666666667,8,499,42534,NA,0
"SimKumar4hard","Seurat","SC3",1.76275,1.67715,2.25205,8,499,42534,NA,0
"SimKumar4hard","FEAST","SC3",1.81451666666667,1.70756666666667,2.23118333333333,8,499,42534,NA,0
"SimKumar4hard","Variance","SC3",1.58690833333333,1.5387,2.58811666666667,8,499,42534,NA,0
"SimKumar4hard","GateOnly","SC3",1.65086666666667,1.60318333333333,1.73963333333333,8,499,42534,NA,0
"SimKumar4easy","DIFS","SC3",3.06320833333333,3.0259,4.04415,8,500,42517,NA,0
"SimKumar4easy","Seurat","SC3",1.74189166666667,1.58918333333333,1.99555,8,500,42517,NA,0
"SimKumar4easy","FEAST","SC3",1.5464,1.45601666666667,1.67311666666667,8,500,42517,NA,0
"SimKumar4easy","Variance","SC3",1.51016666666667,1.47126666666667,1.99313333333333,8,500,42517,NA,0
"SimKumar4easy","GateOnly","SC3",1.49994166666667,1.46735,1.7626,8,500,42517,NA,0
"Koh","DIFS","SC3",4.04270833333333,3.70246666666667,6.46708333333333,8,531,41410,4.6298681640625,8
"Koh","Seurat","SC3",1.78236666666667,1.72525,2.0942,8,531,41410,4.174130859375,8
"Koh","FEAST","SC3",1.81158333333333,1.71876666666667,2.06366666666667,8,531,41410,4.565771484375,8
"Koh","Variance","SC3",1.73539166666667,1.63126666666667,2.12758333333333,8,531,41410,4.449765625,8
"Koh","GateOnly","SC3",1.830625,1.70738333333333,2.28816666666667,8,531,41410,4.106552734375,8
"Fletcher","DIFS","SC3",6.241575,6.12056666666667,6.78016666666667,8,616,22730,8.3775537109375,8
"Fletcher","Seurat","SC3",2.82853333333333,2.60683333333333,3.15421666666667,8,616,22730,6.695498046875,8
"Fletcher","FEAST","SC3",2.832725,2.55986666666667,3.60848333333333,8,616,22730,8.708232421875,8
"Fletcher","Variance","SC3",2.7071,2.54305,2.92835,8,616,22730,7.08126953125,8
"Fletcher","GateOnly","SC3",2.9328,2.54733333333333,4.37735,8,616,22730,6.80109375,8
"Lawlor","DIFS","SC3",6.33128333333333,5.96728333333333,6.8424,8,638,19927,10.10353515625,8
"Lawlor","Seurat","SC3",2.99998333333333,2.70106666666667,3.08268333333333,8,638,19927,8.874326171875,8
"Lawlor","FEAST","SC3",2.66339166666667,2.33008333333333,2.88496666666667,8,638,19927,8.8417822265625,8
"Lawlor","Variance","SC3",2.738225,2.58116666666667,4.35345,8,638,19927,9.04037109375,8
"Lawlor","GateOnly","SC3",3.33398333333333,2.7328,3.53308333333333,8,638,19927,8.7980908203125,8
"Muraro","DIFS","SC3",8.50795833333333,7.537,10.7387166666667,8,2126,17718,6.0251953125,8
"Muraro","Seurat","SC3",3.37385,2.94641666666667,4.79871666666667,8,2126,17718,5.46712890625,8
"Muraro","FEAST","SC3",3.813875,3.21355,5.02466666666667,8,2126,17718,5.9646826171875,8
"Muraro","Variance","SC3",2.91074166666667,2.67296666666667,4.03726666666667,8,2126,17718,5.306572265625,8
"Muraro","GateOnly","SC3",3.19454166666667,2.84455,3.91633333333333,8,2126,17718,5.05671875,8
"Romanov","DIFS","SC3",17.0904833333333,16.4155833333333,20.60145,8,2881,18553,NA,0
"Romanov","Seurat","SC3",5.38881666666667,4.18675,6.80068333333333,8,2881,18553,NA,0
"Romanov","FEAST","SC3",6.13049166666667,5.59356666666667,10.4094333333333,8,2881,18553,NA,0
"Romanov","Variance","SC3",5.785325,4.99436666666667,6.72931666666667,8,2881,18553,NA,0
"Romanov","GateOnly","SC3",5.70334166666667,5.53523333333333,6.31968333333333,8,2881,18553,NA,0
"Zhengmix4eq","DIFS","SC3",32.8122083333333,29.10195,40.7740333333333,8,3994,12885,NA,0
"Zhengmix8eq","DIFS","SC3",38.5704,36.0696,51.4736833333333,8,3994,13001,NA,0
"Zhengmix4eq","Seurat","SC3",8.370075,7.04561666666667,12.6535666666667,8,3994,12885,NA,0
"Zhengmix8eq","Seurat","SC3",10.4391833333333,9.091,12.86015,7,3994,13001,7.3187109375,1
"Zhengmix4eq","FEAST","SC3",11.6938333333333,8.88578333333333,22.75195,8,3994,12885,NA,0
"Zhengmix8eq","FEAST","SC3",13.5782,11.2602666666667,21.9084833333333,8,3994,13001,NA,0
"Zhengmix4eq","Variance","SC3",12.6158416666667,11.1975666666667,16.68805,8,3994,12885,NA,0
"Zhengmix8eq","Variance","SC3",15.6779333333333,12.46545,16.9742833333333,8,3994,13001,NA,0
"Zhengmix4eq","GateOnly","SC3",12.5171,9.46535,13.0588666666667,8,3994,12885,NA,0
"Zhengmix8eq","GateOnly","SC3",15.120575,12.2391166666667,18.1283,8,3994,13001,NA,0
"Baron","DIFS","SC3",68.1581083333333,67.09885,84.8209,8,8569,16359,18.6233203125,8
"Baron","Seurat","SC3",24.6578,22.7206,39.4894166666667,8,8569,16359,14.4032666015625,8
"Baron","FEAST","SC3",25.3583916666667,22.1784833333333,28.5919166666667,8,8569,16359,16.8134130859375,8
"Baron","Variance","SC3",25.022775,22.5842833333333,40.1188333333333,8,8569,16359,15.8914990234375,8
"Baron","GateOnly","SC3",29.3705166666667,24.5600833333333,34.5491166666667,8,8569,16359,14.0173193359375,8
